356060330,ONLY官方旗舰店,540212091674,ONLY冬装新宽松一粒扣中长徽章翻领毛呢外套女T|11644S501,2267,849.50,872,//detail.m.tmall.com/item.htm?id=540212091674
356060330,ONLY官方旗舰店,538760207501,ONLY冬装新品含羊毛双排扣毛呢大衣女L|11636T502,1653,649.50,780,//detail.m.tmall.com/item.htm?id=538760207501
356060330,ONLY官方旗舰店,539969776886,聚ONLY冬装新品斗篷大口袋含羊毛毛呢外套女L|11636T511,4418,599.50,685,//detail.m.tmall.com/item.htm?id=539969776886
356060330,ONLY官方旗舰店,540213333931,ONLY冬装新品直身长款系带口袋含羊毛毛呢外套女T|11644S502,1763,749.50,672,//detail.m.tmall.com/item.htm?id=540213333931
356060330,ONLY官方旗舰店,539748837061,ONLY冬装新品含羊毛大翻领长款毛呢大衣女L|11636U515,2665,849.50,630,//detail.m.tmall.com/item.htm?id=539748837061
356060330,ONLY官方旗舰店,539847280212,ONLY冬装新品双排扣双层袖中长款含羊毛外套女|11636T510,2841,749.50,595,//detail.m.tmall.com/item.htm?id=539847280212
356060330,ONLY官方旗舰店,538322069400,聚ONLY冬装新品含羊毛handmade毛呢马甲女ES|11634S501,1560,499.50,568,//detail.m.tmall.com/item.htm?id=538322069400
356060330,ONLY官方旗舰店,540513291776,聚ONLY冬装新品羊毛拼接短外套女T|11634T501,1075,449.50,512,//detail.m.tmall.com/item.htm?id=540513291776
356060330,ONLY官方旗舰店,540329526131,ONLY冬装新品含羊毛双排扣修身长款毛呢外套女E|11636U511,2037,949.50,508,//detail.m.tmall.com/item.htm?id=540329526131
356060330,ONLY官方旗舰店,539968351436,ONLY冬装新品长款修身双排扣翻领毛呢外套女ES|11636U516,2200,749.50,461,//detail.m.tmall.com/item.htm?id=539968351436
397341302,森马官方旗舰店,537351763504,森马中长款毛呢外套 2016冬装新款女士连帽毛呢大衣夹棉外套韩版,4427,229.90,356,//detail.m.tmall.com/item.htm?id=537351763504
397341302,森马官方旗舰店,539595460127,森马毛呢外套 2016冬装新款 女士简约翻领宽松呢子大衣韩版潮,1771,249.90,173,//detail.m.tmall.com/item.htm?id=539595460127
397341302,森马官方旗舰店,538684475723,森马毛呢外套 2016冬装新款 女士简约西装领纯色中长款呢子大衣女,1290,299.50,123,//detail.m.tmall.com/item.htm?id=538684475723
397341302,森马官方旗舰店,537144990623,森马毛呢外套 2016冬装新款女士西装领简约纯色宽松中长款外套潮,736,229.90,112,//detail.m.tmall.com/item.htm?id=537144990623
397341302,森马官方旗舰店,537497904011,森马毛呢外套 2016冬装新款 女士韩版纯色宽松中长款落肩呢子大衣,1083,299.90,91,//detail.m.tmall.com/item.htm?id=537497904011
397341302,森马官方旗舰店,535539643481,森马毛呢外套 秋装 女士纯色翻领宽松茧型外套呢子大衣潮,855,249.90,67,//detail.m.tmall.com/item.htm?id=535539643481
397341302,森马官方旗舰店,538450909651,森马毛呢外套 2016冬装新款 女士韩版翻领加绒呢子大衣潮女,831,439.90,63,//detail.m.tmall.com/item.htm?id=538450909651
397341302,森马官方旗舰店,539180412269,森马毛呢外套2016冬装新款 女士韩版纯色双排扣中长款呢子大衣潮,467,319.90,57,//detail.m.tmall.com/item.htm?id=539180412269
397341302,森马官方旗舰店,521668318725,森马毛呢外套 冬季女装 女装纯色中长款呢子大衣女韩版潮休闲,2281,109.90,54,//detail.m.tmall.com/item.htm?id=521668318725
397341302,森马官方旗舰店,539560483079,森马毛呢外套 2016冬装新款 女士西装领长款绣花字母绣章呢子大衣,366,409.90,45,//detail.m.tmall.com/item.htm?id=539560483079
2785890209,lababite官方旗舰店,537741082895,拉夏贝尔拉贝缇2016冬装新款暗扣圈圈呢中长款呢大衣女60004860,2277,299.50,248,//detail.m.tmall.com/item.htm?id=537741082895
2785890209,lababite官方旗舰店,538981102924,拉夏贝尔拉贝缇2016冬装新款纯色西装领双排扣呢大衣女60004726,903,449.50,163,//detail.m.tmall.com/item.htm?id=538981102924
2785890209,lababite官方旗舰店,538596723301,拉夏贝尔拉贝缇2016冬装新款纯色西装领简约休闲呢大衣女60004712,571,449.50,128,//detail.m.tmall.com/item.htm?id=538596723301
2785890209,lababite官方旗舰店,538956316671,拉夏贝尔拉贝缇2016冬装新款纯色西装领一粒扣中长呢大衣60005024,390,299.00,124,//detail.m.tmall.com/item.htm?id=538956316671
2785890209,lababite官方旗舰店,538752556357,拉夏贝尔拉贝缇2016冬装新款格子西装领斜插口袋呢大衣女60004880,621,499.50,112,//detail.m.tmall.com/item.htm?id=538752556357
2785890209,lababite官方旗舰店,539114892222,拉夏贝尔拉贝缇2016冬装新款腰带不规则下摆格子呢大衣60004715,1001,599.00,105,//detail.m.tmall.com/item.htm?id=539114892222
2785890209,lababite官方旗舰店,539323492995,拉夏贝尔拉贝缇2016冬装新款纯色青果领绑带长款呢大衣女60004858,1143,649.00,91,//detail.m.tmall.com/item.htm?id=539323492995
2785890209,lababite官方旗舰店,542846722541,拉夏贝尔拉贝缇2016冬装新款大翻领系带收腰长款毛呢大衣60005351,90,749.00,73,//detail.m.tmall.com/item.htm?id=542846722541
2785890209,lababite官方旗舰店,527073040162,拉夏贝尔拉贝缇冬新款 优雅七分袖圆领单排扣大衣 女60003421,260,199.00,67,//detail.m.tmall.com/item.htm?id=527073040162
2785890209,lababite官方旗舰店,538947128454,拉夏贝尔拉贝缇2016冬装新款流苏青果领休闲呢大衣女60004859,267,499.50,61,//detail.m.tmall.com/item.htm?id=538947128454
2785890209,lababite官方旗舰店,539587555490,拉夏贝尔拉贝缇2016冬新款宽松西装领双排扣贴布呢大衣女60005275,201,399.00,58,//detail.m.tmall.com/item.htm?id=539587555490
2785890209,lababite官方旗舰店,539588014874,拉夏贝尔拉贝缇2016冬装新款西装领休闲毛线贴布呢大衣女60005277,143,379.00,55,//detail.m.tmall.com/item.htm?id=539588014874
2785890209,lababite官方旗舰店,540344889098,拉夏贝尔拉贝缇2016冬装新款含羊毛大翻领宽松毛呢大衣女60004711,740,499.00,51,//detail.m.tmall.com/item.htm?id=540344889098
2785890209,lababite官方旗舰店,542816860849,拉夏贝尔拉贝缇2016冬装新款西装领贴布休闲中长款呢大衣60005327,50,699.00,50,//detail.m.tmall.com/item.htm?id=542816860849
2785890209,lababite官方旗舰店,539589489247,拉夏贝尔拉贝缇2016冬装新款西装领双排扣后开叉呢大衣女60005276,252,349.00,42,//detail.m.tmall.com/item.htm?id=539589489247
2785890209,lababite官方旗舰店,539109462305,拉夏贝尔拉贝缇2016冬装新款帅气男朋友风双排扣呢大衣女60004723,453,499.50,42,//detail.m.tmall.com/item.htm?id=539109462305
2785890209,lababite官方旗舰店,538920513190,拉夏贝尔拉贝缇2016冬装新款按扣贴布罗纹领休闲呢大衣60005002,162,269.00,38,//detail.m.tmall.com/item.htm?id=538920513190
2785890209,lababite官方旗舰店,538674346777,拉夏贝尔拉贝缇2016冬装新款纯色波浪门襟短款毛呢外套女60005044,364,249.50,31,//detail.m.tmall.com/item.htm?id=538674346777
2785890209,lababite官方旗舰店,539383670701,拉夏贝尔拉贝缇2016冬装新款复古大翻领双排扣呢大衣女60004879,465,499.50,29,//detail.m.tmall.com/item.htm?id=539383670701
2785890209,lababite官方旗舰店,542198648597,拉夏贝尔拉贝缇2016冬装新款纯色圆领宽松中长款呢大衣60005321,31,299.00,29,//detail.m.tmall.com/item.htm?id=542198648597
2785890209,lababite官方旗舰店,539322714977,拉夏贝尔拉贝缇2016冬装新款青果领毛球别针宽松呢大衣女60004796,43,845.00,29,//detail.m.tmall.com/item.htm?id=539322714977
2785890209,lababite官方旗舰店,526966822617,拉夏贝尔拉贝缇2016新款时尚纯色宽松中长款大衣女60004107,217,199.00,28,//detail.m.tmall.com/item.htm?id=526966822617
2785890209,lababite官方旗舰店,538751192937,拉夏贝尔拉贝缇2016冬装新款甜美娃娃领短款毛呢外套女60005045,69,249.50,26,//detail.m.tmall.com/item.htm?id=538751192937
2785890209,lababite官方旗舰店,526966662936,拉夏贝尔拉贝缇2016新款宽松中长款半开领大衣外套女60004106,189,199.00,26,//detail.m.tmall.com/item.htm?id=526966662936
2146742267,拉夏贝尔官方旗舰,539322751566,拉夏贝尔2016冬新款简约呢大衣中长款西装领外套女10010500,10923,399.50,1426,//detail.m.tmall.com/item.htm?id=539322751566
2146742267,拉夏贝尔官方旗舰,538158974142,拉夏贝尔2016冬新款 纯色长袖西装领外套双面毛呢大衣女10010503,6073,499.50,838,//detail.m.tmall.com/item.htm?id=538158974142
2146742267,拉夏贝尔官方旗舰,539322007789,拉夏贝尔2016冬季新款 纯色宽松西装领长袖呢大衣外套女10011202,3844,299.50,601,//detail.m.tmall.com/item.htm?id=539322007789
2146742267,拉夏贝尔官方旗舰,539147781890,拉夏贝尔2016冬季新款纯色宽松双面呢大衣长袖外套女10011206,4632,649.50,405,//detail.m.tmall.com/item.htm?id=539147781890
2146742267,拉夏贝尔官方旗舰,538981450341,拉夏贝尔拉贝缇2016冬装新款翻领暗扣圈圈呢中长款呢大衣60004860,3997,299.50,353,//detail.m.tmall.com/item.htm?id=538981450341
2146742267,拉夏贝尔官方旗舰,539026967238,Candie's2016冬新款简约中长款呢大衣翻领长袖毛呢外套女30064033,1856,449.50,307,//detail.m.tmall.com/item.htm?id=539026967238
2146742267,拉夏贝尔官方旗舰,541900396322,拉夏贝尔2016冬新款 胸针纯色中长款西装领毛呢大衣女10010560,568,499.50,245,//detail.m.tmall.com/item.htm?id=541900396322
2146742267,拉夏贝尔官方旗舰,539320847499,拉夏贝尔2016冬季新款 纯色中长款外套双面呢毛呢大衣女10010501,3140,649.50,241,//detail.m.tmall.com/item.htm?id=539320847499
2146742267,拉夏贝尔官方旗舰,538260064841,拉夏贝尔2016冬装新款韩版宽松中长款外套纯色毛呢大衣女10010502,418,299.50,225,//detail.m.tmall.com/item.htm?id=538260064841
2146742267,拉夏贝尔官方旗舰,539368283805,拉夏贝尔2016冬季新款 纯色连帽长袖中长款毛呢外套女10010557,371,649.50,192,//detail.m.tmall.com/item.htm?id=539368283805
2146742267,拉夏贝尔官方旗舰,541920077490,拉夏贝尔2016冬季新款纯色字母绣花外套西装领毛呢大衣女10011203,225,599.50,187,//detail.m.tmall.com/item.htm?id=541920077490
2146742267,拉夏贝尔官方旗舰,541924549032,拉夏贝尔2016冬季新款 纯色七分袖口袋中长款毛呢大衣女10011510,460,649.50,175,//detail.m.tmall.com/item.htm?id=541924549032
2146742267,拉夏贝尔官方旗舰,539337973359,Candie's2016冬新款纯色小A型连帽大口袋毛呢大衣外套女30064028,2236,499.50,163,//detail.m.tmall.com/item.htm?id=539337973359
2146742267,拉夏贝尔官方旗舰,539336125116,拉夏贝尔2016冬新款 纯色连帽毛领中长款毛呢大衣外套女10010507,2738,799.50,161,//detail.m.tmall.com/item.htm?id=539336125116
2146742267,拉夏贝尔官方旗舰,539105882126,拉夏贝尔2016冬新款纯色双面呢大衣中长款西装腰带外套女10011589,1046,699.50,154,//detail.m.tmall.com/item.htm?id=539105882126
2146742267,拉夏贝尔官方旗舰,539022807025,拉夏贝尔2016冬季新款 宽松双面呢大衣纯色中长款外套女10010505,1093,849.50,154,//detail.m.tmall.com/item.htm?id=539022807025
2146742267,拉夏贝尔官方旗舰,541915449570,拉夏贝尔2016冬季新款 减龄贴布绣外套 中长款毛呢大衣女10010509,162,599.50,143,//detail.m.tmall.com/item.htm?id=541915449570
2146742267,拉夏贝尔官方旗舰,543435429911,拉夏贝尔2016冬季新款 纯色大翻领长袖中长款毛呢外套女10011588,202,599.50,138,//detail.m.tmall.com/item.htm?id=543435429911
2146742267,拉夏贝尔官方旗舰,542701214822,拉夏贝尔拉贝缇2016冬装新款纯色西装领一粒扣中长呢大衣60005024,340,299.00,137,//detail.m.tmall.com/item.htm?id=542701214822
2146742267,拉夏贝尔官方旗舰,539367887083,拉夏贝尔2016冬季新款宽松西装领呢大衣中长款毛呢外套女10011900,1835,349.50,136,//detail.m.tmall.com/item.htm?id=539367887083
2146742267,拉夏贝尔官方旗舰,539370934291,拉夏贝尔2016冬季新款 纯色中长款毛呢大衣外套女10011118,2061,599.00,135,//detail.m.tmall.com/item.htm?id=539370934291
2146742267,拉夏贝尔官方旗舰,541940463768,拉夏贝尔2016冬季新款 印花西装领中长款外套毛呢大衣女10011527,255,499.50,133,//detail.m.tmall.com/item.htm?id=541940463768
2146742267,拉夏贝尔官方旗舰,539338862681,拉夏贝尔2016冬季新款 双面呢大衣狐狸毛口袋毛呢外套女10011505,1327,849.50,133,//detail.m.tmall.com/item.htm?id=539338862681
2146742267,拉夏贝尔官方旗舰,542642532421,拉夏贝尔2016冬季新款 OL风西装领宽松中长款毛呢大衣女10011515,322,399.50,130,//detail.m.tmall.com/item.htm?id=542642532421
2382603663,7modifier官方旗舰店,539103665620,拉夏贝尔 7m莫丽菲尔2016冬新款双排扣长款毛呢大衣女72000039,1734,499.90,529,//detail.m.tmall.com/item.htm?id=539103665620
2382603663,7modifier官方旗舰店,539090925159,拉夏贝尔 7m莫丽菲尔2016冬新款西装领毛呢大衣外套女70006985,1547,399.90,202,//detail.m.tmall.com/item.htm?id=539090925159
2382603663,7modifier官方旗舰店,538955448008,拉夏贝尔 7m莫丽菲尔2016冬新款连帽中长款毛呢大衣女厚70006476,899,349.90,151,//detail.m.tmall.com/item.htm?id=538955448008
2382603663,7modifier官方旗舰店,539022080792,拉夏贝尔 7m莫丽菲尔2016冬新款韩版罗纹拼接毛呢大衣女72000030,656,329.90,147,//detail.m.tmall.com/item.htm?id=539022080792
2382603663,7modifier官方旗舰店,542476691962,拉夏贝尔 7m莫丽菲尔2016冬新款双排扣长款加厚呢大衣女70007542,288,499.90,144,//detail.m.tmall.com/item.htm?id=542476691962
2382603663,7modifier官方旗舰店,539338471982,拉夏贝尔 7m莫丽菲尔2016冬新款格子西装领毛呢大衣女70006553,334,399.90,127,//detail.m.tmall.com/item.htm?id=539338471982
2382603663,7modifier官方旗舰店,540630731235,拉夏贝尔7m莫丽菲尔2016冬新款大翻领中长款宽松呢大衣女70006627,1271,349.90,119,//detail.m.tmall.com/item.htm?id=540630731235
2382603663,7modifier官方旗舰店,540629718229,拉夏贝尔7m莫丽菲尔2016冬新款直筒显瘦中长款毛呢大衣女70006626,776,399.90,116,//detail.m.tmall.com/item.htm?id=540629718229
2382603663,7modifier官方旗舰店,542271044122,拉夏贝尔 7m莫丽菲尔2016冬新款立领中长款毛呢大衣女70006651,290,399.90,115,//detail.m.tmall.com/item.htm?id=542271044122
2382603663,7modifier官方旗舰店,542566937411,拉夏贝尔 7m莫丽菲尔2016冬新款喇叭袖中长款毛呢大衣女70007257,224,399.90,101,//detail.m.tmall.com/item.htm?id=542566937411
2382603663,7modifier官方旗舰店,538860715668,拉夏贝尔 7m莫丽菲尔2016冬新款一粒扣中长款毛呢大衣女70006475,576,349.90,99,//detail.m.tmall.com/item.htm?id=538860715668
2382603663,7modifier官方旗舰店,537926657987,拉夏贝尔 7m莫丽菲尔2016冬新款韩版腰带中长款外套毛呢大衣女,531,249.90,83,//detail.m.tmall.com/item.htm?id=537926657987
2382603663,7modifier官方旗舰店,544020301294,拉夏贝尔 7m莫丽菲尔2016冬新款拼接加厚呢大衣外套女70007280,84,499.90,77,//detail.m.tmall.com/item.htm?id=544020301294
2382603663,7modifier官方旗舰店,538012648498,拉夏贝尔 7m莫丽菲尔2016冬新款印花中长款毛呢大衣女70006549,153,249.90,66,//detail.m.tmall.com/item.htm?id=538012648498
2382603663,7modifier官方旗舰店,542606898126,拉夏贝尔 7m莫丽菲尔2016冬新款修身中长款毛呢大衣女70006992,149,499.90,64,//detail.m.tmall.com/item.htm?id=542606898126
2382603663,7modifier官方旗舰店,539338585276,拉夏贝尔7m莫丽菲尔2016冬新款暗扣中长款毛呢大衣外套女70006638,805,349.90,62,//detail.m.tmall.com/item.htm?id=539338585276
2382603663,7modifier官方旗舰店,543356546297,拉夏贝尔 7m莫丽菲尔2016冬新款格子中长款毛呢大衣女70006996,109,499.90,61,//detail.m.tmall.com/item.htm?id=543356546297
2382603663,7modifier官方旗舰店,540001419048,拉夏贝尔 7m莫丽菲尔2016冬新款九分袖呢大衣两件套女70006648,122,399.90,57,//detail.m.tmall.com/item.htm?id=540001419048
2382603663,7modifier官方旗舰店,542264212345,拉夏贝尔 7m莫丽菲尔2016冬新款印花连帽中长款呢大衣女70006676,111,499.90,50,//detail.m.tmall.com/item.htm?id=542264212345
2382603663,7modifier官方旗舰店,542576022078,拉夏贝尔 7m莫丽菲尔2016冬新款西装领长款毛呢大衣女70006548,95,399.90,51,//detail.m.tmall.com/item.htm?id=542576022078
2382603663,7modifier官方旗舰店,539972231155,拉夏贝尔 7m莫丽菲尔2016冬新款中长款高端双面呢大衣女70006967,542,649.90,46,//detail.m.tmall.com/item.htm?id=539972231155
2382603663,7modifier官方旗舰店,539380228847,拉夏贝尔 7m莫丽菲尔2016冬新款七分灯笼袖中长款毛呢大衣女加厚,68,249.90,45,//detail.m.tmall.com/item.htm?id=539380228847
2382603663,7modifier官方旗舰店,539142192526,拉夏贝尔 7m莫丽菲尔2016冬新款西装领中长款毛呢大衣女70006077,226,649.90,44,//detail.m.tmall.com/item.htm?id=539142192526
2382603663,7modifier官方旗舰店,543520877356,拉夏贝尔 7m莫丽菲尔2016冬新款双排扣中长款毛呢大衣女70007791,46,799.00,40,//detail.m.tmall.com/item.htm?id=543520877356
2785769724,puella官方旗舰店,539555603486,拉夏贝尔puella普埃拉2016冬新品休闲H型西装呢大衣女20008953,2933,199.00,783,//detail.m.tmall.com/item.htm?id=539555603486
2785769724,puella官方旗舰店,539042568300,拉夏贝尔puella普埃拉2016冬新品休闲纯色中长款呢大衣女20008941,775,349.50,438,//detail.m.tmall.com/item.htm?id=539042568300
2785769724,puella官方旗舰店,539006205383,拉夏贝尔puella普埃拉2016冬休闲修身纯色毛呢大衣20008478,1713,399.50,297,//detail.m.tmall.com/item.htm?id=539006205383
2785769724,puella官方旗舰店,538961970686,拉夏贝尔puella2016冬新品休闲连帽纯色毛呢大衣女20008951,751,359.00,205,//detail.m.tmall.com/item.htm?id=538961970686
2785769724,puella官方旗舰店,539340090433,拉夏贝尔puella普埃拉2016冬新品西装领保暖格子毛呢大衣女,410,449.50,200,//detail.m.tmall.com/item.htm?id=539340090433
2785769724,puella官方旗舰店,538882806328,拉夏贝尔puella2016冬新品休闲纯色双面毛呢大衣女20008124,2683,499.50,180,//detail.m.tmall.com/item.htm?id=538882806328
2785769724,puella官方旗舰店,539046612568,拉夏贝尔puella普埃拉2016冬新品休闲纯色毛呢大衣女20008190,1012,299.50,135,//detail.m.tmall.com/item.htm?id=539046612568
2785769724,puella官方旗舰店,539338309750,拉夏贝尔puella普埃拉2016冬新品休闲纯色双面毛呢大衣女20008189,768,499.50,104,//detail.m.tmall.com/item.htm?id=539338309750
2785769724,puella官方旗舰店,538171042487,拉夏贝尔puella普埃拉2016冬季新品休闲宽松长袖呢大衣女20008476,940,249.50,98,//detail.m.tmall.com/item.htm?id=538171042487
2785769724,puella官方旗舰店,543480573511,拉夏贝尔puella普埃拉2016冬新茧型宽松中长款毛呢大衣女20008944,106,449.50,96,//detail.m.tmall.com/item.htm?id=543480573511
2785769724,puella官方旗舰店,538210781785,拉夏贝尔puella普埃拉2016冬季新品休闲直筒毛呢大衣女20008483,195,299.50,82,//detail.m.tmall.com/item.htm?id=538210781785
2785769724,puella官方旗舰店,538879875832,拉夏贝尔puella2016冬新品休闲宽松纯色呢大衣女20008125,428,299.50,80,//detail.m.tmall.com/item.htm?id=538879875832
2785769724,puella官方旗舰店,539374408157,拉夏贝尔puella普埃拉2016冬新品休闲修身印花毛呢大衣女20008649,149,499.50,78,//detail.m.tmall.com/item.htm?id=539374408157
2785769724,puella官方旗舰店,539338008209,拉夏贝尔puella普埃拉2016冬新品优雅茧型夹棉呢大衣女20008486,346,399.50,71,//detail.m.tmall.com/item.htm?id=539338008209
2785769724,puella官方旗舰店,539555539112,拉夏贝尔puella普埃拉2016冬新品休闲直筒舒适毛呢大衣女20008952,601,339.00,68,//detail.m.tmall.com/item.htm?id=539555539112
2785769724,puella官方旗舰店,539042196458,拉夏贝尔puella普埃拉2016冬新品休闲茧型纯色毛呢大衣女20008491,447,549.50,61,//detail.m.tmall.com/item.htm?id=539042196458
2785769724,puella官方旗舰店,539557045339,拉夏贝尔puella普埃拉2016冬新品休闲纯色西装毛呢大衣女20008954,425,359.00,56,//detail.m.tmall.com/item.htm?id=539557045339
2785769724,puella官方旗舰店,543476350580,拉夏贝尔puella普埃拉2016冬新品直筒毛球连帽毛呢大衣女20009106,61,449.50,54,//detail.m.tmall.com/item.htm?id=543476350580
2785769724,puella官方旗舰店,539366090897,拉夏贝尔puella普埃拉2016冬新品休闲直筒背心呢大衣女20008763,113,284.50,48,//detail.m.tmall.com/item.htm?id=539366090897
2785769724,puella官方旗舰店,543471977559,拉夏贝尔puella普埃拉2016冬新纯色中长款双面毛呢大衣女20008945,58,599.50,47,//detail.m.tmall.com/item.htm?id=543471977559
2785769724,puella官方旗舰店,542906214084,拉夏贝尔puella普埃拉2016冬新品纯色针织麂皮绒吊带套装裙女,51,184.50,40,//detail.m.tmall.com/item.htm?id=542906214084
2785769724,puella官方旗舰店,541961121604,拉夏贝尔puella普埃拉2016冬新品宽松格子翻领毛呢大衣女20008959,78,399.50,41,//detail.m.tmall.com/item.htm?id=541961121604
2785769724,puella官方旗舰店,543481733621,拉夏贝尔puella普埃拉2016冬新品宽松茧型中长款呢大衣女20009133,44,349.50,39,//detail.m.tmall.com/item.htm?id=543481733621
2785769724,puella官方旗舰店,542622910075,拉夏贝尔puella普埃拉2016冬新品茧型驼色大翻领中长款毛呢大衣女,42,449.50,34,//detail.m.tmall.com/item.htm?id=542622910075
