2785769724,puella官方旗舰店,539369017918,拉夏贝尔puella普埃拉2016冬新品直筒黑色羽绒背心外套女20008562,237,299.50,115,//detail.m.tmall.com/item.htm?id=539369017918
2785769724,puella官方旗舰店,539045220593,拉夏贝尔puella2016冬新品真毛加厚可爱球球连帽羽绒服女20008898,1355,599.00,111,//detail.m.tmall.com/item.htm?id=539045220593
2785769724,puella官方旗舰店,539368759016,拉夏贝尔puella普埃拉2016冬新品休闲中长款纯色羽绒服女20008641,540,649.50,107,//detail.m.tmall.com/item.htm?id=539368759016
2785769724,puella官方旗舰店,539390657423,拉夏贝尔puella普埃拉2016冬新品加厚趣味纯色羽绒服女20008758,835,499.50,93,//detail.m.tmall.com/item.htm?id=539390657423
2785769724,puella官方旗舰店,538857695233,拉夏贝尔puella普埃拉2016冬季新品休闲宽松短款羽绒服女20008516,150,299.50,87,//detail.m.tmall.com/item.htm?id=538857695233
2785769724,puella官方旗舰店,539368417619,拉夏贝尔puella普埃拉2016冬新品直筒连帽加厚长袖羽绒服20008939,224,849.50,85,//detail.m.tmall.com/item.htm?id=539368417619
2785769724,puella官方旗舰店,538841251555,拉夏贝尔puella普埃拉2016冬新品休闲纯色轻薄羽绒服女20008298,812,299.50,84,//detail.m.tmall.com/item.htm?id=538841251555
2382603663,7modifier官方旗舰店,539979803952,拉夏贝尔 7m莫丽菲尔2016冬新款立领保暖羽绒服女短款70006466,2179,299.90,582,//detail.m.tmall.com/item.htm?id=539979803952
2382603663,7modifier官方旗舰店,538985273914,拉夏贝尔 7m莫丽菲尔2016冬新款毛领加厚长款羽绒服女70006057,3247,749.90,444,//detail.m.tmall.com/item.htm?id=538985273914
2382603663,7modifier官方旗舰店,540010317357,拉夏贝尔 7m莫丽菲尔2016冬新款连帽毛领中长款羽绒服女70006615,760,399.90,279,//detail.m.tmall.com/item.htm?id=540010317357
2382603663,7modifier官方旗舰店,538942050277,拉夏贝尔 7m莫丽菲尔2016冬新款罗纹拼接短款羽绒服女70007103,1386,249.90,211,//detail.m.tmall.com/item.htm?id=538942050277
2382603663,7modifier官方旗舰店,539980125329,拉夏贝尔 7m莫丽菲尔2016冬新款韩版连帽长袖羽绒服女70007091,1719,399.90,208,//detail.m.tmall.com/item.htm?id=539980125329
2382603663,7modifier官方旗舰店,539011548823,拉夏贝尔 7m莫丽菲尔2016冬新款贴布毛领加厚羽绒服女72000016,837,499.90,204,//detail.m.tmall.com/item.htm?id=539011548823
2382603663,7modifier官方旗舰店,539985237453,拉夏贝尔 7m莫丽菲尔2016冬新款修身毛领短款羽绒服女70006051,1208,299.90,192,//detail.m.tmall.com/item.htm?id=539985237453
2382603663,7modifier官方旗舰店,540629899253,拉夏贝尔 7m莫丽菲尔2016冬新款修身短款连帽羽绒服女70006049,1345,199.90,182,//detail.m.tmall.com/item.htm?id=540629899253
2382603663,7modifier官方旗舰店,539855589226,拉夏贝尔 7m莫丽菲尔2016冬新款加厚立领连帽中长款马甲棉服女,518,299.90,183,//detail.m.tmall.com/item.htm?id=539855589226
2382603663,7modifier官方旗舰店,540626005762,拉夏贝尔 7m莫丽菲尔2016冬新款t贴标连帽毛领羽绒服女70007333,333,649.90,180,//detail.m.tmall.com/item.htm?id=540626005762
2382603663,7modifier官方旗舰店,539147604173,拉夏贝尔7m莫丽菲尔2016冬新款连帽翻毛领中长款羽绒服女72000017,535,599.90,175,//detail.m.tmall.com/item.htm?id=539147604173
2382603663,7modifier官方旗舰店,540012534310,拉夏贝尔 7m莫丽菲尔2016冬新款休闲毛领中长款羽绒服女70006056,639,649.90,170,//detail.m.tmall.com/item.htm?id=540012534310
2382603663,7modifier官方旗舰店,542291983281,拉夏贝尔 7m莫丽菲尔2016冬新款连帽毛领长款羽绒服女70007156,487,1189.90,163,//detail.m.tmall.com/item.htm?id=542291983281
2382603663,7modifier官方旗舰店,539338801443,拉夏贝尔 7m莫丽菲尔2016冬新款印花连帽中长款羽绒服女70006046,1062,649.90,152,//detail.m.tmall.com/item.htm?id=539338801443
2382603663,7modifier官方旗舰店,540666686674,拉夏贝尔 7m莫丽菲尔2016冬新款拉链连帽中长款羽绒服女70006618,704,499.90,148,//detail.m.tmall.com/item.htm?id=540666686674
2382603663,7modifier官方旗舰店,542260416248,拉夏贝尔 7m莫丽菲尔2016冬新款休闲加厚中长款羽绒服女70007232,394,649.90,141,//detail.m.tmall.com/item.htm?id=542260416248
2382603663,7modifier官方旗舰店,539334649879,拉夏贝尔 7m莫丽菲尔2016冬新款连帽加厚中长款羽绒服女70006593,339,499.90,124,//detail.m.tmall.com/item.htm?id=539334649879
2382603663,7modifier官方旗舰店,542325910346,拉夏贝尔 7m莫丽菲尔2016冬新款贴标大毛领短款羽绒服女70007642,185,499.90,121,//detail.m.tmall.com/item.htm?id=542325910346
2382603663,7modifier官方旗舰店,542284611715,拉夏贝尔 7m莫丽菲尔2016冬新款韩版加厚中长款羽绒服女70006053,383,499.90,116,//detail.m.tmall.com/item.htm?id=542284611715
2382603663,7modifier官方旗舰店,542277577057,拉夏贝尔 7m莫丽菲尔2016冬新款加厚大毛领长款羽绒服女70007279,304,849.90,106,//detail.m.tmall.com/item.htm?id=542277577057
2382603663,7modifier官方旗舰店,540837791627,拉夏贝尔 7m莫丽菲尔2016冬新款立领加厚短款羽绒服女70006598,580,299.90,101,//detail.m.tmall.com/item.htm?id=540837791627
2382603663,7modifier官方旗舰店,542549452138,拉夏贝尔 7m莫丽菲尔2016冬新款绣花加厚棉服棒球服女70007585,180,349.90,96,//detail.m.tmall.com/item.htm?id=542549452138
2382603663,7modifier官方旗舰店,542254828598,拉夏贝尔 7m莫丽菲尔2016冬新款休闲加厚中长款羽绒服女70006467,395,849.90,90,//detail.m.tmall.com/item.htm?id=542254828598
2382603663,7modifier官方旗舰店,539048970031,拉夏贝尔 7m莫丽菲尔2016冬新款拼接皮毛一体棉服外套女70006969,819,399.90,85,//detail.m.tmall.com/item.htm?id=539048970031
