158748311,波司登官方旗舰店,539008912913,波司登2016新品连帽气质保暖纯色直筒长款女时尚羽绒服B1601198,7860,949.00,2215,//detail.m.tmall.com/item.htm?id=539008912913
158748311,波司登官方旗舰店,538814125168,波司登2016新款迪士尼系列韩版纯色加厚羽绒服女长款时尚B1601156,11612,854.00,1985,//detail.m.tmall.com/item.htm?id=538814125168
158748311,波司登官方旗舰店,538978585669,波司登2016新款大毛领长款羽绒服女加厚长过膝修身冬装B1601330,8575,1234.00,1654,//detail.m.tmall.com/item.htm?id=538978585669
158748311,波司登官方旗舰店,538854167165,波司登2016新款韩版宽松羽绒服女中长款加厚连帽时尚冬装B1601154,6689,854.00,1442,//detail.m.tmall.com/item.htm?id=538854167165
158748311,波司登官方旗舰店,539006608665,波司登2016新款时尚中长款女士简约连帽休闲保暖羽绒服B1601174N,2745,759.00,649,//detail.m.tmall.com/item.htm?id=539006608665
158748311,波司登官方旗舰店,538989760343,波司登2016新款连帽时尚加厚保暖冬季女装中长款羽绒服B1601332,3335,854.00,519,//detail.m.tmall.com/item.htm?id=538989760343
158748311,波司登官方旗舰店,539328046379,波司登2016新款中长款时尚休闲连帽宽松百搭甜美羽绒服B1601128N,1912,769.00,504,//detail.m.tmall.com/item.htm?id=539328046379
158748311,波司登官方旗舰店,538919978924,波司登2016新款大毛领羽绒服女中长款加厚修身韩版冬装B1601304,3608,999.00,432,//detail.m.tmall.com/item.htm?id=538919978924
158748311,波司登官方旗舰店,538909490023,波司登16新品瑞丽时尚气质宽松保暖女士外套中长款羽绒服B1601236,2477,949.00,354,//detail.m.tmall.com/item.htm?id=538909490023
158748311,波司登官方旗舰店,538592536471,波司登2016新品时尚气质连帽保暖韩版羽绒服 女 羽绒衣B1601518,2269,759.00,340,//detail.m.tmall.com/item.htm?id=538592536471
397341302,森马官方旗舰店,537346587682,森马中长款羽绒服2016冬装新款女士连帽字母绣章保暖直筒外套潮,7453,229.90,2328,//detail.m.tmall.com/item.htm?id=537346587682
397341302,森马官方旗舰店,537458577259,森马羽绒服2016冬装新款女士可拆卸帽防风保暖直筒短款外套韩版,16458,189.90,1958,//detail.m.tmall.com/item.htm?id=537458577259
397341302,森马官方旗舰店,537499244077,森马羽绒服女 2016冬装新款绣章可拆卸帽防风保暖棒球服短外套,26741,199.90,1883,//detail.m.tmall.com/item.htm?id=537499244077
397341302,森马官方旗舰店,537137358104,森马羽绒服 2016冬装新款女韩纯色可拆卸帽防风保暖直筒短款外套,16709,189.90,1590,//detail.m.tmall.com/item.htm?id=537137358104
397341302,森马官方旗舰店,537461321376,森马羽绒服2016冬装新款 女士民族风可拆卸帽防风保暖直筒外套潮,11225,209.90,1499,//detail.m.tmall.com/item.htm?id=537461321376
397341302,森马官方旗舰店,537467229945,森马中长款羽绒服 2016冬装新款女士简约可拆卸帽纯色羽绒服外套,7255,189.90,1336,//detail.m.tmall.com/item.htm?id=537467229945
397341302,森马官方旗舰店,537506904316,森马中长款羽绒服2016冬装新款 女士连帽绣章防风保暖宽松外套潮,8026,249.90,1109,//detail.m.tmall.com/item.htm?id=537506904316
397341302,森马官方旗舰店,539050904747,森马中长款羽绒服 2016冬装新款女士可拆卸帽防风保暖直筒外套潮,9718,209.90,1094,//detail.m.tmall.com/item.htm?id=539050904747
397341302,森马官方旗舰店,537499540497,森马羽绒服 2016冬装新款女士简约连帽字母绣章防风保暖直筒外套,5598,199.90,986,//detail.m.tmall.com/item.htm?id=537499540497
397341302,森马官方旗舰店,538452545668,森马轻薄羽绒服2016冬装新款女士保暖连帽纯色长款羽绒服外套韩,11322,229.90,932,//detail.m.tmall.com/item.htm?id=538452545668
356060330,ONLY官方旗舰店,539339335367,ONLY冬装新品白鸭绒青果领彩花短款羽绒服女E|116323506,7305,399.50,1068,//detail.m.tmall.com/item.htm?id=539339335367
356060330,ONLY官方旗舰店,540338366362,ONLY冬装新品白鸭绒中长款宽松羽绒服女E|116312540,1649,649.50,865,//detail.m.tmall.com/item.htm?id=540338366362
356060330,ONLY官方旗舰店,540328665686,ONLY冬装新品针织围脖长款过膝修身两件套羽绒服女L|116312521,2811,849.50,860,//detail.m.tmall.com/item.htm?id=540328665686
356060330,ONLY官方旗舰店,540507689590,ONLY冬装新品白鸭绒连帽修身创意口袋羽绒马甲女|116352502,3151,349.50,857,//detail.m.tmall.com/item.htm?id=540507689590
356060330,ONLY官方旗舰店,540498799874,ONLY冬装新品西装领两粒扣袖子可拆卸羽绒服女E|116312507,1684,649.50,720,//detail.m.tmall.com/item.htm?id=540498799874
356060330,ONLY官方旗舰店,540769900191,ONLY冬装新品白鸭绒宽松长款过膝连帽字母羽绒服女T|116312535,2442,1599.00,675,//detail.m.tmall.com/item.htm?id=540769900191
356060330,ONLY官方旗舰店,539323816061,ONLY冬装新品白鸭绒双排暗扣无领羽绒服女ES|116323503,1672,349.50,622,//detail.m.tmall.com/item.htm?id=539323816061
356060330,ONLY官方旗舰店,539166805536,ONLY冬装新品轻薄修身连帽中长款羽绒服女E|116312502,2934,499.50,611,//detail.m.tmall.com/item.htm?id=539166805536
356060330,ONLY官方旗舰店,540337570573,ONLY冬装新品白鸭绒立领宽松中长款羽绒服女E|116312506,1974,1299.00,540,//detail.m.tmall.com/item.htm?id=540337570573
356060330,ONLY官方旗舰店,537824522534,ONLY冬装新品轻薄宽松长款过膝连帽白鸭绒羽绒服女E|116312509,3773,849.50,499,//detail.m.tmall.com/item.htm?id=537824522534
2146742267,拉夏贝尔官方旗舰,542248695633,拉夏贝尔2016冬季新款 通勤贴布绣连帽中长款羽绒服女10011595,656,499.50,613,//detail.m.tmall.com/item.htm?id=542248695633
2146742267,拉夏贝尔官方旗舰,539337522691,拉夏贝尔2016冬季新款纯色白鸭绒中长款连帽拉链羽绒服女10011316,10084,399.50,574,//detail.m.tmall.com/item.htm?id=539337522691
2146742267,拉夏贝尔官方旗舰,538582335834,拉夏贝尔2016冬新款纯色修身短款连帽轻薄白鸭绒羽绒服女10010517,13085,199.50,551,//detail.m.tmall.com/item.htm?id=538582335834
2146742267,拉夏贝尔官方旗舰,539336149703,拉夏贝尔2016冬季新款 欧美中长款收腰连帽毛领棉服女10010523,5372,649.50,447,//detail.m.tmall.com/item.htm?id=539336149703
2146742267,拉夏贝尔官方旗舰,541928447707,拉夏贝尔2016冬季新款 白鸭绒中长款连帽毛领羽绒服女10010515,1974,895.50,440,//detail.m.tmall.com/item.htm?id=541928447707
2146742267,拉夏贝尔官方旗舰,538934046600,拉夏贝尔2016冬季新款 BF风韩版宽松中长款连帽羽绒服女10010527,6566,399.50,413,//detail.m.tmall.com/item.htm?id=538934046600
2146742267,拉夏贝尔官方旗舰,539345100320,拉夏贝尔2016冬新款 纯色显瘦连帽中长款黑色羽绒服1T000018,1168,499.00,403,//detail.m.tmall.com/item.htm?id=539345100320
2146742267,拉夏贝尔官方旗舰,539339063384,拉夏贝尔2016冬季新款 立领纯色单排扣长款羽绒服女10011600,5589,399.50,313,//detail.m.tmall.com/item.htm?id=539339063384
2146742267,拉夏贝尔官方旗舰,541916881433,拉夏贝尔2016冬季新款 纯色连帽毛领收腰中长款羽绒服女10010518,570,1019.40,286,//detail.m.tmall.com/item.htm?id=541916881433
2146742267,拉夏贝尔官方旗舰,538896019801,拉夏贝尔2016冬新款纯色简约连帽短款长袖羽绒服女10010520,910,349.50,265,//detail.m.tmall.com/item.htm?id=538896019801
2146742267,拉夏贝尔官方旗舰,542866154073,拉夏贝尔2016冬新款 加厚白鸭绒收腰中长款连帽羽绒服女10011952,283,499.50,259,//detail.m.tmall.com/item.htm?id=542866154073
2146742267,拉夏贝尔官方旗舰,542229709854,拉夏贝尔2016冬季新款 韩版加厚连帽貉子毛领羽绒服女10011315,428,895.50,244,//detail.m.tmall.com/item.htm?id=542229709854
2146742267,拉夏贝尔官方旗舰,539384303450,拉夏贝尔2016冬季新款 纯色长款白鸭绒单排扣羽绒服女10011869,3969,399.50,230,//detail.m.tmall.com/item.htm?id=539384303450
2146742267,拉夏贝尔官方旗舰,542270117723,拉夏贝尔2016冬季新款 韩版纯色通勤连帽中长款羽绒服女10011955,238,849.50,214,//detail.m.tmall.com/item.htm?id=542270117723
2146742267,拉夏贝尔官方旗舰,541856401854,Candie's2016冬季新款 学院风可拆卸连帽中长款羽绒服女30064424,274,549.50,191,//detail.m.tmall.com/item.htm?id=541856401854
2146742267,拉夏贝尔官方旗舰,539347010842,Candie's2016冬新款 韩版拉链衫立领长袖短款棉服女30064020,998,199.50,178,//detail.m.tmall.com/item.htm?id=539347010842
2146742267,拉夏贝尔官方旗舰,539149753838,Candie's2016冬季新款 纯色加厚中长款拉链立领羽绒服女30064002,3035,349.50,176,//detail.m.tmall.com/item.htm?id=539149753838
2146742267,拉夏贝尔官方旗舰,540243394975,Candie's2016冬季新款纯色H型宽松显瘦连帽毛领羽绒服女30064005,483,499.50,175,//detail.m.tmall.com/item.htm?id=540243394975
2146742267,拉夏贝尔官方旗舰,538716669479,拉夏贝尔2016冬季新款 纯色长袖立领白鸭绒口袋羽绒服女10011309,1989,249.50,173,//detail.m.tmall.com/item.htm?id=538716669479
2146742267,拉夏贝尔官方旗舰,539369785298,拉夏贝尔2016冬季新款 连帽大毛领中长款纯色羽绒服女10010528,4016,1019.40,172,//detail.m.tmall.com/item.htm?id=539369785298
2146742267,拉夏贝尔官方旗舰,540459390690,拉夏贝尔拉贝缇2016冬装新款时尚贴布绣棒球衫短款棉服60005055,192,299.00,153,//detail.m.tmall.com/item.htm?id=540459390690
2146742267,拉夏贝尔官方旗舰,539391254675,Candie's2016冬季新款 轻薄纯色立领白鸭绒短款羽绒服女30064362,451,199.50,138,//detail.m.tmall.com/item.htm?id=539391254675
2146742267,拉夏贝尔官方旗舰,540799040475,拉夏贝尔拉贝缇2016冬装新款茧型毛帽拉链斜插口袋羽绒服60004550,575,649.50,133,//detail.m.tmall.com/item.htm?id=540799040475
2146742267,拉夏贝尔官方旗舰,541819070123,Candie's2016冬季新款 纯色连帽毛领短款长袖羽绒服女30064022,322,549.50,132,//detail.m.tmall.com/item.htm?id=541819070123
2785890209,lababite官方旗舰店,538962298558,拉夏贝尔拉贝缇2016冬装新款简洁毛帽抽绳收腰羽绒服女60004560,1820,629.00,359,//detail.m.tmall.com/item.htm?id=538962298558
2785890209,lababite官方旗舰店,538312361662,拉夏贝尔拉贝缇2016冬装新款纯色短款连帽轻型羽绒服女60004697,718,223.00,321,//detail.m.tmall.com/item.htm?id=538312361662
2785890209,lababite官方旗舰店,538911777092,拉夏贝尔拉贝缇2016冬装新款时尚刺绣贴标棒球衫设计棉服60004991,1030,209.00,307,//detail.m.tmall.com/item.htm?id=538911777092
2785890209,lababite官方旗舰店,538917513098,拉夏贝尔拉贝缇2016冬装新款双层压胶轻薄中长款羽绒服女60004563,6882,449.00,303,//detail.m.tmall.com/item.htm?id=538917513098
2785890209,lababite官方旗舰店,539019525784,拉夏贝尔拉贝缇2016冬装新款直筒收腰长款连帽羽绒服女60004686,2634,629.00,297,//detail.m.tmall.com/item.htm?id=539019525784
2785890209,lababite官方旗舰店,539049574845,拉夏贝尔拉贝缇2016冬装新款面包型羽毛印花短款羽绒服女60005030,831,279.00,265,//detail.m.tmall.com/item.htm?id=539049574845
2785890209,lababite官方旗舰店,539009665287,拉夏贝尔拉贝缇2016冬装新款貉子毛领长款加厚羽绒服女60004687,1476,975.00,248,//detail.m.tmall.com/item.htm?id=539009665287
2785890209,lababite官方旗舰店,539045952183,拉夏贝尔拉贝缇2016冬装新款前后复式设计休闲羽绒服女60004691,718,549.50,244,//detail.m.tmall.com/item.htm?id=539045952183
2785890209,lababite官方旗舰店,539588813037,拉夏贝尔拉贝缇2016冬新款压光面料狐狸毛领轻薄羽绒服女60004555,730,649.50,224,//detail.m.tmall.com/item.htm?id=539588813037
2785890209,lababite官方旗舰店,539384673036,拉夏贝尔拉贝缇2016冬新款茧型毛帽拉链斜插口袋羽绒服女60004550,633,649.50,183,//detail.m.tmall.com/item.htm?id=539384673036
2785890209,lababite官方旗舰店,538893631689,拉夏贝尔拉贝缇2016冬装新款毛领休闲毛呢拼接羽绒服女60005029,474,509.00,126,//detail.m.tmall.com/item.htm?id=538893631689
2785890209,lababite官方旗舰店,538886663077,拉夏贝尔拉贝缇2016冬装新款可爱毛球宽松A字羽绒服女60004692,893,909.00,124,//detail.m.tmall.com/item.htm?id=538886663077
2785890209,lababite官方旗舰店,538895375835,拉夏贝尔拉贝缇2016冬装新款纯色贴布拉链棒球衫羽绒服女60004685,786,375.00,115,//detail.m.tmall.com/item.htm?id=538895375835
2785890209,lababite官方旗舰店,539031755616,拉夏贝尔拉贝缇2016冬装新款时尚贴布绣棒球衫短款棉服60005055,218,299.00,113,//detail.m.tmall.com/item.htm?id=539031755616
2785890209,lababite官方旗舰店,539385966658,拉夏贝尔拉贝缇2016冬装新款毛领双排扣中长款羽绒服女60004696,285,649.50,96,//detail.m.tmall.com/item.htm?id=539385966658
2785890209,lababite官方旗舰店,539028787803,拉夏贝尔拉贝缇2016冬装新款时尚字母印花收腰羽绒服女60004683,575,583.00,83,//detail.m.tmall.com/item.htm?id=539028787803
2785890209,lababite官方旗舰店,538893375334,拉夏贝尔拉贝缇2016冬装新款撞色百搭透气轻薄羽绒服女60005028,396,248.00,83,//detail.m.tmall.com/item.htm?id=538893375334
2785890209,lababite官方旗舰店,538962298012,拉夏贝尔拉贝缇2016冬装新款日韩暗纹印花长款羽绒服女60004556,406,583.00,74,//detail.m.tmall.com/item.htm?id=538962298012
2785890209,lababite官方旗舰店,539052000445,拉夏贝尔拉贝缇2016冬装新款字母街头中长款棒球衫棉服60004998,340,349.50,73,//detail.m.tmall.com/item.htm?id=539052000445
2785890209,lababite官方旗舰店,543851966138,拉夏贝尔拉贝缇2016冬装新款不对称短款毛领羽绒服女60004698,78,499.50,71,//detail.m.tmall.com/item.htm?id=543851966138
2785890209,lababite官方旗舰店,538961354837,拉夏贝尔拉贝缇2016冬装新款轻薄弹力绉面料收腰羽绒服女60004549,231,649.50,58,//detail.m.tmall.com/item.htm?id=538961354837
2785890209,lababite官方旗舰店,538954388855,拉夏贝尔拉贝缇2016冬装新款皱感轻薄纯色休闲羽绒服女60004990,196,369.00,57,//detail.m.tmall.com/item.htm?id=538954388855
2785890209,lababite官方旗舰店,542549912180,拉夏贝尔拉贝缇2016冬装新款狐狸毛领暗纹肌理料羽绒服女60004693,218,1189.00,57,//detail.m.tmall.com/item.htm?id=542549912180
2785890209,lababite官方旗舰店,539093913653,拉夏贝尔拉贝缇2016冬装新款棉料收腰脱卸内胆羽绒服女60005040,711,979.00,52,//detail.m.tmall.com/item.htm?id=539093913653
2785769724,puella官方旗舰店,539330558605,拉夏贝尔puella普埃拉2016冬新品连帽纯色加厚羽绒服女20008517,2621,649.50,476,//detail.m.tmall.com/item.htm?id=539330558605
2785769724,puella官方旗舰店,539042776336,拉夏贝尔puella2016冬新品休闲多色短款修身轻薄羽绒服女20008932,1719,199.00,416,//detail.m.tmall.com/item.htm?id=539042776336
2785769724,puella官方旗舰店,539040768869,拉夏贝尔puella2016冬季休闲加厚保暖拉链长款羽绒服女20008293,2030,849.50,373,//detail.m.tmall.com/item.htm?id=539040768869
2785769724,puella官方旗舰店,538966489928,拉夏贝尔puella2016冬新品休闲棒球服型短款羽绒女20008300,2525,249.50,343,//detail.m.tmall.com/item.htm?id=538966489928
2785769724,puella官方旗舰店,539369491107,拉夏贝尔puella普埃拉2016冬新品休闲连帽纯色羽绒服女20008974,1497,399.50,278,//detail.m.tmall.com/item.htm?id=539369491107
2785769724,puella官方旗舰店,539004980864,拉夏贝尔puella普埃拉2016冬季新品休闲连帽羽绒服女20008555,2319,499.50,263,//detail.m.tmall.com/item.htm?id=539004980864
2785769724,puella官方旗舰店,538966050155,拉夏贝尔puella普埃拉2016冬新品长袖棒球服羽绒服女20008292,1462,399.50,251,//detail.m.tmall.com/item.htm?id=538966050155
2785769724,puella官方旗舰店,539556122156,拉夏贝尔puella2016冬新品加厚纯色大毛领羽绒服女20008552,1127,649.50,245,//detail.m.tmall.com/item.htm?id=539556122156
2785769724,puella官方旗舰店,538964306674,拉夏贝尔puella普埃拉2016冬新品修身加厚减龄羽绒服女20008899,700,399.00,228,//detail.m.tmall.com/item.htm?id=538964306674
2785769724,puella官方旗舰店,539343907065,拉夏贝尔puella普埃拉2016冬季新品休闲短款连帽加厚羽绒服女,539,299.50,196,//detail.m.tmall.com/item.htm?id=539343907065
2785769724,puella官方旗舰店,542596040085,拉夏贝尔puella普埃拉2016冬新品直筒连帽加厚保暖短款羽绒服女,280,649.50,184,//detail.m.tmall.com/item.htm?id=542596040085
2785769724,puella官方旗舰店,539368315435,拉夏贝尔puella普埃拉2016冬新品休闲修身加厚连帽羽绒服20008906,224,749.50,172,//detail.m.tmall.com/item.htm?id=539368315435
2785769724,puella官方旗舰店,542015449533,拉夏贝尔puella普埃拉2016冬新加厚长款修身连帽羽绒服女20008973,530,849.50,167,//detail.m.tmall.com/item.htm?id=542015449533
2785769724,puella官方旗舰店,538968011023,拉夏贝尔puella普埃拉2016冬季新品休闲直筒无袖羽绒服女20008636,1886,249.50,163,//detail.m.tmall.com/item.htm?id=538968011023
2785769724,puella官方旗舰店,538960766473,拉夏贝尔puella普埃拉2016冬新品加厚保暖长款羽绒服女20008295,1888,749.50,142,//detail.m.tmall.com/item.htm?id=538960766473
2785769724,puella官方旗舰店,539556032781,拉夏贝尔puella普埃拉2016冬新品休闲纯色保暖羽绒服女20008938,474,499.50,139,//detail.m.tmall.com/item.htm?id=539556032781
2785769724,puella官方旗舰店,539369728483,拉夏贝尔puella普埃拉2016冬新品加厚蝴蝶结纯色羽绒服女20008933,634,849.50,135,//detail.m.tmall.com/item.htm?id=539369728483
2785769724,puella官方旗舰店,539369017918,拉夏贝尔puella普埃拉2016冬新品直筒黑色羽绒背心外套女20008562,237,299.50,115,//detail.m.tmall.com/item.htm?id=539369017918
2785769724,puella官方旗舰店,539045220593,拉夏贝尔puella2016冬新品真毛加厚可爱球球连帽羽绒服女20008898,1355,599.00,111,//detail.m.tmall.com/item.htm?id=539045220593
2785769724,puella官方旗舰店,539368759016,拉夏贝尔puella普埃拉2016冬新品休闲中长款纯色羽绒服女20008641,540,649.50,107,//detail.m.tmall.com/item.htm?id=539368759016
2785769724,puella官方旗舰店,539390657423,拉夏贝尔puella普埃拉2016冬新品加厚趣味纯色羽绒服女20008758,835,499.50,93,//detail.m.tmall.com/item.htm?id=539390657423
2785769724,puella官方旗舰店,538857695233,拉夏贝尔puella普埃拉2016冬季新品休闲宽松短款羽绒服女20008516,150,299.50,87,//detail.m.tmall.com/item.htm?id=538857695233
2785769724,puella官方旗舰店,539368417619,拉夏贝尔puella普埃拉2016冬新品直筒连帽加厚长袖羽绒服20008939,224,849.50,85,//detail.m.tmall.com/item.htm?id=539368417619
2785769724,puella官方旗舰店,538841251555,拉夏贝尔puella普埃拉2016冬新品休闲纯色轻薄羽绒服女20008298,812,299.50,84,//detail.m.tmall.com/item.htm?id=538841251555
2382603663,7modifier官方旗舰店,539979803952,拉夏贝尔 7m莫丽菲尔2016冬新款立领保暖羽绒服女短款70006466,2179,299.90,582,//detail.m.tmall.com/item.htm?id=539979803952
2382603663,7modifier官方旗舰店,538985273914,拉夏贝尔 7m莫丽菲尔2016冬新款毛领加厚长款羽绒服女70006057,3247,749.90,444,//detail.m.tmall.com/item.htm?id=538985273914
2382603663,7modifier官方旗舰店,540010317357,拉夏贝尔 7m莫丽菲尔2016冬新款连帽毛领中长款羽绒服女70006615,760,399.90,279,//detail.m.tmall.com/item.htm?id=540010317357
2382603663,7modifier官方旗舰店,538942050277,拉夏贝尔 7m莫丽菲尔2016冬新款罗纹拼接短款羽绒服女70007103,1386,249.90,211,//detail.m.tmall.com/item.htm?id=538942050277
2382603663,7modifier官方旗舰店,539980125329,拉夏贝尔 7m莫丽菲尔2016冬新款韩版连帽长袖羽绒服女70007091,1719,399.90,208,//detail.m.tmall.com/item.htm?id=539980125329
2382603663,7modifier官方旗舰店,539011548823,拉夏贝尔 7m莫丽菲尔2016冬新款贴布毛领加厚羽绒服女72000016,837,499.90,204,//detail.m.tmall.com/item.htm?id=539011548823
2382603663,7modifier官方旗舰店,539985237453,拉夏贝尔 7m莫丽菲尔2016冬新款修身毛领短款羽绒服女70006051,1208,299.90,192,//detail.m.tmall.com/item.htm?id=539985237453
2382603663,7modifier官方旗舰店,540629899253,拉夏贝尔 7m莫丽菲尔2016冬新款修身短款连帽羽绒服女70006049,1345,199.90,182,//detail.m.tmall.com/item.htm?id=540629899253
2382603663,7modifier官方旗舰店,539855589226,拉夏贝尔 7m莫丽菲尔2016冬新款加厚立领连帽中长款马甲棉服女,518,299.90,183,//detail.m.tmall.com/item.htm?id=539855589226
2382603663,7modifier官方旗舰店,540626005762,拉夏贝尔 7m莫丽菲尔2016冬新款t贴标连帽毛领羽绒服女70007333,333,649.90,180,//detail.m.tmall.com/item.htm?id=540626005762
2382603663,7modifier官方旗舰店,539147604173,拉夏贝尔7m莫丽菲尔2016冬新款连帽翻毛领中长款羽绒服女72000017,535,599.90,175,//detail.m.tmall.com/item.htm?id=539147604173
2382603663,7modifier官方旗舰店,540012534310,拉夏贝尔 7m莫丽菲尔2016冬新款休闲毛领中长款羽绒服女70006056,639,649.90,170,//detail.m.tmall.com/item.htm?id=540012534310
2382603663,7modifier官方旗舰店,542291983281,拉夏贝尔 7m莫丽菲尔2016冬新款连帽毛领长款羽绒服女70007156,487,1189.90,163,//detail.m.tmall.com/item.htm?id=542291983281
2382603663,7modifier官方旗舰店,539338801443,拉夏贝尔 7m莫丽菲尔2016冬新款印花连帽中长款羽绒服女70006046,1062,649.90,152,//detail.m.tmall.com/item.htm?id=539338801443
2382603663,7modifier官方旗舰店,540666686674,拉夏贝尔 7m莫丽菲尔2016冬新款拉链连帽中长款羽绒服女70006618,704,499.90,148,//detail.m.tmall.com/item.htm?id=540666686674
2382603663,7modifier官方旗舰店,542260416248,拉夏贝尔 7m莫丽菲尔2016冬新款休闲加厚中长款羽绒服女70007232,394,649.90,141,//detail.m.tmall.com/item.htm?id=542260416248
2382603663,7modifier官方旗舰店,539334649879,拉夏贝尔 7m莫丽菲尔2016冬新款连帽加厚中长款羽绒服女70006593,339,499.90,124,//detail.m.tmall.com/item.htm?id=539334649879
2382603663,7modifier官方旗舰店,542325910346,拉夏贝尔 7m莫丽菲尔2016冬新款贴标大毛领短款羽绒服女70007642,185,499.90,121,//detail.m.tmall.com/item.htm?id=542325910346
2382603663,7modifier官方旗舰店,542284611715,拉夏贝尔 7m莫丽菲尔2016冬新款韩版加厚中长款羽绒服女70006053,383,499.90,116,//detail.m.tmall.com/item.htm?id=542284611715
2382603663,7modifier官方旗舰店,542277577057,拉夏贝尔 7m莫丽菲尔2016冬新款加厚大毛领长款羽绒服女70007279,304,849.90,106,//detail.m.tmall.com/item.htm?id=542277577057
2382603663,7modifier官方旗舰店,540837791627,拉夏贝尔 7m莫丽菲尔2016冬新款立领加厚短款羽绒服女70006598,580,299.90,101,//detail.m.tmall.com/item.htm?id=540837791627
2382603663,7modifier官方旗舰店,542549452138,拉夏贝尔 7m莫丽菲尔2016冬新款绣花加厚棉服棒球服女70007585,180,349.90,96,//detail.m.tmall.com/item.htm?id=542549452138
2382603663,7modifier官方旗舰店,542254828598,拉夏贝尔 7m莫丽菲尔2016冬新款休闲加厚中长款羽绒服女70006467,395,849.90,90,//detail.m.tmall.com/item.htm?id=542254828598
2382603663,7modifier官方旗舰店,539048970031,拉夏贝尔 7m莫丽菲尔2016冬新款拼接皮毛一体棉服外套女70006969,819,399.90,85,//detail.m.tmall.com/item.htm?id=539048970031
