356060330,颜色分类:010黑色;尺码:165/84A/M,雯***娃,292895988205,大衣美美哒，宽松版显瘦，不管何种体型应该都可以驾驭，黑色配的红色，低调而活泼，设计感简单实用，俩个口袋大爱，放手机刚刚好。带个美丽的手机链正好垂兜外面，又美丽又可以感觉到。原价太贵了，双 11才是货真价实。,2016-11-22 09:56:25,3,0
356060330,颜色分类:010黑色;尺码:175/92A/XL,z***i,293131250274,衣服卖家推荐的号码有点大了，袖子长就卷起来了，衣服韩版么，就大着穿吧，长度挺好的，今年流行长的。颜色正，就是大衣很薄，不厚，有点对不起这个价格，沾毛，起球现在目前没发现。最痛恨的是物流，十四天才寄到，最后还是催了才稍稍快了点，客服态度还不错,2016-11-25 15:29:54,4,0
356060330,颜色分类:010黑色;尺码:155/76A/XS,s***3,296914749187,衣服还不错，很重，在南方冬天穿足够，我153穿xs很大，也很宽，款式不错，我加了一颗纽扣，腰身就收了一些，袖口很长，卷着穿！适合大个，气质型，今年流行也收一件放下了！虽然大，但是好评！,2016-12-24 09:49:25,3,0
356060330,颜色分类:010黑色;尺码:170/88A/L,m***2,294184361900,衣服质量不错，款式是我喜爱的，双十一买的真划算，本人刚生完宝宝，身材没恢复过来，但穿上去很时尚，不显胖，超赞?,2016-12-01 04:23:40,4,0
356060330,颜色分类:010黑色;尺码:175/92A/XL,程***1,293507849767,大衣收藏了，很久没有抢到最大码的，拍了xl的，大小也很合适，做工也很好，有一点线头，不影响，颜色搭配很漂亮，很流行的落肩袖款式，满意！,2016-11-26 00:28:16,3,0
356060330,颜色分类:010黑色;尺码:155/76A/XS,懒***e,294264571976,双十一没抢到，卖断货。居然又重新上架，看到立马购入，虽不及之前便宜，但喜欢就不管价钱了。很低调的一件大衣，要是面料厚点就完美了，会更有质感，更显档次。,2016-12-03 21:50:12,4,0
356060330,颜色分类:010黑色;尺码:160/80A/S,小***家,292972725813,非常满意哦！看上好久，抢到很开心！买的黑色，不沉重，很可爱！版型好，显瘦！167，115斤，买的160的，很合适！长度到膝盖！厚度也可以！很保暖！喜欢的不得了！,2016-11-24 14:23:26,0,0
356060330,颜色分类:010黑色;尺码:160/80A/S,a***m,292890315825,宝贝很美腻，穿上也很大气，心形图案会给一种调皮感，不会显得沉闷。里衬的条纹走线整齐，真心感觉非常棒,2016-11-23 14:56:25,2,0
356060330,颜色分类:078樱桃红;尺码:155/76A/XS,t***0,298250404467,衣服很好看，尺码真的超大的，我170，53一开始选的M165的，结果大了一大圈，然后回来买了XS155的，居然刚刚好，袖子也合适，身形也可以，完美,2017-01-06 20:09:30,4,0
356060330,颜色分类:010黑色;尺码:160/80A/S,z***u,292902991865,很好看啊 也很暖和 零下的下雪天穿也不冷 好评～,2016-11-24 10:42:40,3,1
356060330,颜色分类:010黑色;尺码:155/76A/XS,c***6,293286463780,衣服很漂亮  质量也好的很  一直很喜欢only的衣服  关于尺寸，推荐大家买小号  平时穿m这个xs正好的哦  很棒！！快递换一个会更好的哦(?-&omega;-`),2016-11-26 22:21:08,2,0
356060330,颜色分类:078樱桃红;尺码:165/84A/M,闪***帅,292683114920,看了好久赶上双11，便宜一半还用了代金券，很划算！颜色也很正，穿上妈妈说很好看！174CM，110斤M号很合适！就是物流太慢了！,2016-11-20 22:16:30,2,0
356060330,颜色分类:010黑色;尺码:165/84A/M,幼***丁,293091718444,比我想象的要厚???而且质量很好 衣服...好重????我买的165比较大&hellip;&hellip;但是 我就决定这么穿了 恩 棒！,2016-11-22 16:41:02,0,0
356060330,颜色分类:078樱桃红;尺码:160/80A/S,我***呀,292346277544,看了这款红大衣很久啦。喜欢上面的爱心，买来结婚穿的。还好双十一打折了。红色也不算很艳，很好看的红色，感觉平时也能穿。啦啦啦啦，衣服很宽松，小一码就很好。only的衣服很好看呀，但都好贵。,2016-11-19 14:21:51,4,0
356060330,颜色分类:010黑色;尺码:165/84A/M,王***5,293520221197,保暖性：衣服版型很好，穿着蛮好看，是我喜欢的范，只是料子很粘毛。。,2016-11-26 10:16:07,3,0
356060330,颜色分类:010黑色;尺码:165/84A/M,石***绪,294515576022,&ldquo;小心机设计&rdquo;真的很不错！超喜欢，除了有点粘毛不过还是可以接受的！推荐,2016-12-05 16:05:31,3,0
356060330,颜色分类:078樱桃红;尺码:170/88A/L,朝***6,294322889752,她家衣服一般大一个号，我特意买小一个号，没听客服推荐175的，买了170结果还是大，联系客服说下架了换不了，凑合穿吧，样式倒是很喜欢,2016-12-01 23:15:20,2,0
356060330,颜色分类:078樱桃红;尺码:170/88A/L,j***1,292384154733,确实是宽松款的，慵懒，衣服蛮可爱的，做工也很好，挺厚的，很有分量，颜色不是正红，比正红略深，有点枣红色，好看。,2016-11-18 18:57:11,4,0
356060330,颜色分类:010黑色;尺码:165/84A/M,泡***孟,293313259665,非常漂亮，很喜欢，老公也说很有气质，质量也很棒棒哒,2016-11-26 16:14:48,3,0
356060330,颜色分类:078樱桃红;尺码:170/88A/L,l***6,295164048552,根据客服推荐的号买了小一个号的，半个月收到。大了返回换。结果30号签收，当时问回答72小时发出。结果5号下午三点多了还没有信息。问了客服，客服还是回答还在入库检测。瞬间觉得没有必要等了。办理了退款。结果五点多发来信息衣服已经发出来了。真不知道一个系统是怎么运作的。物流，效率，和客服有点失望。本来质量很不错。一来二去搞得不是那么愉快了。,2016-12-10 10:22:45,3,0
356060330,颜色分类:010黑色;尺码:170/88A/L,喵***年,293224280244,很喜欢，料子还不错，款式也很不错，很休闲。总之棒棒哒！,2016-11-25 20:53:20,3,0
356060330,颜色分类:078樱桃红;尺码:155/76A/XS,梦***殇,295649180656,懒得写评论很久了，不过这次only家买的衣服都很满意，而且服务很美丽啊，必须点个赞,2016-12-16 14:49:44,4,0
356060330,颜色分类:010黑色;尺码:155/76A/XS,木***9,294708218070,喜欢，好看，今年非常流行的大大大款式，一直买你家的衣服，很满意,2016-12-05 18:02:42,0,0
356060330,颜色分类:010黑色;尺码:165/84A/M,索***2,292382665658,首先包装很仔细，衣服在纸盒子里保存相当完好，衣服质量自不用说相当不错，黑色很好看，就是我个子矮衣服有点偏长！,2016-11-17 18:18:25,3,0
356060330,颜色分类:010黑色;尺码:165/84A/M,a***3,291878062747,落肩款，大，但是显瘦，早就想买了，终于等到打折了！很喜欢！但是比想象的薄！,2016-11-15 22:15:17,4,0
356060330,颜色分类:010黑色;尺码:155/76A/XS,s***1,293522582604,实在喜欢，留下了,2016-11-26 10:35:25,3,0
356060330,颜色分类:078樱桃红;尺码:160/80A/S,m***9,292509389218,客服推荐买小一号是对的。我165.56，穿160的正合适，就是袖子能再长2厘米就好了。很好看的款式，颜色图案也棒,2016-11-18 21:47:15,3,0
356060330,颜色分类:010黑色;尺码:165/84A/M,饭***三,297509783870,很好，非常好，嗯非常满意！同学们看了都说好。,2016-12-31 00:13:12,0,0
356060330,颜色分类:078樱桃红;尺码:175/92A/XL,n***6,293408378350,正品！比专柜便宜好多。一波三折，还是值得的！,2016-11-25 21:06:47,3,0
356060330,颜色分类:010黑色;尺码:155/76A/XS,阿***7,293606049022,第一次买这么贵的外套，主要是真心喜欢衣服上出彩的桃心设计。158，110斤穿最小号还有一点点宽，倒是挺显瘦的，分量也足，保温效果也很好。但唯一的缺点是黑色吸毛严重且很明显好郁闷。,2016-11-27 21:10:11,2,4
356060330,颜色分类:010黑色;尺码:165/84A/M,黄***x,291800434063,同学说很好看  很满意 面料很滑 蛮舒服的,2016-11-15 18:18:51,0,0
356060330,颜色分类:010黑色;尺码:155/76A/XS,y***a,291854874069,only家的衣服穿了很多年了，这次买的感觉价位合适，包装质量都很不错，快递小哥也很给力，好评满意的一次购物,2016-11-14 18:02:09,0,0
356060330,颜色分类:010黑色;尺码:170/88A/L,琉***9,292648430931,质量也很好，包装也很好，发货超级快，赞。,2016-11-21 02:25:58,3,0
356060330,颜色分类:010黑色;尺码:165/84A/M,毒***爷,292247468343,很好看，而且也很厚实，快递员特别认真负责，态度特别好，感动,2016-11-18 21:09:27,3,0
356060330,颜色分类:010黑色;尺码:155/76A/XS,流***6,292934345650,比较薄，版型偏大，买的最小号。比较喜欢爱心的印花，比想象中要薄一点，可能最冷的冬天穿有点冷。长度在膝盖下面一点点，整体来说还是不错的，能更厚重一点就好了。,2016-11-21 14:23:28,3,2
356060330,颜色分类:010黑色;尺码:160/80A/S,糖***陌,292071907071,讲真，我本来打算退掉的。双十一买的一直没发货快急死我了，拖得越久就越后悔，在想退货的那天晚上发货了。。而且双十一过后也没有恢复原价，说好的五折根本就是个，，嗯，骗局？当然了这都是淘宝商家的套路，大家都没有按原价卖过东西，不过专柜价确实是1499。 衣服其实很薄，不是厚毛呢，北方的冬天穿这个就是找虐啊，本来这么贵买的是想过冬来着，这么薄又给了我一个买新衣服的理由。。衣服细节不错，质量也很好，含毛量50%，虽然薄，不过现在穿也完全OK。品牌衣服不能用值不值这个价来衡量，因为品牌本身就是无价的，所以也不存在买贵买的不值这种说法。 反正现在下架了，将近700入手的，不知道起不起球，粘毛到是挺厉害的。 以上,2016-11-18 10:55:23,2,3
356060330,颜色分类:010黑色;尺码:155/76A/XS,e***4,292255511797,都怪我没仔细看，模特177穿的165的款，然而我155依旧穿的155。。。所以，袖子不是一般的长啊，大衣长度已经到我小腿一半了-_-||。我属于微胖一类的，原来担心穿着会跟魁梧，幸好没有，穿着还挺合适，不会很显胖，充其量像一个穿着爸爸妈妈衣服的小孩子-_-||。料子摸着很舒服，我本来也没报太大期望，这个已经勉强算超出我的预料了。喜欢领子上的小红心。,2016-11-18 01:04:36,2,1
356060330,颜色分类:010黑色;尺码:160/80A/S,猫***x,296797337125,这衣服&hellip;&hellip;怪不得不好的评价那么多，料子确实很low，别说原价一千多，就算是打折七百多都不值，顶多四五百的样子&hellip;&hellip;我买的八百多的大衣都可以随便甩这个几条街，要不是因为急需一件黑色大衣，百分之三百要退货&hellip;&hellip;无奈算了吧，但是only出这种品质的衣服，真心蛮伤心的&hellip;&hellip;不敢再买only的衣服。只能买裤子了&hellip;&hellip;伤心,2016-12-26 00:44:34,0,0
356060330,颜色分类:010黑色;尺码:165/84A/M,私***猫,297277867254,和评价里其他人说的一样，这款版型很大，170/70买的m号依很大，但是也没办法再买小，袖子不够长，穿起来挺显瘦的，确实粘毛，只能自己常打理了，其他都还不错吧，700多如果不是这个牌子，个人感觉还是偏贵了点，就是买个牌吧。,2016-12-29 18:50:46,4,0
356060330,颜色分类:010黑色;尺码:175/92A/XL,熊***5,294013814024,衣服很喜欢，就是快递太烂了，电话都不来一个就放到另外一个小区外面的代收点，还要我自己看了物流签收了去问才给我送来，我是得罪了快递么&hellip;&hellip;附盒子图，物流暴力到了一种程度，五星也是给衣服的,2016-12-02 16:32:18,4,2
356060330,颜色分类:010黑色;尺码:155/76A/XS,h***r,297414664996,客观评价一下这件大衣。 还没有长时间的穿着  但是摸上去料子还可以。 有可能会起球。 但是大衣料子差不多都会有点。不算厚。但是穿羽绒服之前保暖够了。 是我喜欢的款式。,2016-12-31 09:39:36,0,0
356060330,颜色分类:010黑色;尺码:155/76A/XS,林***6,293058139792,衣服质量不错，淘宝难得买到一款满意的衣服。洗的时候会有些掉毛。本人身高163.体重108.穿xs.挺合身。,2016-11-24 08:55:57,0,2
356060330,颜色分类:078樱桃红;尺码:160/80A/S,d***4,293033792504,本来以为双十一价格特别优惠，没想到都是套路，过后价格也是一样，害得我双十一那天那么费劲的抢购。哎，162.105斤。买的S码感觉还是有点大，我穿着都到膝盖下一点点了，我只希望不要掉毛起球就好了，不然后悔惨,2016-11-22 15:40:10,3,0
356060330,颜色分类:010黑色;尺码:165/84A/M,快***9,293626162464,挺容易粘毛的，节后价格也没变，感觉没买便宜，店里也就这个价吧，双十一赶工的原因吧，做工不太好，心形里的毛毛都绣出来了，挺大板型的，身高160，体重120，穿165的就行，没有按客服170的建议，上身效果还挺好的，大气,2016-11-29 10:09:46,3,0
356060330,颜色分类:010黑色;尺码:165/84A/M,a***芳,293629774019,衣服有点大，想换小一号，结果说下架了，现在又上了，但是已经穿了，没办法更换了。黑色大衣吸白色毛毛,2016-11-28 09:23:13,4,0
356060330,颜色分类:010黑色;尺码:160/80A/S,c***7,292827129174,码子实在是太大，简直可以穿两个人！！而且不能换了，已经下架，但是款式特别喜欢！料子也好，这价格买到性价比太高了，傻子才退。无奈只好收了,2016-11-22 22:43:29,3,0
356060330,颜色分类:010黑色;尺码:165/84A/M,钟***7,293723281789,不想讲了，掉色掉毛特别厉害，没穿几天就起球了。 而且双十一根本没降价好吗，只有一个五十元优惠券可以用，平日也是七百多，估计又是商家先升价再降价,2016-11-29 08:22:06,3,0
356060330,颜色分类:078樱桃红;尺码:160/80A/S,张***3,299140985493,衣服挺好的。今年是本命年，所以想买件红色的衣服，颜色挺正的，第一次买only的，挺不错的。,2017-01-16 15:32:05,2,3
356060330,颜色分类:010黑色;尺码:155/76A/XS,x***a,292982389620,是真的大   反正我是打算过年从三亚回家下飞机的时候穿一下的   也不打算换了   到时候可能要送给我妹了    所以个子小的宝宝们要慎重了,2016-11-24 11:22:34,2,1
356060330,颜色分类:010黑色;尺码:160/80A/S,f***3,296704474489,165cm，58Kg，表示很大。质量还好。物流很好垃圾，衣服收到时都几乎在盒子里掉出来。,2016-12-22 22:21:14,4,1
356060330,颜色分类:010黑色;尺码:155/76A/XS,g***a,292689187927,双十一物流也蛮快的，衣服合适，就是这样落肩款式，不知道会不会起毛,2016-11-20 11:38:46,3,3
356060330,颜色分类:010黑色;尺码:160/80A/S,米***i,292925299371,黑色有些暗，像旧旧的感觉，会黏灰尘。还有衣领把旁边的心形绣花挡住了一半，我看图上模特穿的衣服不是，领子根本没有挡住心形图案,2016-11-21 12:44:02,2,0
356060330,颜色分类:078樱桃红;尺码:155/76A/XS,小***子,296854144397,买了最小号，衣服还是有点大，你家的号，165买了155穿！,2016-12-23 15:33:42,2,1
356060330,颜色分类:010黑色;尺码:165/84A/M,桃***3,293900501379,衣服质量感觉不错 但是真的非常黏毛！穿了几次暂时还没起球 不过双十一的折扣都是假的！就贵了五毛！呵呵哒！,2016-11-30 15:35:41,4,0
356060330,颜色分类:010黑色;尺码:165/84A/M,番***笑,294034899057,根本没有服务可言，1.双十一买了很多东西，有的选错了地址，每家留言后，别家都能正确发货，只有这家还是发到错误的地址！。2.我一般穿L码，看评价说衣服偏大，特地拍了一件M的，收到货后还是大的离谱，当时准备申请换货，结果发现购买的连接下架，我以为生意太好卖完，就没申请换货，前几天看这衣服又上架了想重拍一件S退m，客服死活不同意，说什么库房不能入库，我就好奇了，如果别人退货你们是不是也入不了库？？？这个差评给你们的客服，给你们的服务！。,2016-12-02 18:51:13,3,0
356060330,颜色分类:010黑色;尺码:155/76A/XS,s***3,295586737296,<b></b>此<b></b>用<b></b>户<b></b>没<b></b>有<b></b>填<b></b>写<b></b>评<b></b>论<b></b>!<b></b>,2016-12-04 09:00:29,0,0
356060330,颜色分类:010黑色;尺码:155/76A/XS,j***2,297352711376,买上最小号，不容易呀，衣服漂亮，就是稍有点薄，太冷不能穿,2016-12-29 12:23:32,3,0
356060330,颜色分类:078樱桃红;尺码:160/80A/S,点***牛,292900612702,衣服好大 没有最小码了 只有买小号 质量还是可以,2016-11-22 17:14:52,3,1
356060330,颜色分类:010黑色;尺码:165/84A/M,s***n,299122389360,款式可爱，标准韩版，偏宽大相同的号，这件比较休闲， 另外确实沾毛，每次穿完一身毛，都要手工解决。,2017-01-15 09:18:28,0,0
356060330,颜色分类:010黑色;尺码:160/80A/S,张***4,293936462770,没有想象中的厚，不过衣服还是挺重的，挺好,2016-11-30 20:13:32,2,2
356060330,颜色分类:078樱桃红;尺码:165/84A/M,t***2,294832848363,毛呢含量感觉没有买个多 摸上去手感一般般啦。不过也下架了  。建议去实体店看完再买,2016-12-06 11:25:19,3,0
356060330,颜色分类:010黑色;尺码:155/76A/XS,c***2,294948082346,黑色呢子就是粘毛毛，不过穿的不错的，爱心是刺绣,2016-12-10 15:18:34,3,0
356060330,颜色分类:010黑色;尺码:155/76A/XS,莫***颜,295679766305,版型超正~蛮厚实的一件大衣 小桃心很可爱(??&omega;??)??,2016-12-16 18:47:12,2,0
356060330,颜色分类:010黑色;尺码:165/84A/M,黎***t,294498867805,这是淘宝十年来最憋屈的一次了，也是双十一以来最憋屈的一次，发货晚不说，明明没收到货还显示我已经签收，快递员一会儿说他送给我了一会儿又说放速递易了，速递易根本就没有发提货码给我，物流信息那里也没有，找客服总说让我去找一下或者说第二天反映了再联系，弄了几天没结果最后快递员发现可能真的丢了才着急了，又说可能送去隔壁单元了，快递公司和only不停打电话问我是不是没收到货，最后拖了n久报警后才找到说是速递易出了问题没发提货码！我都无语了，衣服尺码偏大，比较容易粘毛其他还好,2016-12-03 21:47:28,4,0
356060330,颜色分类:010黑色;尺码:165/84A/M,北***5,295106674259,东西做工不错，穿上感觉有点肥大，是不是就是这样的宽松版,2016-12-12 09:58:28,0,0
356060330,颜色分类:010黑色;尺码:175/92A/XL,t***3,294241293944,<b></b>此<b></b>用<b></b>户<b></b>没<b></b>有<b></b>填<b></b>写<b></b>评<b></b>论<b></b>!<b></b>,2016-12-01 20:08:51,3,0
356060330,颜色分类:010黑色;尺码:155/76A/XS,e***4,292255511797,都怪我没仔细看，模特177穿的165的款，然而我155依旧穿的155。。。所以，袖子不是一般的长啊，大衣长度已经到我小腿一半了-_-||。我属于微胖一类的，原来担心穿着会跟魁梧，幸好没有，穿着还挺合适，不会很显胖，充其量像一个穿着爸爸妈妈衣服的小孩子-_-||。料子摸着很舒服，我本来也没报太大期望，这个已经勉强算超出我的预料了。喜欢领子上的小红心。,2016-11-18 01:04:36,2,1
356060330,颜色分类:010黑色;尺码:160/80A/S,大***子,294367957501,大衣的确有些偏大～小两号可能更合适～但是现在穿起来大一点也还好就收下了！,2016-12-04 19:52:27,3,0
356060330,颜色分类:010黑色;尺码:170/88A/L,t***2,294773852192,双十一买的，折腾了一个月才算收到，换了个货比乌龟还慢！物流显示我寄过去的到了五天才签收，入库加寄回简直慢的不得了！活生生把期待磨没了！,2016-12-08 14:07:44,3,0
356060330,颜色分类:010黑色;尺码:165/84A/M,雯***娃,292895988205,大衣美美哒，宽松版显瘦，不管何种体型应该都可以驾驭，黑色配的红色，低调而活泼，设计感简单实用，俩个口袋大爱，放手机刚刚好。带个美丽的手机链正好垂兜外面，又美丽又可以感觉到。原价太贵了，双 11才是货真价实。,2016-11-22 09:56:25,3,0
356060330,颜色分类:010黑色;尺码:165/84A/M,石***绪,294515576022,&ldquo;小心机设计&rdquo;真的很不错！超喜欢，除了有点粘毛不过还是可以接受的！推荐,2016-12-05 16:05:31,3,0
356060330,颜色分类:010黑色;尺码:165/84A/M,屁***子,295231197646,版型很大，宽松的不得了。巨爱粘毛，有起球迹象,2016-12-11 11:56:04,0,0
356060330,颜色分类:078樱桃红;尺码:170/88A/L,l***6,295164048552,根据客服推荐的号买了小一个号的，半个月收到。大了返回换。结果30号签收，当时问回答72小时发出。结果5号下午三点多了还没有信息。问了客服，客服还是回答还在入库检测。瞬间觉得没有必要等了。办理了退款。结果五点多发来信息衣服已经发出来了。真不知道一个系统是怎么运作的。物流，效率，和客服有点失望。本来质量很不错。一来二去搞得不是那么愉快了。,2016-12-10 10:22:45,3,0
356060330,颜色分类:078樱桃红;尺码:170/88A/L,t***9,295790827048,好看，颜色正，版型也好，172/62 L偏宽松，给大家参考,2016-12-15 21:50:02,0,0
356060330,颜色分类:010黑色;尺码:160/80A/S,y***9,295242161595,<b></b>此<b></b>用<b></b>户<b></b>没<b></b>有<b></b>填<b></b>写<b></b>评<b></b>论<b></b>!<b></b>,2016-12-12 12:50:12,3,0
356060330,颜色分类:078樱桃红;尺码:165/84A/M,瓦***0,294284956520,几经波折终于拿到了衣服、挺厚实、可是竟然掉颜色！宝宝心好累,2016-12-04 13:29:31,3,0
356060330,颜色分类:010黑色;尺码:170/88A/L,泰***啊,296168130528,性价比超高的。 就是衣服偏大偏得夸张,2016-12-19 17:20:27,0,0
356060330,颜色分类:078樱桃红;尺码:170/88A/L,我***2,294701515907,快递EMS，太慢了，除了慢还是慢，买的大了一号，换了小一号的，但是我用顺丰邮寄过去的，一个多星期了还没有给我发货，我催客服的时候，客服还爱答不理的，以前从来没有货这种情况，太失望了。,2016-12-07 20:50:59,4,0
356060330,颜色分类:010黑色;尺码:155/76A/XS,流***6,292934345650,比较薄，版型偏大，买的最小号。比较喜欢爱心的印花，比想象中要薄一点，可能最冷的冬天穿有点冷。长度在膝盖下面一点点，整体来说还是不错的，能更厚重一点就好了。,2016-11-21 14:23:28,3,2
356060330,颜色分类:010黑色;尺码:160/80A/S,前***5,295517139554,第一天穿 起球了 扣子也掉了,2016-12-13 08:59:41,2,0
356060330,颜色分类:010黑色;尺码:155/76A/XS,小***o,290881208481,<b></b>此<b></b>用<b></b>户<b></b>没<b></b>有<b></b>填<b></b>写<b></b>评<b></b>论<b></b>!<b></b>,2016-10-15 20:15:45,0,0
356060330,颜色分类:010黑色;尺码:155/76A/XS,n***3,293867408209,收到的快递盒子居然是烂的，快递员也不打电话给我，直接就放进了快递邮箱！害我无法当场发现盒子烂了的问题！除了买的大衣，也不知道里面有没有少东西！,2016-11-28 18:39:16,0,1
356060330,颜色分类:010黑色;尺码:165/84A/M,s***1,293184051191,双十一买的，价格还可以，码数偏大，穿了两次起球了，感觉很不值，挺失望的，勉强中评吧！,2016-11-26 16:28:09,3,0
356060330,颜色分类:010黑色;尺码:165/84A/M,小***9,297421163441,衣服穿着挺好看的，售后太慢了，一天不见人影，总体来说还不错。,2016-12-31 06:31:21,2,0
356060330,颜色分类:010黑色;尺码:175/92A/XL,闫***3,291577818968,十年前就买过only的毛呢大衣，用料很足，这十年间每年秋冬都会穿它，每年送出去干洗一次，到今天也还都是和新的没什么两样。今年双十一看中了这款大衣，175/96的没抢到，因为是宽松款所以买了175/92，款式尺寸都没的说，只是这个价位相对于这个品质真的有点贵了。。。没有那么厚重。。不过一直很喜欢only家的衣服，会一直支持的。,2016-11-13 16:13:20,4,0
356060330,颜色分类:078樱桃红;尺码:160/80A/S,j***4,292511541508,双十一买很双算，ONLY家的老顾客了，红色正，162cm，59kg，穿S正合适，袖子刚好遮住手腕,2016-11-20 16:57:09,4,0
356060330,颜色分类:010黑色;尺码:155/76A/XS,b***错,293816387623,双十一买了一款红色的，大了，想换货，客服说估计没货，退过之后，买了款黑色，粘毛很严重，很严重,2016-11-28 19:19:50,2,0
356060330,颜色分类:078樱桃红;尺码:160/80A/S,l***2,295703627244,快递太差，简直无语，换衣服也是换了好久，不发货，有点失望。衣服还可以，我穿起有点魁梧。,2016-12-15 21:30:08,3,0
356060330,颜色分类:078樱桃红;尺码:165/84A/M,t***2,294832848363,毛呢含量感觉没有买个多 摸上去手感一般般啦。不过也下架了  。建议去实体店看完再买,2016-12-06 11:25:19,3,0
356060330,颜色分类:078樱桃红;尺码:165/84A/M,草***3,299321666452,衣服很好看，红颜色非常美～之前买大了，换了小两码的，正合适,2017-01-17 13:25:38,0,0
356060330,颜色分类:010黑色;尺码:165/84A/M,梧***琳,294007760905,终于收到了，买这件衣服太多坎坷，号大换小号快递给送过去5天，也不给发货，本想给售后差评，衣服收到后坏脾气一下没有了，对于衣服还是非常满意！,2016-11-30 15:29:56,2,0
356060330,颜色分类:010黑色;尺码:160/80A/S,f***m,294237616467,物流不要太慢，两周才收到。催了好几遍才更新物流信息。衣服挺好的，码比较大。保暖性还可以。,2016-12-01 20:38:22,3,0
356060330,颜色分类:010黑色;尺码:160/80A/S,s***t,293540504765,衣服确实比较宽松，想换个xs的，结果客服说下架没货了，我只好就凑合穿了，我刚剪个吊牌第二天就又有库存了，晕死！而且双十一之后也是这个价格，白大半夜抢了！,2016-11-28 14:56:29,4,0
356060330,颜色分类:010黑色;尺码:155/76A/XS,c***2,294948082346,黑色呢子就是粘毛毛，不过穿的不错的，爱心是刺绣,2016-12-10 15:18:34,3,0
356060330,颜色分类:078樱桃红;尺码:170/88A/L,d***g,293875107697,质量还可以，样子喜欢。就是有点掉色，把我的衬衣领子染红了。,2016-11-29 09:51:53,4,0
356060330,颜色分类:010黑色;尺码:155/76A/XS,阿***哥,296750760345,本来想退的，衣服穿上身还可以，就留下了,2016-12-24 17:40:00,3,0
356060330,颜色分类:010黑色;尺码:160/80A/S,k***0,296697405646,168，买的160的，刚好合适,2016-12-22 21:06:14,3,4
356060330,颜色分类:078樱桃红;尺码:165/84A/M,阿***桃,292294769442,质量到位，就是快递太不给力了，红色颜色是暗的，不是亮红的，可以接受，超级喜欢,2016-11-18 10:46:13,2,0
356060330,颜色分类:078樱桃红;尺码:155/76A/XS,萧***3,293760997815,物流太慢，包裹收到包装都怪了，反馈信息太慢了,2016-11-30 13:36:43,3,1
356060330,颜色分类:010黑色;尺码:155/76A/XS,y***0,292265933521,很大的气味，气味刺鼻，有股墨汁的味道，整体来说太薄。,2016-11-17 14:13:44,0,0
356060330,颜色分类:010黑色;尺码:165/84A/M,m***g,292548789340,YY不错，虽然发货慢了点，但是外套还是挺满意的，没在店里看到过这款，但没让人失望，就是黑色容易粘毛，这是当初没考虑到的，总体满意吧,2016-11-20 12:37:22,4,0
356060330,颜色分类:010黑色;尺码:160/80A/S,花***姐,293902892060,做工：做工很好，款式漂亮，因为码大换了一次，换回来的有穿着过的痕迹，折腾二十多天了，懒得再换了，心里还是不怎么开心。,2016-12-01 10:28:31,3,0
356060330,颜色分类:010黑色;尺码:165/84A/M,四***0,292963576877,衣服质量非常好 但是此版衣服版型较大 如果喜欢宽松的要买比自己平时号码小一号 如果想合身的那就需要小两号,2016-11-24 08:38:11,2,0
356060330,颜色分类:078樱桃红;尺码:175/96A/XXL,c***9,296684290879,宽松版，马上本命年了，给自己买件红色大衣，版型好穿上有韩范儿,2016-12-25 18:37:53,0,0
356060330,颜色分类:010黑色;尺码:175/92A/XL,平***9,292729627110,衣服款式漂亮，辛亏没抢到大码，现在的码正合适。就是快递压件时间太长了，到本地好几天了都不送,2016-11-21 13:24:11,4,0
356060330,颜色分类:010黑色;尺码:160/80A/S,z***a,299211496840,盒子坏了,2017-01-16 15:09:01,4,1
356060330,颜色分类:010黑色;尺码:155/76A/XS,莫***颜,295679766305,版型超正~蛮厚实的一件大衣 小桃心很可爱(??&omega;??)??,2016-12-16 18:47:12,2,0
356060330,颜色分类:010黑色;尺码:165/84A/M,c***4,297091163725,款式还可以，是宽松款，不显瘦，衣服挺大的，平时一般买170，这次165足够，我身高165体重62KG，给其他买家参考，另外衣服上的??特别好看，美美哒,2016-12-27 21:25:47,0,0
356060330,颜色分类:078樱桃红;尺码:160/80A/S,j***i,293749898228,感觉这件衣服好大哦，身高172，体重105，买的m码，应该换s的，但是感觉太麻烦，就不想换了了，具体怎么样还没穿，所以不知道会不会起球，但愿不要吧,2016-11-28 12:01:30,4,0
356060330,颜色分类:010黑色;尺码:160/80A/S,l***7,293622068531,衣服版型很好，就是现在北方的天气穿太薄了。穿后再追评~,2016-11-28 10:20:09,2,0
356060330,颜色分类:010黑色;尺码:165/84A/M,e***7,293844187427,身高176cm体重53kg。感觉m还是有点太大了，不过本来也是宽松版型,2016-11-30 13:08:17,3,0
356060330,颜色分类:010黑色;尺码:165/84A/M,4***a,293044098115,挺不错就是有点偏大,2016-11-23 23:54:05,2,1
356060330,颜色分类:078樱桃红;尺码:155/76A/XS,汪***0,294209846747,样式好看！但是版型很宽松，表示160穿最小码也撑不起来。,2016-12-01 10:22:49,3,0
356060330,颜色分类:078樱桃红;尺码:165/84A/M,j***9,293341838600,让我等待了很久，终于到了！衣服很好看，是宽松版的，直筒的，比较长。虽然是M的，但还是有点大。版型不错，挺喜欢的,2016-11-26 12:16:55,3,0
356060330,颜色分类:078樱桃红;尺码:160/80A/S,爱***美,299766857899,试穿了一下，真不是一般的大，我拍的s号结果还是大的离谱了，原价不会买，5折还可以接受,2017-01-18 21:40:09,0,0
356060330,颜色分类:010黑色;尺码:165/84A/M,黎***t,294498867805,这是淘宝十年来最憋屈的一次了，也是双十一以来最憋屈的一次，发货晚不说，明明没收到货还显示我已经签收，快递员一会儿说他送给我了一会儿又说放速递易了，速递易根本就没有发提货码给我，物流信息那里也没有，找客服总说让我去找一下或者说第二天反映了再联系，弄了几天没结果最后快递员发现可能真的丢了才着急了，又说可能送去隔壁单元了，快递公司和only不停打电话问我是不是没收到货，最后拖了n久报警后才找到说是速递易出了问题没发提货码！我都无语了，衣服尺码偏大，比较容易粘毛其他还好,2016-12-03 21:47:28,4,0
356060330,颜色分类:078樱桃红;尺码:170/88A/L,x***系,293959480979,衣服还可以颜色稍深 原价虚高打折了也感觉不便宜,2016-12-01 13:30:37,4,0
356060330,颜色分类:010黑色;尺码:155/76A/XS,小***9,291652662346,衣服质量不错，宽松版，个小的女孩不建议买，撑不起来，款式特别好看，但是个子太小了，只能忍痛退货了,2016-11-15 17:03:29,3,0
356060330,颜色分类:010黑色;尺码:160/80A/S,刘***r,292621581858,不错。版型好。就是我163高，衣服到膝盖了。老公说要穿高跟鞋踩好看,2016-11-20 11:19:29,0,0
356060330,颜色分类:010黑色;尺码:155/76A/XS,t***0,293059292932,很喜欢的衣服！ xs还是很肥！,2016-11-22 12:01:30,0,3
356060330,颜色分类:010黑色;尺码:165/84A/M,s***e,297715794869,我觉得大衣看好衣长，尺寸在膝盖位置最合适。,2017-01-03 19:27:55,4,0
356060330,颜色分类:078樱桃红;尺码:160/80A/S,s***2,292572387478,衣服感觉很粗糙啊，原价的话肯定不值，半价倒是可以结束。刺绣部分跟想象的有点不一样，不过总体还行，偏大码。,2016-11-18 23:11:17,3,0
356060330,颜色分类:010黑色;尺码:165/84A/M,北***5,295106674259,东西做工不错，穿上感觉有点肥大，是不是就是这样的宽松版,2016-12-12 09:58:28,0,0
356060330,颜色分类:078樱桃红;尺码:155/76A/XS,z***9,292681057290,首先颜色就不对，图片是鲜红色，收到是深红色，而且衣服特别硬，幸亏半价买的，也就值这钱了,2016-11-20 20:22:40,2,0
356060330,颜色分类:078樱桃红;尺码:160/80A/S,蔺***明,292783004187,嗯颜色挺好看不过版型感觉有点显胖,2016-11-22 13:43:44,3,0
356060330,颜色分类:010黑色;尺码:155/76A/XS,g***b,297461805924,衣服好看就是太太太吸毛了！！！,2016-12-30 15:53:02,3,0
356060330,颜色分类:010黑色;尺码:175/92A/XL,t***3,294241293944,<b></b>此<b></b>用<b></b>户<b></b>没<b></b>有<b></b>填<b></b>写<b></b>评<b></b>论<b></b>!<b></b>,2016-12-01 20:08:51,3,0
356060330,颜色分类:078樱桃红;尺码:155/76A/XS,张***1,291975123186,质量不错，不过和我预想的颜色有点出入，偏深，不过还是挺喜欢的,2016-11-17 17:54:51,3,1
356060330,颜色分类:010黑色;尺码:160/80A/S,大***子,294367957501,大衣的确有些偏大～小两号可能更合适～但是现在穿起来大一点也还好就收下了！,2016-12-04 19:52:27,3,0
356060330,颜色分类:010黑色;尺码:170/88A/L,t***2,294773852192,双十一买的，折腾了一个月才算收到，换了个货比乌龟还慢！物流显示我寄过去的到了五天才签收，入库加寄回简直慢的不得了！活生生把期待磨没了！,2016-12-08 14:07:44,3,0
356060330,颜色分类:010黑色;尺码:160/80A/S,任***诺,292475230934,<b></b>此<b></b>用<b></b>户<b></b>没<b></b>有<b></b>填<b></b>写<b></b>评<b></b>论<b></b>!<b></b>,2016-11-19 20:29:27,2,0
356060330,颜色分类:010黑色;尺码:160/80A/S,柠***s,292685989792,衣服是宽松版型，我身高164，体重130，穿S码正好，双十一半价买的，原价不值！,2016-11-21 18:27:17,3,0
356060330,颜色分类:010黑色;尺码:160/80A/S,t***0,292756356091,不错  双十一半价  质量也很好  上身效果好 就是有点爱粘毛,2016-11-20 20:45:58,0,0
356060330,颜色分类:010黑色;尺码:170/88A/L,夏***7,293913490133,衣服质量真的很差，出差回来刚看到衣服，错过了退货时间，又皱又破，太失望了，这个质量完全不是品牌店产的！,2016-11-30 17:05:41,4,0
356060330,颜色分类:010黑色;尺码:160/80A/S,萌***肉,296552132232,衣服质量很好，穿上刚好合适，挺满意的。全五分。,2016-12-21 22:02:37,0,0
356060330,颜色分类:010黑色;尺码:170/88A/L,l***d,292732270423,面料舒适度：衣服非常不错 174穿L的有点大 应该M的 不过宽大一点穿起来很拉风！。,2016-11-21 18:52:06,3,0
356060330,颜色分类:078樱桃红;尺码:175/92A/XL,清***7,294038822918,后悔没有买黑色的。觉得黑色更好看一些。挺厚实的，不知道起球不起,2016-11-30 11:30:43,4,0
356060330,颜色分类:010黑色;尺码:165/84A/M,屁***子,295231197646,版型很大，宽松的不得了。巨爱粘毛，有起球迹象,2016-12-11 11:56:04,0,0
356060330,颜色分类:010黑色;尺码:165/84A/M,y***o,292953910640,原价买就太不值了，看到评论里都说起球，担心。。,2016-11-21 16:53:50,4,0
356060330,颜色分类:078樱桃红;尺码:170/88A/L,t***9,295790827048,好看，颜色正，版型也好，172/62 L偏宽松，给大家参考,2016-12-15 21:50:02,0,0
356060330,颜色分类:010黑色;尺码:155/76A/XS,s***吟,292830935685,发货很墨迹，衣服老婆还挺喜欢的，相当宽松,2016-11-21 20:45:42,4,0
356060330,颜色分类:010黑色;尺码:165/84A/M,8***b,292308585915,衣服很沉，就是太薄了。但是穿起来很好看。有气质。按着平常码数买的。,2016-11-17 10:57:59,4,0
356060330,颜色分类:010黑色;尺码:155/76A/XS,o***0,292636638769,宝贝很棒，本来因为物流生气最后售后帮我解决问题了，看到衣服这么好还是给好评！,2016-11-20 23:00:24,3,0
356060330,颜色分类:010黑色;尺码:160/80A/S,小***4,293262005772,衣服偏大～ 厚度还行～  感觉一般般！,2016-11-26 12:41:43,0,0
356060330,颜色分类:010黑色;尺码:155/76A/XS,d***8,286388268280,衣服帅气中带着甜美，喜欢桃心，身高158，体制（115）刚生过宝宝，买的XS，宽松，供大家参考,2016-09-29 14:55:44,3,4
356060330,颜色分类:078樱桃红;尺码:155/76A/XS,y***i,289162157672,红色没有那么亮，不过也不错，不会太扎眼。厚度一般。如果开车出门的话，最多北京天气可以穿到12月中旬吧。,2016-10-22 20:05:13,4,0
356060330,颜色分类:010黑色;尺码:155/76A/XS,红***记,298826030320,衣服但是厚度够了，但是太粘灰了，寄过来一打开就灰扑扑的，卖家寄的时候都没有处理一下吗？真是感觉很心塞啊。,2017-01-12 16:52:50,2,0
356060330,颜色分类:078樱桃红;尺码:160/80A/S,计***豆,292533875020,本来想退货的，后来一个朋友喜欢索性就不退了,2016-11-21 13:23:09,0,0
356060330,颜色分类:010黑色;尺码:165/84A/M,k***y,292059895827,衣服偏大，买小一码效果会更好,2016-11-16 18:52:19,3,1
356060330,颜色分类:078樱桃红;尺码:165/84A/M,t***2,293777679959,双十一买的，收到货后穿上感觉有点大想换货，结果客服说下架了，我就懒得退了，现在刚刚又看到又有货了，但是过了7天又不能换，真不知道商家是几个意思啊，一会儿没货一会儿有货的，就是不想让我们换吧，真是无语。,2016-11-30 21:42:05,3,0
356060330,颜色分类:078樱桃红;尺码:165/84A/M,t***3,293916684317,衣服很漂亮，就是版型很宽松，上身很大的感觉，要买小一号比较好,2016-12-01 11:30:09,3,0
356060330,颜色分类:078樱桃红;尺码:160/80A/S,甜***店,299730842114,衣服真的特别大 s 号的袖子还长 158厘米高,2017-01-18 21:22:27,0,0
356060330,颜色分类:010黑色;尺码:175/92A/XL,d***n,294024326770,。。。。售后，客服基本就是摆设，发信息从来不回，这么大的品牌售前一个样，售后另一个样，真的太失望，垃圾垃圾。。。。,2016-11-29 20:11:08,0,0
356060330,颜色分类:010黑色;尺码:170/88A/L,夏***鼠,297514527908,尺码：按照客服说的买结果偏大了，换了小两号的才合适一点，果然是宽松版型啊。,2017-01-02 08:44:13,2,0
356060330,颜色分类:010黑色;尺码:170/88A/L,凯***贝,298563029905,虽然是宽松版本，但还是大了，质量不错，懒得换了&hellip;,2017-01-11 13:15:53,4,0
356060330,颜色分类:010黑色;尺码:155/76A/XS,宁***啦,293935777313,穿上还不错，就是沾毛太厉害,2016-11-30 14:06:28,0,0
356060330,颜色分类:010黑色;尺码:160/80A/S,藕***3,292621350233,起球情况：到手感觉还是蛮好的，但是整体还是偏大，但是论货物本身的价值的话，可能没有想象的那么好。,2016-11-21 23:48:30,2,0
356060330,颜色分类:010黑色;尺码:165/84A/M,t***4,292812570394,除了快递不太给力之外，其他都挺好也挺暖和的，就是有点宽松，喜欢心形的刺绣。,2016-11-21 09:26:41,2,0
356060330,颜色分类:010黑色;尺码:160/80A/S,y***9,295242161595,<b></b>此<b></b>用<b></b>户<b></b>没<b></b>有<b></b>填<b></b>写<b></b>评<b></b>论<b></b>!<b></b>,2016-12-12 12:50:12,3,0
356060330,颜色分类:010黑色;尺码:175/92A/XL,锄***3,293748335752,质量太一般了，穿了一天满手黑,2016-11-30 11:11:46,4,0
356060330,颜色分类:078樱桃红;尺码:160/80A/S,c***u,293565218377,颜色偏暗，没有图片好看，码数偏大&hellip;,2016-11-28 17:34:47,3,0
356060330,颜色分类:078樱桃红;尺码:165/84A/M,瓦***0,294284956520,几经波折终于拿到了衣服、挺厚实、可是竟然掉颜色！宝宝心好累,2016-12-04 13:29:31,3,0
356060330,颜色分类:010黑色;尺码:165/84A/M,u***n,293982806673,双11根本就是个骗局，一直到现在都没在涨价，好香菇,2016-11-29 15:41:18,4,0
356060330,颜色分类:078樱桃红;尺码:155/76A/XS,5***我,293462898857,实物的颜色很漂亮，双十一活动买的，性价比不错。,2016-11-28 16:25:41,4,0
356060330,颜色分类:010黑色;尺码:155/76A/XS,h***1,293571517340,买的最小号 但是因为衣服是垮型的 还是略大了..,2016-11-26 21:38:15,0,0
356060330,颜色分类:078樱桃红;尺码:155/76A/XS,z***0,293982030710,还好，版型比较宽松，买的最小号还是可宽,2016-12-01 09:28:12,2,0
356060330,颜色分类:010黑色;尺码:155/76A/XS,a***k,292641508686,很宽松的风格，实物比模特身上的效果要休闲很多。,2016-11-20 16:35:30,4,0
356060330,颜色分类:010黑色;尺码:160/80A/S,浅***象,297948673102,款式不错，没有155买了160并没有大很多~就是有点黏毛,2017-01-03 20:21:04,4,0
356060330,颜色分类:010黑色;尺码:170/88A/L,泰***啊,296168130528,性价比超高的。 就是衣服偏大偏得夸张,2016-12-19 17:20:27,0,0
356060330,颜色分类:078樱桃红;尺码:155/76A/XS,小***姐,291822115353,这件衣服说实话即使是双十一也感觉不值那个价，质量太一般了，颜色也没有图片上亮，款型偏大，买小了一码刚刚好。双十一速度很快。,2016-11-13 23:43:46,4,0
356060330,颜色分类:010黑色;尺码:170/88A/L,星***2,292155711598,满分 正品给满分必须的 但是耿直的亲 会不管你买了多少衣服也不会带一个手提袋的哦...亲们收衣服时候最后自卑手提袋了再取件..不然很惨(￣▽￣) 一个双十一差点把我逼出三头三十二臂了 ....没！手！提！袋！ 应该不影响我全五分评价哦...,2016-11-18 11:16:31,4,0
356060330,颜色分类:078樱桃红;尺码:170/88A/L,我***2,294701515907,快递EMS，太慢了，除了慢还是慢，买的大了一号，换了小一号的，但是我用顺丰邮寄过去的，一个多星期了还没有给我发货，我催客服的时候，客服还爱答不理的，以前从来没有货这种情况，太失望了。,2016-12-07 20:50:59,4,0
356060330,颜色分类:010黑色;尺码:155/76A/XS,g***4,298617966107,衣服没有想象中好，双十二拍的，等了好多天才发货，并且感觉衣服像是穿过的,2017-01-10 20:21:34,3,0
356060330,颜色分类:010黑色;尺码:160/80A/S,前***5,295517139554,第一天穿 起球了 扣子也掉了,2016-12-13 08:59:41,2,0
356060330,颜色分类:010黑色;尺码:155/76A/XS,w***r,295078025317,款式可以，还没穿，熨下不知会不会平整点,2016-12-12 08:43:16,4,0
356060330,颜色分类:010黑色;尺码:175/92A/XL,c***靡,292123497295,大衣还不错，看评论都说什么太薄不厚重，但我个人觉得没有那么单薄，就还行，样子也不错，算是满意的,2016-11-18 16:05:29,3,0
356060330,颜色分类:078樱桃红;尺码:165/84A/M,l***a,291760094084,挺好的 掂着挺压手的 170 60kg穿M感觉很松 不过应该是版型的原因 滑肩款 腋下会很宽 估计穿穿也就习惯了,2016-11-14 18:55:22,3,0
356060330,颜色分类:010黑色;尺码:160/80A/S,z***l,293336059097,早知道过后还是这价就不双十一买了- 还没码- 现在就都有- 你说你不是坑谁信- c,2016-11-26 00:09:10,3,0
356060330,颜色分类:078樱桃红;尺码:155/76A/XS,王***l,292653780414,偏大 可能是我自己小个吧 平时都是在这家买小码和中码 这次加小码也是大 可惜了 只能退了,2016-11-20 17:13:12,0,0
356060330,颜色分类:078樱桃红;尺码:165/84A/M,梦***a,293673867795,买正常穿的码 可是还是大了很多很多 喜欢图案什么的 懒得换了 还是凑合留下了,2016-11-28 21:29:23,3,0
356060330,颜色分类:010黑色;尺码:160/80A/S,雨***0,293364143573,衣服很漂亮，就是黑色爱粘毛,2016-11-27 11:31:54,4,0
356060330,颜色分类:078樱桃红;尺码:175/92A/XL,t***2,293081439391,还行，熨一下应该更好看了。版型大，质量还行。,2016-11-24 21:00:31,3,0
356060330,颜色分类:010黑色;尺码:170/88A/L,l***6,293312966968,双十一买的，衣美价格更美,2016-11-24 20:28:08,0,0
356060330,颜色分类:010黑色;尺码:175/92A/XL,皮***5,294675306376,衣服很好看，厚度也还可以，就是有点粘毛。,2016-12-05 15:01:08,2,0
356060330,颜色分类:010黑色;尺码:165/84A/M,摇***瑶,293668803434,衣服挺好，款式也不错，就是太粘毛！！！粘毛程度简直可怕！！！,2016-11-27 11:40:32,0,0
356060330,颜色分类:078樱桃红;尺码:165/84A/M,遗***懒,294149737412,太大了，红色不好看,2016-12-03 17:55:44,0,0
356060330,颜色分类:078樱桃红;尺码:175/96A/XXL,t***4,292750539728,衣服还不错，就是有点薄，快递是真心心累啊。,2016-11-21 18:43:56,0,0
356060330,颜色分类:010黑色;尺码:160/80A/S,t***2,298279427567,送女友的 很好 穿上很适合 很漂亮,2017-01-05 16:53:21,3,0
356060330,颜色分类:010黑色;尺码:160/80A/S,白***川,294000460911,这件衣服挺厚重，刚刚穿，穿了再来评吧,2016-11-29 16:19:37,3,0
356060330,颜色分类:010黑色;尺码:155/76A/XS,b***3,292165304913,很喜欢，不是特别厚，但是冬天应该也不会很冷，衣服比较长，裹到膝盖，款式简单,2016-11-18 09:16:48,4,0
356060330,颜色分类:078樱桃红;尺码:155/76A/XS,q***0,294995804281,衣服很好，不过我已经买加小码了，还是很大，本人106斤。,2016-12-11 13:14:07,4,0
356060330,颜色分类:078樱桃红;尺码:175/92A/XL,t***9,292413417695,最近减肥，所以感觉衣服大了一点，联系了售后，本来想问问能不能换，结果可能售后太忙了吧，一个晚上都没回话，干脆就不换了,2016-11-17 21:40:04,4,0
356060330,颜色分类:010黑色;尺码:155/76A/XS,l***3,298284129317,粘毛有点严重。,2017-01-07 13:17:06,3,0
356060330,颜色分类:010黑色;尺码:155/76A/XS,t***4,293085823004,双十一买的便宜了五十块钱   也比较划算,2016-11-25 09:24:07,3,0
356060330,颜色分类:078樱桃红;尺码:175/92A/XL,t***9,292673295069,之前买了一件，1399买的，后来双十一的价格这么便宜、我就退了，重新买的，,2016-11-21 20:33:04,4,0
356060330,颜色分类:010黑色;尺码:160/80A/S,d***3,297215898305,大衣很漂亮，也蛮厚的呢,2016-12-27 18:33:24,0,0
356060330,颜色分类:010黑色;尺码:160/80A/S,莫***9,293563647298,这次的这件呢子大衣，是在ONLY买这么多件，料子最不好的一次，,2016-11-28 19:03:49,3,0
356060330,颜色分类:010黑色;尺码:160/80A/S,我***4,293204144711,款式不错，略长，要穿高一些的鞋子，人高的就没这个烦恼,2016-11-24 08:53:45,4,0
356060330,颜色分类:078樱桃红;尺码:155/76A/XS,w***熠,293626577424,这件大衣非常漂亮&hellip;&hellip;大爱。老客户了,2016-11-28 09:36:32,4,0
356060330,颜色分类:010黑色;尺码:155/76A/XS,呆***捕,295165515242,感觉不能在相信双十一了，衣服感觉很久，而且很沾毛,2016-12-12 08:42:57,2,0
356060330,颜色分类:010黑色;尺码:160/80A/S,w***8,296501215992,黑色有点憋闷,2016-12-23 19:33:31,0,0
356060330,颜色分类:078樱桃红;尺码:155/76A/XS,p***4,293173286591,很喜欢这件外套，虽然穿着有点长，还是留下了,2016-11-23 10:11:53,0,0
356060330,颜色分类:078樱桃红;尺码:155/76A/XS,晓***古,292527709200,布料很硬，穿着脖子磨皮肤疼，总体不太满意,2016-11-18 17:44:23,3,0
356060330,颜色分类:010黑色;尺码:175/92A/XL,青***5,291978777505,质量一般，颜色不正，发灰，版型还凑合，反正这次购物不满意。还这么贵,2016-11-17 18:16:33,3,0
356060330,颜色分类:010黑色;尺码:170/88A/L,稀***3,298918899029,东西不错，质量没的说,2017-01-14 18:46:41,4,0
356060330,颜色分类:010黑色;尺码:165/84A/M,h***3,292150849225,衣服有的地方都起毛了，家里人说跟旧衣服一样，灰突突的，不过款式我喜欢，就留下了,2016-11-17 11:04:26,4,0
356060330,颜色分类:078樱桃红;尺码:155/76A/XS,水***水,297749341766,一直很好，只要选对尺码,2017-01-01 20:42:08,3,0
356060330,颜色分类:010黑色;尺码:175/92A/XL,玲***o,292244765348,应该是正品，不过已经下架了，双十一买的，码数偏大一些，版型挺正的！,2016-11-17 09:21:22,3,0
356060330,颜色分类:010黑色;尺码:160/80A/S,吕***1,296787486074,我拍小一码还是有些肥哦，不过款式很漂亮！,2016-12-24 12:59:27,2,0
356060330,颜色分类:078樱桃红;尺码:160/80A/S,s***8,294363204037,终于等到半价啦，可惜这个尺寸还是大了，没买到最小号！,2016-12-03 01:48:50,4,0
356060330,颜色分类:078樱桃红;尺码:175/92A/XL,j***8,293577326106,质量很好，跟专卖店的一样，穿起来很漂亮。很喜欢。,2016-11-27 21:15:46,0,0
356060330,颜色分类:010黑色;尺码:165/84A/M,彩***台,292096994429,衣服买大了，可惜手慢没抢上小号的，可是家里人说穿上还可以，就是看的宽容点，说流行那么穿，其实估计是不想让我倒腾了,2016-11-17 21:56:44,2,0
356060330,颜色分类:010黑色;尺码:160/80A/S,m***4,292234211517,衣服还可以，但是这个快递也太垃圾了吧。only好歹也算个大牌子吧，怎么就不能再快递上面多花点钱呢，顺丰多好。这个快递这么慢就不说了，还不帮我送到家里，大晚上的让我一个孕妇找了半个小时才找到他所说的代售点。我写的是家里的地址，不是代售点的地址。一个快递毁了所有,2016-11-16 19:31:17,0,0
356060330,颜色分类:010黑色;尺码:155/76A/XS,桃***宝,293390623001,有点薄，样子不错,2016-11-27 15:13:30,4,0
356060330,颜色分类:078樱桃红;尺码:165/84A/M,雪***4,293517327941,到货很慢，样式质量还是不错！,2016-11-28 23:49:07,0,0
356060330,颜色分类:010黑色;尺码:155/76A/XS,1***c,295976990175,很喜欢这款的版型，我平时喜欢宽松版穿去很拉风,2016-12-17 12:50:00,3,0
356060330,颜色分类:010黑色;尺码:165/84A/M,洁***4,296906050636,特别好看，长度差不多到膝盖，手感也特别好,2016-12-27 12:45:19,2,0
356060330,颜色分类:078樱桃红;尺码:170/88A/L,w***1,294219149682,之前买大了，换货好麻烦，不过衣服是真的好，就是等待的日子不好过,2016-12-01 22:08:17,3,0
356060330,颜色分类:010黑色;尺码:160/80A/S,浅***子,292886960640,回来的衣服太大了，申请的退换货，处理很及时,2016-11-21 15:50:38,3,0
356060330,颜色分类:010黑色;尺码:160/80A/S,瓶***颖,292861043752,好看，是韩版的，很宽松168 100斤  S码还是宽松的,2016-11-21 11:43:25,3,0
356060330,颜色分类:078樱桃红;尺码:170/88A/L,t***2,291899735878,双十一下单，很稀饭，码数偏大，质量刚刚滴，颜色也很正，必须好评&hellip;&hellip;,2016-11-15 18:28:42,0,0
356060330,颜色分类:078樱桃红;尺码:165/84A/M,我***卖,292184295014,版型偏大，质量摸起来还不错。双11的价格感觉还好。中规中矩。,2016-11-16 20:25:29,4,0
356060330,颜色分类:010黑色;尺码:160/80A/S,l***3,291856646345,168，110斤，S码合适，穿上感觉一般，但没有这种类型的大衣，所以还是留下吧。,2016-11-16 21:52:59,4,0
356060330,颜色分类:010黑色;尺码:155/76A/XS,浅***悠,296906289372,太大了，不适合小个子女生,2016-12-25 20:52:47,4,0
356060330,颜色分类:010黑色;尺码:165/84A/M,t***1,292259715828,宽松版。喜欢。满意 看了很久了 喜欢这个牌子 166cm62kg,2016-11-17 12:00:23,3,2
356060330,颜色分类:010黑色;尺码:155/76A/XS,f***0,292278385137,我觉得炒鸡好看,2016-11-18 05:53:13,3,1
356060330,颜色分类:078樱桃红;尺码:165/84A/M,紫***祥,292696349205,还好吧 还好吧 包装太简单了，连个袋子都没有，寒碜,2016-11-20 10:23:28,3,0
356060330,颜色分类:010黑色;尺码:165/84A/M,最***影,293002595074,太薄了，没有想象中的厚,2016-11-25 07:33:58,2,0
356060330,颜色分类:078樱桃红;尺码:155/76A/XS,迷***8,298255287412,试过了，好看，合身,2017-01-06 20:14:50,4,0
356060330,颜色分类:010黑色;尺码:160/80A/S,何***中,295867436487,的确很薄，其它还好。,2016-12-18 09:23:40,2,0
356060330,颜色分类:010黑色;尺码:170/88A/L,c***4,292646461779,这快递，我真真无语了，路途用了九天时间不说，连电话都不给打，直接给放小哈管家了！,2016-11-20 10:38:14,0,0
356060330,颜色分类:010黑色;尺码:160/80A/S,c***z,294471715309,给老婆买的，她很满意因为她单位的人都说好看。,2016-12-03 09:04:48,4,0
356060330,颜色分类:078樱桃红;尺码:165/84A/M,t***9,292960940868,邮政简直是龟速，衣服大了不过挺厚的,2016-11-21 17:20:14,4,0
356060330,颜色分类:078樱桃红;尺码:165/84A/M,k***9,296800948372,料子挺重的，还不错,2016-12-24 14:47:39,4,0
356060330,颜色分类:010黑色;尺码:160/80A/S,嘉***笑,296143392952,南方冬天穿比较合适,2016-12-18 10:12:59,2,0
356060330,颜色分类:010黑色;尺码:155/76A/XS,z***5,295016201461,偏大了，总体还不错,2016-12-12 00:41:59,4,0
356060330,颜色分类:010黑色;尺码:160/80A/S,小***簸,292863075782,很好看，很喜欢！双十一也很划算,2016-11-21 11:57:31,0,0
356060330,颜色分类:010黑色;尺码:170/88A/L,花***7,291927743095,衣服质量很好是正品，就是穿着太肥了，M的应该正好。,2016-11-16 20:45:14,3,0
356060330,颜色分类:010黑色;尺码:155/76A/XS,传***妖,294534870669,还不错了，媳妇喜欢就行,2016-12-03 18:57:50,4,0
356060330,颜色分类:010黑色;尺码:155/76A/XS,l***1,294618146160,起毛太大,2016-12-06 11:27:48,0,0
356060330,颜色分类:010黑色;尺码:170/88A/L,一***d,293387308433,好看好看，可惜妈妈有点矮,2016-11-28 07:10:49,0,0
356060330,颜色分类:010黑色;尺码:160/80A/S,狒***4,292533544078,超级赞，终于抢到，号也合适,2016-11-20 13:02:38,4,0
356060330,颜色分类:078樱桃红;尺码:155/76A/XS,m***o,292102805350,颜色没有图片鲜艳，不过也可以接受吧。料子挺好的，款身版,2016-11-17 12:57:07,4,0
356060330,颜色分类:010黑色;尺码:160/80A/S,李***啊,291938704296,衣服穿上室友都说很好看，版型偏大，我163，53穿s都有点肥,2016-11-14 21:20:18,0,0
356060330,颜色分类:078樱桃红;尺码:165/84A/M,r***0,292953286079,买大了，退货了，退货效率很高，赞一下！,2016-11-24 17:39:14,4,0
356060330,颜色分类:010黑色;尺码:160/80A/S,卿***3,291752953201,这是我第一次给差评，平时我都是不评论的，不出大问题也都是好评，因为大家都不容易。可是这次我真的很生气，衣服我暂且不说了，买回来有点儿大，就像咨询换号，可是找客服没一个人搭理！反复问也没人理。这是我最差的一次体验了！！！,2016-11-16 10:24:27,2,0
356060330,颜色分类:010黑色;尺码:155/76A/XS,隋***7,295014929409,双11买了5件 每一件都好看。喜欢,2016-12-09 19:09:20,4,0
356060330,颜色分类:010黑色;尺码:155/76A/XS,j***1,293345435889,送包是假的,2016-11-27 09:46:02,3,0
356060330,颜色分类:010黑色;尺码:165/84A/M,熊***y,294638352896,大了两码，款式和质量喜欢,2016-12-05 12:38:46,4,0
356060330,颜色分类:078樱桃红;尺码:160/80A/S,p***璋,293238811760,做工：质量很好，尺码标准，穿上很有型。。,2016-11-25 17:34:36,3,0
356060330,颜色分类:010黑色;尺码:170/88A/L,蓝***空,293645595238,挺好的，按照正常码买穿起来才有范儿,2016-11-28 20:20:23,0,0
356060330,颜色分类:078樱桃红;尺码:175/92A/XL,m***5,296505883841,品质好，码稍大,2016-12-23 06:20:34,3,0
356060330,颜色分类:010黑色;尺码:165/84A/M,p***1,292651747166,衣服比想象中还要宽松！,2016-11-22 11:31:50,2,0
356060330,颜色分类:010黑色;尺码:155/76A/XS,包***1,297863460134,瘦子撑不起来,2017-01-02 20:32:24,3,0
356060330,颜色分类:010黑色;尺码:160/80A/S,l***d,292220478420,做工：看中很久了，一直没有什么大的折扣，赶上双十一，很开心的拍了下来。身高165，体重110，S码完全不觉得小，很合适。。,2016-11-18 10:40:49,4,0
356060330,颜色分类:010黑色;尺码:165/84A/M,j***1,292405411779,衣服款式、质量都很好，就是是宽松版的，有点肥，建议买小一码 服务好，,2016-11-18 09:52:21,0,0
356060330,颜色分类:010黑色;尺码:175/92A/XL,c***蔓,294840127234,码数合适，衣服美美滴,2016-12-09 14:33:03,2,0
356060330,颜色分类:010黑色;尺码:170/88A/L,丁***州,296806271283,比较不错好评,2016-12-26 09:32:05,3,0
356060330,颜色分类:078樱桃红;尺码:160/80A/S,l***g,292183577285,"衣服样子还蛮喜欢，我168,102都穿得有点大，就是为什么小号都这么大，真想换xs，都没货了。",2016-11-18 22:43:23,4,0
356060330,颜色分类:010黑色;尺码:170/88A/L,蓉***r,293277458166,买了三件衣服根本没送包包！根本就是骗人！?,2016-11-25 23:47:27,4,0
356060330,颜色分类:078樱桃红;尺码:165/84A/M,孩***泣,292114033020,等得很心焦但是收到货后，满心激动，超级喜欢哦，就是我想象的样子，价美物廉，,2016-11-16 21:39:24,2,0
356060330,颜色分类:078樱桃红;尺码:175/92A/XL,朱***9,292326251548,衣服很不错，第一次穿红色，好评，就是外包装破了个大洞，好在没影响衣服,2016-11-18 19:53:58,3,0
356060330,颜色分类:010黑色;尺码:160/80A/S,l***y,293867895010,版型太大，粘毛，但是还不错,2016-11-29 09:09:23,3,0
356060330,颜色分类:078樱桃红;尺码:160/80A/S,t***8,292266255394,颜色比图片略暗，质量很好，很肥，我163公分105斤，挺宽松,2016-11-18 19:59:53,4,0
356060330,颜色分类:010黑色;尺码:170/88A/L,专***n,295087247327,<b></b>此<b></b>用<b></b>户<b></b>没<b></b>有<b></b>填<b></b>写<b></b>评<b></b>论<b></b>!<b></b>,2016-12-01 13:20:26,0,0
356060330,颜色分类:010黑色;尺码:155/76A/XS,小***伤,292244596331,好看&hellip;而且正正好的大小&hellip;性价比令人开心,2016-11-17 20:36:06,3,0
356060330,颜色分类:010黑色;尺码:165/84A/M,谁***单,292401473684,171，118斤穿165的有点大，长度到膝盖，袖子长短可以，可以没有160的了,2016-11-19 14:02:03,3,0
356060330,颜色分类:078樱桃红;尺码:160/80A/S,左***8,292231421459,宝贝收到了，质量还行，但是有色差，没有图片上的好看,2016-11-17 08:57:39,3,0
356060330,颜色分类:010黑色;尺码:165/84A/M,喵***頭,293045889772,还不错，蛮厚的,2016-11-23 20:50:06,4,0
356060330,颜色分类:010黑色;尺码:170/88A/L,c***9,293243338382,正品，好看，就是拍大了一码,2016-11-24 14:23:06,0,0
356060330,颜色分类:078樱桃红;尺码:155/76A/XS,小***律,293176586214,衣服不错，就是快递不给力，建议卖家换一个快递，EMS实在太慢了,2016-11-23 19:16:23,0,0
356060330,颜色分类:010黑色;尺码:155/76A/XS,胡***卿,294392144715,<b></b>此<b></b>用<b></b>户<b></b>没<b></b>有<b></b>填<b></b>写<b></b>评<b></b>论<b></b>!<b></b>,2016-10-03 11:19:34,4,0
356060330,颜色分类:010黑色;尺码:165/84A/M,f***m,296811418914,很漂亮。166CM，65KG。买M号的很合身。,2016-12-24 20:46:15,0,0
356060330,颜色分类:010黑色;尺码:170/88A/L,萌***子,292931821411,衣服总体不错，就是物流太慢太慢了。,2016-11-21 21:02:06,4,0
356060330,颜色分类:010黑色;尺码:165/84A/M,阳***9,294206662766,很喜欢，就是到货慢了一点，衣服很喜欢，也很好搭衣服,2016-12-01 09:57:44,3,0
356060330,颜色分类:078樱桃红;尺码:160/80A/S,l***2,295954753137,非常不错，很喜欢！看了别人的评论买小一号是对的！,2016-12-17 02:38:28,3,0
356060330,颜色分类:010黑色;尺码:170/88A/L,h***h,293345954248,70公斤170高170合适,2016-11-27 09:50:04,4,0
356060330,颜色分类:010黑色;尺码:175/92A/XL,t***n,293234090197,厚又暖，很漂亮！满意！,2016-11-24 09:36:20,4,0
356060330,颜色分类:078樱桃红;尺码:155/76A/XS,f***峰,295073230279,还不错，老婆很喜欢,2016-12-10 13:37:23,2,0
356060330,颜色分类:078樱桃红;尺码:175/92A/XL,李***6,292836501721,很厚实，颜色也很好看。,2016-11-22 20:32:51,3,0
356060330,颜色分类:010黑色;尺码:160/80A/S,浅***子,292886960640,回来的衣服太大了，申请的退换货，处理很及时,2016-11-21 15:50:38,3,0
356060330,颜色分类:010黑色;尺码:160/80A/S,瓶***颖,292861043752,好看，是韩版的，很宽松168 100斤  S码还是宽松的,2016-11-21 11:43:25,3,0
356060330,颜色分类:078樱桃红;尺码:165/84A/M,慕***歌,292034581117,女朋友还没穿戴，不过目测很不错呢。等过几天送她再说。,2016-11-16 22:02:19,3,0
356060330,颜色分类:010黑色;尺码:160/80A/S,橙***c,293345023924,双十一的时候买的。结果号大了，要换货。不给换。没办法。只能这样了,2016-11-27 19:42:09,3,0
356060330,颜色分类:078樱桃红;尺码:170/88A/L,w***s,292646752508,我个人感觉衣服不错，衣料子也不错。,2016-11-19 19:54:39,2,0
356060330,颜色分类:010黑色;尺码:160/80A/S,t***8,293623754865,收到好多天了，忘了确认了，衣服很好看，很喜欢，但是深圳太热了，还没穿过，买了回家穿的,2016-11-28 08:32:24,4,0
356060330,颜色分类:010黑色;尺码:155/76A/XS,h***4,292355491759,很厚实 双十一买便宜多了,2016-11-17 20:55:36,3,0
356060330,颜色分类:010黑色;尺码:165/84A/M,遗***懒,292414589888,质量不错，但是客服推荐的尺码偏大，穿上太大了，很遗憾,2016-11-18 20:22:35,0,0
356060330,颜色分类:010黑色;尺码:155/76A/XS,x***2,293610270966,挺厚实的，就是粘毛太烦人了，同城五天到的也是醉了&hellip;&hellip;,2016-11-28 14:14:55,4,0
356060330,颜色分类:010黑色;尺码:165/84A/M,q***h,293921638394,非常好！但，收到才发现是落肩袖，个人极厌。,2016-12-01 22:41:45,4,0
356060330,颜色分类:078樱桃红;尺码:160/80A/S,l***9,292980594482,166，56，s,2016-11-24 11:09:59,4,1
356060330,颜色分类:078樱桃红;尺码:160/80A/S,许***6,292923372267,有一点小瑕疵，内心是很不开心的！！！卖家给予补偿、见到又有的卖、也不知道能否调换一件新的、诶、,2016-11-24 02:05:48,3,0
356060330,颜色分类:010黑色;尺码:175/92A/XL,笨***妮,294000957472,大衣挺好看的就是买的有点肥了，懒得换了，,2016-11-30 08:13:15,3,0
356060330,颜色分类:010黑色;尺码:160/80A/S,马***雪,292516568573,怎么感觉毛妮聊不是太好，好像穿过似的，款式很喜欢。,2016-11-20 08:48:18,0,0
356060330,颜色分类:010黑色;尺码:165/84A/M,鬼***寻,294098501353,盼到双十一买的，很划算,2016-12-01 23:50:42,4,0
356060330,颜色分类:078樱桃红;尺码:160/80A/S,1***a,293967786088,衣服还可以，包装盒好破旧,2016-11-29 20:36:09,0,0
356060330,颜色分类:010黑色;尺码:160/80A/S,t***e,292312885475,版型很好看，码数偏大，还好买小一码,2016-11-19 12:39:13,3,0
356060330,颜色分类:010黑色;尺码:155/76A/XS,m***6,292472560239,包裹破了 好在衣服没问题,2016-11-18 12:12:09,3,0
356060330,颜色分类:078樱桃红;尺码:160/80A/S,t***6,292480090691,媳妇儿穿起来很漂亮 她很喜欢的,2016-11-19 11:22:21,2,0
356060330,颜色分类:010黑色;尺码:165/84A/M,q***7,293589077434,还可以吧，衣服比较大，漏风，但质量可以,2016-11-28 22:11:16,3,0
356060330,颜色分类:010黑色;尺码:165/84A/M,婷***落,292553587588,版型不错，衣服不重，耐看,2016-11-18 20:34:32,3,0
356060330,颜色分类:010黑色;尺码:155/76A/XS,l***5,292203338250,双十一抢购的，和图片一样。宽松版型的～,2016-11-16 22:25:33,3,0
356060330,颜色分类:010黑色;尺码:160/80A/S,若***8,292430455159,平常穿m码，订的s码刚刚好，喜欢，希望后面不要起球什么的,2016-11-18 15:14:17,2,0
356060330,颜色分类:010黑色;尺码:165/84A/M,z***l,293325176651,孩子很喜欢,2016-11-27 00:29:11,4,0
356060330,颜色分类:078樱桃红;尺码:175/92A/XL,流***疯,295449816274,衣衣太棒了，大爱^_^,2016-12-14 08:52:50,0,0
356060330,颜色分类:010黑色;尺码:160/80A/S,x***t,292147167071,挺好看的，而且双十一很划算,2016-11-18 10:54:50,4,0
356060330,颜色分类:010黑色;尺码:175/92A/XL,天***呆,293039491291,不错的，有保障。,2016-11-22 10:20:02,4,0
356060330,颜色分类:010黑色;尺码:170/88A/L,心***m,287032528883,衣服质量还是不错的  很厚重   第一次买大了  发货速度和服务态度都可以  但是第二次换货就很不好  衣服没有第一次厚重并且褶皱  像旧的一样   扣子也是超级松  都快掉下来了  扣子还掉漆  让再次寄回  嫌麻烦 就这样凑合吧,2016-10-03 09:48:24,3,0
356060330,颜色分类:010黑色;尺码:160/80A/S,t***2,291772470236,有点偏大吧，还不错，整体挺满意的，希望不要粘毛,2016-11-16 12:31:54,4,0
356060330,颜色分类:010黑色;尺码:175/96A/XXL,肥***若,293263753824,还行，不是想象中的样子,2016-11-24 00:55:04,3,0
356060330,颜色分类:010黑色;尺码:155/76A/XS,懒***8,293333897277,帮朋友买的,2016-11-27 17:42:06,3,0
356060330,颜色分类:010黑色;尺码:165/84A/M,j***4,296497103641,确实有大,2016-12-23 18:43:44,4,0
356060330,颜色分类:010黑色;尺码:165/84A/M,t***8,291927982004,双11能抢到我表示很满意，质量挺好的，就是有点想换小码,2016-11-15 20:34:25,2,0
356060330,颜色分类:010黑色;尺码:160/80A/S,大***妈,293049049100,挺好不错可以欧凯。老板还退款了五十元。老板生意兴隆！,2016-11-25 08:39:35,2,0
356060330,颜色分类:078樱桃红;尺码:165/84A/M,种***蛙,292658862271,不错，颜色很喜欢,2016-11-20 18:31:17,3,0
356060330,颜色分类:010黑色;尺码:165/84A/M,冰***佳,293244530748,还不错，挺暖和的,2016-11-26 13:22:51,3,0
356060330,颜色分类:078樱桃红;尺码:175/92A/XL,第***1,293607414577,喜欢！闺女穿特别好看！,2016-11-26 19:00:34,3,0
356060330,颜色分类:078樱桃红;尺码:165/84A/M,a***1,289045016528,<b></b>此<b></b>用<b></b>户<b></b>没<b></b>有<b></b>填<b></b>写<b></b>评<b></b>论<b></b>!<b></b>,2016-10-23 10:25:50,4,0
356060330,颜色分类:010黑色;尺码:155/76A/XS,m***o,295323852820,衣服很好看,2016-12-11 12:25:03,4,0
356060330,颜色分类:010黑色;尺码:165/84A/M,a***2,291762009986,及膝宽松版的，上面的红色点缀很好看，是正品，满意,2016-11-13 16:59:58,2,0
356060330,颜色分类:010黑色;尺码:175/92A/XL,妞***巧,292050756976,挺好的东西！！！！！！！值得购买！！！！！！！漂亮！跟专柜一样！,2016-11-16 21:39:49,0,0
356060330,颜色分类:078樱桃红;尺码:175/92A/XL,王***昊,292698176016,衣服挺好的，唯一要吐槽的是快递，双十一定的，今天晚上才到，发的EMS，这个物流的速度，呵呵，我只想说如果换成顺丰，打个来回都用不了这么长时间！,2016-11-19 19:59:19,0,0
356060330,颜色分类:010黑色;尺码:170/88A/L,凡***水,296358487713,很喜欢。很合适！大赞啊！,2016-12-20 13:13:33,4,0
356060330,颜色分类:078樱桃红;尺码:165/84A/M,x***z,291970887813,衣服很喜欢，双十一很划算啊,2016-11-16 09:41:36,4,0
356060330,颜色分类:078樱桃红;尺码:165/84A/M,有***5,292246914430,颜色是深红色的不是亮红色，色差蛮大的，如果是亮红色应该会挺好看~,2016-11-18 21:20:32,4,0
356060330,颜色分类:010黑色;尺码:160/80A/S,z***2,293069101105,很重的大衣,2016-11-22 14:06:05,3,0
356060330,颜色分类:010黑色;尺码:160/80A/S,h***k,292628392037,699买都觉得不值。还1499。,2016-11-21 01:21:48,4,0
356060330,颜色分类:010黑色;尺码:170/88A/L,睿***y,292133837974,就是看中样式才买的，所以细节上的小问题就不在乎了，毕竟价格在这里,2016-11-17 08:54:20,0,0
356060330,颜色分类:010黑色;尺码:155/76A/XS,w***5,294634751504,还不错，应该不是新款,2016-12-07 11:18:52,3,0
356060330,颜色分类:010黑色;尺码:160/80A/S,铃***爵,293203248716,蛮好看的，就是不太厚,2016-11-24 08:43:23,2,0
356060330,颜色分类:010黑色;尺码:175/92A/XL,c***1,293720066222,东西不错，值得购买,2016-11-29 20:50:27,4,0
356060330,颜色分类:078樱桃红;尺码:165/84A/M,2***c,291913349137,不错 就是有点薄,2016-11-16 09:35:21,4,0
356060330,颜色分类:010黑色;尺码:175/92A/XL,胖***儿,294282214399,除了粘毛以外，都棒棒的,2016-12-04 21:23:30,3,0
356060330,颜色分类:010黑色;尺码:175/92A/XL,t***9,292093971058,双十一之前买的，后来看到双十一的价格，我要求退款了，真的太恶心了，居然差价这么多，可想而知利润有多暴利,2016-11-18 13:09:51,4,0
356060330,颜色分类:010黑色;尺码:160/80A/S,吴***l,292261042756,衣服已经收到了，很好看，一六三六十五公斤穿啦！还有一点松松的呃呃。,2016-11-18 22:47:53,4,0
356060330,颜色分类:078樱桃红;尺码:165/84A/M,慕***歌,292034581117,女朋友还没穿戴，不过目测很不错呢。等过几天送她再说。,2016-11-16 22:02:19,3,0
356060330,颜色分类:078樱桃红;尺码:170/88A/L,w***s,292646752508,我个人感觉衣服不错，衣料子也不错。,2016-11-19 19:54:39,2,0
356060330,颜色分类:010黑色;尺码:155/76A/XS,h***4,292355491759,很厚实 双十一买便宜多了,2016-11-17 20:55:36,3,0
356060330,颜色分类:010黑色;尺码:165/84A/M,遗***懒,292414589888,质量不错，但是客服推荐的尺码偏大，穿上太大了，很遗憾,2016-11-18 20:22:35,0,0
356060330,颜色分类:010黑色;尺码:165/84A/M,m***4,290092903771,163-165（120就）的穿 s 太大 不合身 建议买小一号,2016-11-01 03:46:27,0,0
356060330,颜色分类:010黑色;尺码:165/84A/M,肖***1,297472388909,关注很久了，很喜欢，满意！,2016-12-31 05:34:50,0,0
356060330,颜色分类:010黑色;尺码:175/92A/XL,美***湖,285991206095,版型特别漂亮，特别喜欢这件衣服，就是不知道起球不?,2016-09-26 09:32:16,4,4
356060330,颜色分类:010黑色;尺码:160/80A/S,心***意,293365497383,1.68米100斤，大了。,2016-11-27 15:33:14,3,0
356060330,颜色分类:010黑色;尺码:165/84A/M,王***5,297829657274,很不错，质量很好，非常喜欢,2017-01-04 20:25:22,3,0
356060330,颜色分类:010黑色;尺码:160/80A/S,马***雪,292516568573,怎么感觉毛妮聊不是太好，好像穿过似的，款式很喜欢。,2016-11-20 08:48:18,0,0
356060330,颜色分类:010黑色;尺码:170/88A/L,细***薇,293623765004,不错的，很喜欢。,2016-11-28 19:45:03,3,0
356060330,颜色分类:010黑色;尺码:175/92A/XL,我***d,292505583942,不太适合我,2016-11-21 11:12:01,3,0
356060330,颜色分类:010黑色;尺码:160/80A/S,h***0,293238635300,挺好的，就是容易沾毛,2016-11-25 20:20:44,3,0
356060330,颜色分类:078樱桃红;尺码:165/84A/M,5***天,294682258824,好评，衣服很好看。,2016-12-08 17:08:34,3,0
356060330,颜色分类:010黑色;尺码:160/80A/S,t***e,292312885475,版型很好看，码数偏大，还好买小一码,2016-11-19 12:39:13,3,0
356060330,颜色分类:010黑色;尺码:155/76A/XS,m***6,292472560239,包裹破了 好在衣服没问题,2016-11-18 12:12:09,3,0
356060330,颜色分类:078樱桃红;尺码:160/80A/S,t***6,292480090691,媳妇儿穿起来很漂亮 她很喜欢的,2016-11-19 11:22:21,2,0
356060330,颜色分类:010黑色;尺码:165/84A/M,晓***雯,294847469767,很喜欢，合适,2016-12-07 15:13:49,3,0
356060330,颜色分类:010黑色;尺码:155/76A/XS,小***圈,291940424711,<b></b>此<b></b>用<b></b>户<b></b>没<b></b>有<b></b>填<b></b>写<b></b>评<b></b>论<b></b>!<b></b>,2016-11-16 20:05:16,3,0
356060330,颜色分类:010黑色;尺码:155/76A/XS,g***7,294154856977,168.50xs很好,2016-12-02 21:10:19,4,0
356060330,颜色分类:010黑色;尺码:160/80A/S,m***o,295262931802,质量很好，美美哒,2016-12-11 12:21:02,4,0
356060330,颜色分类:078樱桃红;尺码:155/76A/XS,5***y,292300629837,质量好，就是偏大加小我穿还大，衣服真好看留下来,2016-11-19 14:33:00,4,0
356060330,颜色分类:010黑色;尺码:160/80A/S,王***9,292077234841,170 106穿s都大 平时只要m就可以了 但也懒得退 里面多穿点吧,2016-11-18 11:15:12,3,0
356060330,颜色分类:078樱桃红;尺码:155/76A/XS,h***6,292057561517,162  51kg xs都还比较宽松，红色比较暗,2016-11-18 10:13:36,2,0
356060330,颜色分类:010黑色;尺码:160/80A/S,l***1,292644486235,衣服不错，偏大一个码，,2016-11-22 09:49:51,0,0
356060330,颜色分类:010黑色;尺码:155/76A/XS,t***5,294011133622,挺好看的～,2016-11-30 13:08:31,3,0
356060330,颜色分类:010黑色;尺码:155/76A/XS,苏***l,293004816268,太粘毛了！,2016-11-21 23:00:10,3,0
356060330,颜色分类:010黑色;尺码:165/84A/M,c***1,292610886880,超级好 就是一定要买合适的 号码偏大,2016-11-19 16:41:28,3,0
356060330,颜色分类:010黑色;尺码:160/80A/S,夏***福,291970088608,特别好看，质量也很好，只不过买大了，我想要xs的，没号了,2016-11-17 08:45:11,0,0
356060330,颜色分类:078樱桃红;尺码:175/92A/XL,x***4,292270753755,衣服不错，物流也挺快的，这是双十一最早收到的,2016-11-18 12:01:37,2,0
356060330,颜色分类:010黑色;尺码:160/80A/S,丰***6,292088323284,尺码合适，看起来还不错,2016-11-15 20:15:47,3,0
356060330,颜色分类:010黑色;尺码:165/84A/M,1***双,292959335032,挺好的，就是不显档次,2016-11-22 06:40:07,3,0
356060330,颜色分类:078樱桃红;尺码:165/84A/M,简***5,292819275973,习惯好评,2016-11-22 20:12:13,2,0
356060330,颜色分类:010黑色;尺码:170/88A/L,x***1,292265018219,衣服蛮厚的，还不错,2016-11-17 12:32:05,4,0
356060330,颜色分类:010黑色;尺码:170/88A/L,向***2,292520295408,很好，已经多次购买了，希望质量一直好下去,2016-11-19 15:50:26,4,0
356060330,颜色分类:010黑色;尺码:165/84A/M,l***0,292484448034,客服建议L号看评论偏大就买了M号 谁知还是大,2016-11-18 12:48:42,4,0
356060330,颜色分类:078樱桃红;尺码:175/92A/XL,t***2,292228785091,好 正 没穿，摸着质量还不错 舒服,2016-11-17 17:15:48,2,0
356060330,颜色分类:010黑色;尺码:170/88A/L,粉***莉,292253932321,<b></b>一<b></b>般<b></b>吧<b></b>,2016-11-18 21:53:46,4,0
356060330,颜色分类:010黑色;尺码:165/84A/M,d***2,287589384336,整体质量还不错，因为在商场没找到这个款才买的，只不过感觉这呢子冬天穿会有点薄,2016-10-09 23:11:58,2,0
356060330,颜色分类:010黑色;尺码:170/88A/L,骑***速,292131462337,没说的，衣服好看质量好！,2016-11-18 17:52:06,3,0
356060330,颜色分类:078樱桃红;尺码:165/84A/M,m***7,296129802761,很喜欢，就是有点大,2016-12-18 13:01:14,0,0
356060330,颜色分类:010黑色;尺码:155/76A/XS,l***3,292346367611,不错，很好看。大小也合适。,2016-11-20 08:01:06,3,0
356060330,颜色分类:010黑色;尺码:155/76A/XS,s***5,292449832111,衣服好大，小个子不适,2016-11-19 15:20:34,2,0
356060330,颜色分类:010黑色;尺码:165/84A/M,傲***9,292145615729,衣服特别大，想换但是没货了，质量很好,2016-11-18 13:43:44,3,0
356060330,颜色分类:010黑色;尺码:175/92A/XL,西***的,292104641043,穿着好看。,2016-11-16 20:39:29,3,0
356060330,颜色分类:010黑色;尺码:155/76A/XS,祎***6,292118190810,好看 偏大,2016-11-17 18:33:01,2,0
356060330,颜色分类:010黑色;尺码:160/80A/S,木***尔,294926161023,质量不错,2016-12-08 17:20:53,3,0
356060330,颜色分类:010黑色;尺码:165/84A/M,小***7,293104996704,质量不错,2016-11-24 11:52:16,3,0
356060330,颜色分类:010黑色;尺码:155/76A/XS,辉***旋,292422663088,衣衣收到了，真的是特别漂亮，超级喜欢?,2016-11-18 12:49:29,3,0
356060330,颜色分类:010黑色;尺码:170/88A/L,闹***子,291811039920,衣服还不错啦，就是感觉好大呀,2016-11-16 17:12:46,2,0
356060330,颜色分类:010黑色;尺码:175/92A/XL,尕***1,292113656418,180的没抢到，175的正好，挺好看的,2016-11-17 18:05:41,4,0
356060330,颜色分类:010黑色;尺码:160/80A/S,有***t,292545108319,穿第一天扣子就掉了,2016-11-19 20:51:34,2,0
356060330,颜色分类:010黑色;尺码:170/88A/L,梦***轩,292409131288,还不错 双十一快递还这么快收到，挺意外的,2016-11-19 14:53:56,2,0
356060330,颜色分类:010黑色;尺码:170/88A/L,迪***g,294481281600,很漂亮，很喜欢,2016-12-04 21:52:22,4,0
356060330,颜色分类:010黑色;尺码:155/76A/XS,胖***肥,293150047771,很洋气，喜欢,2016-11-25 22:02:46,4,0
356060330,颜色分类:010黑色;尺码:160/80A/S,小***8,292403639361,码数偏大，165.110斤穿160号码的。,2016-11-18 15:50:58,0,0
356060330,颜色分类:010黑色;尺码:165/84A/M,l***6,292298700875,我穿着不太适合我,2016-11-17 09:31:24,2,0
356060330,颜色分类:010黑色;尺码:160/80A/S,新***1,292225431109,<b></b>太<b></b>大<b></b>了<b></b>,2016-11-17 10:03:40,0,0
356060330,颜色分类:078樱桃红;尺码:155/76A/XS,5***a,292078371238,很喜欢哦，女朋友很高兴!,2016-11-15 19:11:05,3,0
356060330,颜色分类:078樱桃红;尺码:155/76A/XS,陈***6,293825554269,质量很好，很喜欢,2016-11-30 17:17:24,4,0
356060330,颜色分类:010黑色;尺码:160/80A/S,a***2,291943711341,这个衣服，快递直接把衣服放通道，同事过去抽烟，据说放一天了没人拿，告诉我，我才去拿的，服了,2016-11-16 18:53:41,2,0
356060330,颜色分类:010黑色;尺码:165/84A/M,菲***2,292244231515,衣服大了点，不过很暖和，,2016-11-17 20:33:14,0,0
356060330,颜色分类:010黑色;尺码:160/80A/S,四***g,293118791288,质量很不错,2016-11-23 15:21:30,3,0
356060330,颜色分类:010黑色;尺码:170/88A/L,紫***儿,292443587886,品牌的衣服就是不一样,2016-11-18 15:01:53,0,0
356060330,颜色分类:078樱桃红;尺码:160/80A/S,啊***3,291749801281,好，双十一就是好,2016-11-16 10:04:13,0,0
356060330,颜色分类:010黑色;尺码:155/76A/XS,洋***跺,292284001284,感觉不值这个价吧,2016-11-18 08:21:51,3,0
356060330,颜色分类:010黑色;尺码:165/84A/M,踏***季,292069003226,好看 就是买大了一号  物流也超快,2016-11-17 11:16:15,3,0
356060330,颜色分类:010黑色;尺码:175/92A/XL,t***5,292496346766,好评,2016-11-19 15:13:36,2,1
356060330,颜色分类:010黑色;尺码:170/88A/L,w***0,291891180737,有一点点大，想换个小的，可是都没有货了。,2016-11-17 09:07:30,2,0
356060330,颜色分类:010黑色;尺码:175/92A/XL,乐***7,291705781623,挺沉的，宽松版,2016-11-15 13:49:28,3,0
356060330,颜色分类:010黑色;尺码:165/84A/M,你***呢,292378777005,好长 我觉得我也不矮，在腿弯,2016-11-20 00:07:51,2,0
356060330,颜色分类:078樱桃红;尺码:165/84A/M,许***6,289544576030,反正大气,2016-10-25 13:19:39,3,0
356060330,颜色分类:010黑色;尺码:155/76A/XS,l***3,291500815940,衣服很好看，质量也很好,2016-11-14 17:01:33,3,0
356060330,颜色分类:010黑色;尺码:155/76A/XS,敏***0,292269358781,很喜欢，很漂亮160，95xs很宽松,2016-11-18 13:50:18,3,0
356060330,颜色分类:010黑色;尺码:165/84A/M,紫***x,292331125424,衣服很好。很喜欢。很合身。,2016-11-19 14:39:04,3,0
356060330,颜色分类:010黑色;尺码:170/88A/L,伊***蓉,292013020604,买大了，但是还是很喜欢,2016-11-17 21:07:22,0,0
356060330,颜色分类:010黑色;尺码:160/80A/S,摩***妞,292219853993,双十一半价，挺好的，喜欢～,2016-11-17 17:59:11,3,0
356060330,颜色分类:010黑色;尺码:155/76A/XS,豪***2,292287464491,没有想的好看！物流好慢。,2016-11-18 20:08:05,3,0
356060330,颜色分类:078樱桃红;尺码:160/80A/S,仅***已,292068996711,很满意 有点大,2016-11-16 22:44:15,2,0
356060330,颜色分类:078樱桃红;尺码:155/76A/XS,小***0,287895156471,偏宽松，袖子好长，感觉不值1399,2016-10-12 08:46:07,4,0
356060330,颜色分类:078樱桃红;尺码:165/84A/M,小***2,292476888033,衣服不错，就是码偏大好多,2016-11-19 22:55:46,2,0
356060330,颜色分类:010黑色;尺码:170/88A/L,h***0,291847234612,衣服很漂亮，很喜欢,2016-11-16 15:35:24,4,0
356060330,颜色分类:078樱桃红;尺码:170/88A/L,s***g,292145914870,衣服很厚重，很好,2016-11-17 10:33:24,4,0
356060330,颜色分类:010黑色;尺码:165/84A/M,s***7,286304401648,"衣服不错，本来生快递的气不想要了,最后快递也道歉了，就算了，不过衣服确实不错，好评",2016-09-27 16:32:11,0,0
356060330,颜色分类:078樱桃红;尺码:155/76A/XS,d***3,287219723980,衣服很厚，码子偏大，但是总体效果很好,2016-10-07 13:34:20,3,0
356060330,颜色分类:010黑色;尺码:155/76A/XS,师***3,291829745626,质量不错,2016-11-15 19:06:07,3,0
356060330,颜色分类:010黑色;尺码:155/76A/XS,m***4,287348083643,搞活动买了好多，质量都棒棒的！款式也不错。,2016-10-06 09:31:41,4,0
356060330,颜色分类:078樱桃红;尺码:165/84A/M,m***6,286000836774,很厚实 尺码偏大 版型好看。大气,2016-09-24 09:07:44,4,0
356060330,颜色分类:010黑色;尺码:170/88A/L,a***彩,291945374456,<b></b>正<b></b>品<b></b>，<b></b>赞<b></b>,2016-11-16 14:48:42,3,0
356060330,颜色分类:010黑色;尺码:155/76A/XS,w***x,292104841054,很好，等包包,2016-11-18 09:43:16,3,0
356060330,颜色分类:010黑色;尺码:160/80A/S,z***8,292207314065,很好，喜欢。,2016-11-18 11:32:38,3,0
356060330,颜色分类:078樱桃红;尺码:160/80A/S,蔓***y,288741770100,颜色很正，但袖子有点长,2016-10-18 20:20:02,3,0
356060330,颜色分类:010黑色;尺码:165/84A/M,m***0,285036622397,可能心理作用吧，总感觉和之前店里买得大衣有差别，不够厚重，整体还不错，衣服很漂亮！,2016-09-14 17:22:32,0,0
356060330,颜色分类:078樱桃红;尺码:155/76A/XS,反***7,288110912715,喜欢，质量好。,2016-10-13 11:43:21,3,0
356060330,颜色分类:010黑色;尺码:175/96A/XXL,宝***宁,285449625901,大爱，各种喜欢，好看。超乎预期的想像啊！,2016-09-16 20:34:31,3,0
356060330,颜色分类:010黑色;尺码:175/92A/XL,明***2,299868835669,衣服偏大，整体不错！,2017-01-20 13:19:47,0,0
356060330,颜色分类:010黑色;尺码:165/84A/M,前***库,299865273881,不错，喜欢,2017-01-19 21:15:18,0,0
356060330,颜色分类:010黑色;尺码:170/88A/L,吖***吖,299649406872,太大了，建议小两号,2017-01-19 21:59:00,0,0
356060330,颜色分类:010黑色;尺码:160/80A/S,f***0,299690962501,此用户没有填写评论!,2016-12-23 22:17:53,2,0
356060330,颜色分类:010黑色;尺码:155/76A/XS,s***8,292406365586,先说衣服版型有点偏大，160感觉有点撑不起来，再说衣服质量没有想象中那么好，不厚实，要是原价肯定不会要了。就刚刚点确认收货后又看了下衣服才发现衣服上有一道，抚不平！现在感觉连半价都不值了！,2016-11-18 12:42:31,3,3
356060330,颜色分类:010黑色;尺码:155/76A/XS,挽***丶,294865691423,样式可以，但是很粘毛。粘毛也不要紧，穿了没今天就起球。。。穿了很多羊毛呢的外套，第一次遇见这么快就大面积起球的 起球,2016-12-09 10:06:57,4,0
356060330,颜色分类:078樱桃红;尺码:165/84A/M,时***0,294895818832,买大了换小了两码穿起来还阔以吧,2016-12-08 13:56:52,4,0
356060330,颜色分类:078樱桃红;尺码:160/80A/S,欺***蚪,292240518975,好好好好好好好,2016-11-17 08:50:35,3,0
356060330,颜色分类:010黑色;尺码:165/84A/M,静***啦,293447016425,很棒很棒很棒很棒很棒很棒,2016-11-27 16:19:33,0,0
356060330,颜色分类:010黑色;尺码:160/80A/S,妙***丫,293420873914,还不错的,2016-11-25 12:34:50,4,0
356060330,颜色分类:010黑色;尺码:175/92A/XL,1***雅,292353647193,拍大了,2016-11-19 15:11:43,0,0
356060330,颜色分类:010黑色;尺码:165/84A/M,大***e,293615569708,好看,2016-11-28 12:41:08,3,0
356060330,颜色分类:010黑色;尺码:165/84A/M,小***2,298171620635,满意,2017-01-05 23:56:36,0,0
356060330,颜色分类:010黑色;尺码:155/76A/XS,n***y,285559806383,好,2016-09-19 21:46:13,4,0
356060330,颜色分类:010黑色;尺码:165/84A/M,彩***7,296893837212,长了。,2016-12-24 16:12:55,0,0
356060330,颜色分类:010黑色;尺码:155/76A/XS,呀***媛,293711878991,有点大,2016-11-27 22:40:10,4,0
356060330,颜色分类:010黑色;尺码:170/88A/L,小***中,292958463380,不错！！！！！！,2016-11-23 20:16:41,4,0
356060330,颜色分类:010黑色;尺码:160/80A/S,黄***2,290545565642,好看,2016-11-03 23:03:48,3,0
356060330,颜色分类:078樱桃红;尺码:165/84A/M,杨***3,291660390221,大爱,2016-11-15 17:12:06,0,0
356060330,颜色分类:010黑色;尺码:165/84A/M,m***6,286000836773,很厚实 尺码偏大 版型好看。大气,2016-09-24 09:07:44,4,0
356060330,颜色分类:010黑色;尺码:155/76A/XS,t***8,286365625755,好得很,2016-09-25 16:03:07,4,0
356060330,颜色分类:010黑色;尺码:155/76A/XS,西***7,291992931108,OK,2016-11-17 19:49:56,3,0
356060330,颜色分类:078樱桃红;尺码:160/80A/S,t***0,292236857195,喜欢,2016-11-18 19:59:24,4,0
356060330,颜色分类:010黑色;尺码:165/84A/M,游***粒,293657847020,很好,2016-11-27 17:12:01,2,0
356060330,颜色分类:010黑色;尺码:160/80A/S,西***c,294412951521,起球了,2016-12-03 23:19:42,2,0
356060330,颜色分类:010黑色;尺码:175/92A/XL,萍***湖,286032482101,不错,2016-09-24 20:42:04,4,0
356060330,颜色分类:010黑色;尺码:160/80A/S,仙***朵,292068412491,挺乖的,2016-11-18 10:23:18,0,0
356060330,颜色分类:010黑色;尺码:160/80A/S,王***功,294979943304,还不错,2016-12-08 21:46:37,2,0
356060330,颜色分类:078樱桃红;尺码:165/84A/M,l***e,292467619805,非常棒,2016-11-18 17:28:50,4,0
356060330,颜色分类:010黑色;尺码:160/80A/S,奔***7,292901488813,挺好看的,2016-11-21 20:39:04,4,0
356060330,颜色分类:078樱桃红;尺码:155/76A/XS,n***o,293593234087,不错,2016-11-28 16:59:44,3,0
356060330,颜色分类:010黑色;尺码:165/84A/M,d***8,293265466966,很不错啊,2016-11-25 14:54:00,3,0
356060330,颜色分类:010黑色;尺码:155/76A/XS,安***忆,296413834361,好看,2016-12-20 00:14:36,3,0
356060330,颜色分类:010黑色;尺码:170/88A/L,周***y,291232666657,好,2016-11-10 18:07:03,3,0
356060330,颜色分类:010黑色;尺码:170/88A/L,你***c,293247457829,已收货,2016-11-26 05:23:44,4,0
356060330,颜色分类:078樱桃红;尺码:170/88A/L,f***y,292076726903,好看！,2016-11-16 07:32:55,4,0
356060330,颜色分类:010黑色;尺码:160/80A/S,小***1,296335362967,很喜欢,2016-12-21 16:04:44,0,0
356060330,颜色分类:010黑色;尺码:165/84A/M,目***鱼,296744873079,好评,2016-12-25 21:03:18,3,0
356060330,颜色分类:010黑色;尺码:165/84A/M,黄***0,292529066039,质量好,2016-11-19 01:39:07,3,0
356060330,颜色分类:078樱桃红;尺码:165/84A/M,风***8,295744270196,还可以,2016-12-15 17:45:58,0,0
356060330,颜色分类:010黑色;尺码:155/76A/XS,m***6,286000836775,很厚实 尺码偏大 版型好看。大气,2016-09-24 09:07:44,4,0
356060330,颜色分类:010黑色;尺码:155/76A/XS,豆***0,293740566148,还行,2016-11-30 10:18:06,4,0
356060330,颜色分类:010黑色;尺码:165/84A/M,苏***宝,292491683373,好,2016-11-18 12:50:24,3,0
356060330,颜色分类:010黑色;尺码:175/92A/XL,a***末,292128343005,完美！,2016-11-16 14:34:16,3,0
356060330,颜色分类:010黑色;尺码:160/80A/S,涓***冉,291943019758,很喜欢,2016-11-16 12:41:40,3,0
356060330,颜色分类:010黑色;尺码:170/88A/L,大***0,294185137665,还不错,2016-12-02 19:47:01,4,0
356060330,颜色分类:010黑色;尺码:170/88A/L,依***6,294198493400,好评,2016-12-01 14:25:55,2,0
356060330,颜色分类:010黑色;尺码:155/76A/XS,z***7,292632395023,好评。,2016-11-20 15:37:08,4,0
356060330,颜色分类:010黑色;尺码:160/80A/S,1***e,289646969914,尺码：还不错。,2016-10-26 12:44:26,4,0
356060330,颜色分类:010黑色;尺码:170/88A/L,浪***1,298240863869,还可以,2017-01-09 06:27:44,4,0
356060330,颜色分类:078樱桃红;尺码:160/80A/S,s***g,293203114887,还行,2016-11-24 20:14:36,3,0
356060330,颜色分类:010黑色;尺码:165/84A/M,b***3,294729172693,好评，,2016-12-06 19:33:11,3,0
356060330,颜色分类:078樱桃红;尺码:165/84A/M,p***5,292166703418,还行,2016-11-18 16:07:22,4,0
356060330,颜色分类:010黑色;尺码:155/76A/XS,甜***嘟,293158226555,很喜欢,2016-11-25 15:07:16,0,0
356060330,颜色分类:010黑色;尺码:170/88A/L,h***v,293872621928,挺好,2016-11-29 20:33:48,3,0
356060330,颜色分类:010黑色;尺码:160/80A/S,杨***3,292863647973,特别棒,2016-11-23 22:43:48,0,0
356060330,颜色分类:078樱桃红;尺码:170/88A/L,春***6,292138239128,好评,2016-11-18 07:26:30,0,0
356060330,颜色分类:078樱桃红;尺码:155/76A/XS,兔***朵,293853664134,好评,2016-11-28 15:50:30,3,0
356060330,颜色分类:078樱桃红;尺码:165/84A/M,l***h,293302637851,<b></b>此<b></b>用<b></b>户<b></b>没<b></b>有<b></b>填<b></b>写<b></b>评<b></b>论<b></b>!<b></b>,2016-11-25 15:28:49,3,0
356060330,颜色分类:078樱桃红;尺码:155/76A/XS,小***亮,296718683395,很喜欢,2016-12-24 08:13:14,3,0
356060330,颜色分类:010黑色;尺码:175/92A/XL,t***9,292689448708,之前买了一件，1399买的，后来双十一的价格这么便宜、我就退了，重新买的，,2016-11-21 20:33:13,4,0
356060330,颜色分类:078樱桃红;尺码:160/80A/S,l***o,293375674110,还不错,2016-11-25 12:54:20,3,0
356060330,颜色分类:078樱桃红;尺码:155/76A/XS,l***4,292841326430,还不错,2016-11-22 15:34:18,3,0
356060330,颜色分类:078樱桃红;尺码:160/80A/S,s***u,297237381652,很好！,2016-12-29 22:13:41,3,0
356060330,颜色分类:010黑色;尺码:175/92A/XL,j***e,292136711284,好评,2016-11-16 18:11:51,0,0
356060330,颜色分类:078樱桃红;尺码:175/92A/XL,烟***得,292035023033,好,2016-11-17 15:35:33,2,0
356060330,颜色分类:078樱桃红;尺码:170/88A/L,t***4,293006659477,此用户没有填写评论!,2016-11-21 23:17:40,3,0
356060330,颜色分类:010黑色;尺码:160/80A/S,w***s,292934138309,此用户没有填写评论!,2016-11-21 23:14:43,3,0
356060330,颜色分类:010黑色;尺码:170/88A/L,z***7,295384010204,此用户没有填写评论!,2016-12-12 14:52:57,2,0
356060330,颜色分类:078樱桃红;尺码:155/76A/XS,s***4,295235355592,此用户没有填写评论!,2016-12-12 16:20:39,3,0
356060330,颜色分类:010黑色;尺码:165/84A/M,蓝***1,292450349112,此用户没有填写评论!,2016-11-18 09:39:13,0,0
356060330,颜色分类:010黑色;尺码:160/80A/S,小***9,294611797291,此用户没有填写评论!,2016-12-06 16:33:24,0,0
356060330,颜色分类:010黑色;尺码:175/92A/XL,0***h,299289469103,此用户没有填写评论!,2017-01-14 21:02:14,0,0
356060330,颜色分类:010黑色;尺码:155/76A/XS,王***0,293190818728,此用户没有填写评论!,2016-11-25 23:45:58,2,0
356060330,颜色分类:010黑色;尺码:170/88A/L,t***2,298114195148,此用户没有填写评论!,2017-01-07 20:03:50,0,0
356060330,颜色分类:010黑色;尺码:170/88A/L,蔚***7,293446843316,此用户没有填写评论!,2016-11-27 08:17:33,0,0
356060330,颜色分类:078樱桃红;尺码:165/84A/M,依***y,285101836370,此用户没有填写评论!,2016-09-16 21:06:12,0,0
356060330,颜色分类:010黑色;尺码:160/80A/S,1***1,292502998994,此用户没有填写评论!,2016-11-18 20:09:53,0,0
356060330,颜色分类:010黑色;尺码:165/84A/M,王***8,296872044699,此用户没有填写评论!,2016-12-27 13:36:07,3,1
356060330,颜色分类:010黑色;尺码:170/88A/L,y***市,291907403847,此用户没有填写评论!,2016-11-16 18:42:00,4,0
356060330,颜色分类:010黑色;尺码:160/80A/S,a***1,295511920562,此用户没有填写评论!,2016-12-13 15:14:13,3,0
356060330,颜色分类:010黑色;尺码:155/76A/XS,t***2,292855280285,此用户没有填写评论!,2016-11-20 22:39:46,2,0
356060330,颜色分类:010黑色;尺码:155/76A/XS,柚***5,294534282296,此用户没有填写评论!,2016-12-04 10:33:07,2,0
356060330,颜色分类:078樱桃红;尺码:165/84A/M,c***1,291770877316,此用户没有填写评论!,2016-11-14 03:54:14,4,0
356060330,颜色分类:078樱桃红;尺码:175/92A/XL,q***1,292495342395,此用户没有填写评论!,2016-11-19 19:32:32,4,0
356060330,颜色分类:010黑色;尺码:170/88A/L,陈***0,292940381101,此用户没有填写评论!,2016-11-21 15:12:31,3,0
356060330,颜色分类:078樱桃红;尺码:165/84A/M,荷***欣,299579377422,此用户没有填写评论!,2017-01-18 13:12:31,4,0
356060330,颜色分类:010黑色;尺码:165/84A/M,b***0,294063216867,此用户没有填写评论!,2016-11-30 19:26:30,3,0
356060330,颜色分类:010黑色;尺码:155/76A/XS,s***y,295240664025,此用户没有填写评论!,2016-12-12 20:39:55,4,0
356060330,颜色分类:010黑色;尺码:160/80A/S,龙***白,294762557424,此用户没有填写评论!,2016-12-06 09:30:03,4,0
356060330,颜色分类:010黑色;尺码:165/84A/M,夏***1,295038900368,此用户没有填写评论!,2016-12-09 22:57:36,0,0
356060330,颜色分类:010黑色;尺码:165/84A/M,快***4,294558086997,此用户没有填写评论!,2016-12-04 12:08:46,2,0
356060330,颜色分类:078樱桃红;尺码:165/84A/M,欢***灿,293279427437,此用户没有填写评论!,2016-11-24 09:33:35,0,0
356060330,颜色分类:010黑色;尺码:160/80A/S,3***j,292907471394,此用户没有填写评论!,2016-11-23 13:30:12,0,0
356060330,颜色分类:010黑色;尺码:165/84A/M,p***妮,293538149309,此用户没有填写评论!,2016-11-27 22:26:06,4,0
356060330,颜色分类:010黑色;尺码:175/96A/XXL,婷***泡,285435746328,此用户没有填写评论!,2016-09-19 20:57:47,4,0
356060330,颜色分类:010黑色;尺码:165/84A/M,空***子,292121447433,此用户没有填写评论!,2016-11-16 22:28:07,4,0
356060330,颜色分类:078樱桃红;尺码:155/76A/XS,z***9,292675813919,此用户没有填写评论!,2016-11-21 20:27:07,4,0
356060330,颜色分类:010黑色;尺码:160/80A/S,x***8,287946892444,此用户没有填写评论!,2016-10-14 21:05:51,4,0
356060330,颜色分类:010黑色;尺码:165/84A/M,v***3,293429689619,此用户没有填写评论!,2016-11-25 13:29:59,0,0
356060330,颜色分类:010黑色;尺码:175/92A/XL,l***3,292677243315,此用户没有填写评论!,2016-11-21 08:40:44,3,0
356060330,颜色分类:010黑色;尺码:175/92A/XL,j***2,297716359859,此用户没有填写评论!,2017-01-01 21:18:23,3,0
356060330,颜色分类:010黑色;尺码:175/92A/XL,w***7,297518279609,此用户没有填写评论!,2016-12-31 06:50:19,3,0
356060330,颜色分类:010黑色;尺码:175/92A/XL,d***a,292075253746,此用户没有填写评论!,2016-11-17 16:09:10,4,0
356060330,颜色分类:010黑色;尺码:170/88A/L,小***w,294120209373,此用户没有填写评论!,2016-12-01 19:53:43,4,0
356060330,颜色分类:010黑色;尺码:160/80A/S,段***雷,298344138847,此用户没有填写评论!,2017-01-07 21:03:01,0,0
356060330,颜色分类:078樱桃红;尺码:160/80A/S,g***4,294624673306,此用户没有填写评论!,2016-12-05 22:08:29,3,0
356060330,颜色分类:010黑色;尺码:155/76A/XS,袁***n,291960865357,此用户没有填写评论!,2016-11-16 09:26:17,4,0
356060330,颜色分类:010黑色;尺码:165/84A/M,w***6,292352081641,此用户没有填写评论!,2016-11-19 08:06:35,3,0
356060330,颜色分类:010黑色;尺码:170/88A/L,l***k,294462603093,此用户没有填写评论!,2016-12-04 14:29:02,4,0
356060330,颜色分类:010黑色;尺码:155/76A/XS,凉***y,293151588512,此用户没有填写评论!,2016-11-24 15:21:35,0,0
356060330,颜色分类:010黑色;尺码:160/80A/S,程***妮,292298459408,此用户没有填写评论!,2016-11-18 20:48:26,4,0
356060330,颜色分类:078樱桃红;尺码:175/92A/XL,张***7,292171362778,此用户没有填写评论!,2016-11-18 12:53:45,3,0
356060330,颜色分类:010黑色;尺码:170/88A/L,成***7,292785360020,此用户没有填写评论!,2016-11-20 14:01:26,0,0
356060330,颜色分类:010黑色;尺码:160/80A/S,一***5,294631040548,此用户没有填写评论!,2016-12-04 22:33:09,0,0
356060330,颜色分类:010黑色;尺码:175/92A/XL,l***g,296977125696,此用户没有填写评论!,2016-12-27 17:23:35,4,0
356060330,颜色分类:010黑色;尺码:160/80A/S,h***3,295131631624,此用户没有填写评论!,2016-12-13 08:13:08,2,0
356060330,颜色分类:010黑色;尺码:155/76A/XS,三***3,293170918156,此用户没有填写评论!,2016-11-26 08:17:19,3,0
356060330,颜色分类:078樱桃红;尺码:155/76A/XS,s***y,291651400203,此用户没有填写评论!,2016-11-14 17:58:55,3,0
356060330,颜色分类:010黑色;尺码:155/76A/XS,y***2,288189571201,此用户没有填写评论!,2016-10-13 11:33:21,4,0
356060330,颜色分类:010黑色;尺码:155/76A/XS,我***秦,292159505669,此用户没有填写评论!,2016-11-17 20:35:27,0,0
356060330,颜色分类:010黑色;尺码:165/84A/M,注***了,286651050194,此用户没有填写评论!,2016-09-28 21:36:18,4,0
356060330,颜色分类:010黑色;尺码:160/80A/S,平***g,294670251205,此用户没有填写评论!,2016-12-06 23:13:49,0,0
356060330,颜色分类:010黑色;尺码:160/80A/S,叶***2,292424177427,此用户没有填写评论!,2016-11-19 07:19:23,4,0
356060330,颜色分类:078樱桃红;尺码:160/80A/S,我***瓶,294241633940,此用户没有填写评论!,2016-12-03 08:53:18,3,0
356060330,颜色分类:078樱桃红;尺码:175/92A/XL,猫***龙,295324757302,此用户没有填写评论!,2016-12-13 12:21:35,4,0
356060330,颜色分类:010黑色;尺码:170/88A/L,3***铺,291928180926,此用户没有填写评论!,2016-11-16 08:59:12,4,0
356060330,颜色分类:010黑色;尺码:155/76A/XS,m***6,292604371534,此用户没有填写评论!,2016-11-19 09:59:28,3,0
356060330,颜色分类:010黑色;尺码:160/80A/S,w***5,293479587382,此用户没有填写评论!,2016-11-25 19:24:19,4,0
356060330,颜色分类:010黑色;尺码:165/84A/M,心***n,294407008979,此用户没有填写评论!,2016-12-03 16:04:02,4,0
356060330,颜色分类:078樱桃红;尺码:165/84A/M,t***7,291897462070,此用户没有填写评论!,2016-11-17 08:51:41,4,0
356060330,颜色分类:010黑色;尺码:165/84A/M,纤***花,296803275518,此用户没有填写评论!,2016-12-25 11:20:48,0,0
356060330,颜色分类:010黑色;尺码:175/92A/XL,董***瑶,292142959785,此用户没有填写评论!,2016-11-18 13:28:03,3,0
356060330,颜色分类:010黑色;尺码:170/88A/L,李***6,292099065924,此用户没有填写评论!,2016-11-15 21:45:55,3,0
356060330,颜色分类:010黑色;尺码:155/76A/XS,焚***颜,291993443042,此用户没有填写评论!,2016-11-17 19:03:33,0,0
356060330,颜色分类:078樱桃红;尺码:160/80A/S,黎***平,292860087087,此用户没有填写评论!,2016-11-21 12:54:29,4,0
356060330,颜色分类:010黑色;尺码:155/76A/XS,l***i,289204528377,此用户没有填写评论!,2016-10-22 13:46:33,3,0
356060330,颜色分类:078樱桃红;尺码:155/76A/XS,小***o,293280897515,此用户没有填写评论!,2016-11-25 19:40:46,0,0
356060330,颜色分类:010黑色;尺码:175/92A/XL,l***3,292307239396,此用户没有填写评论!,2016-11-17 22:06:30,3,0
356060330,颜色分类:010黑色;尺码:170/88A/L,山***2,292387647192,此用户没有填写评论!,2016-11-19 18:56:46,3,0
356060330,颜色分类:010黑色;尺码:170/88A/L,t***0,285081134137,此用户没有填写评论!,2016-09-14 22:56:24,4,0
356060330,颜色分类:010黑色;尺码:160/80A/S,l***1,292867491838,此用户没有填写评论!,2016-11-21 13:41:10,0,0
356060330,颜色分类:010黑色;尺码:165/84A/M,苏***祥,294866541228,此用户没有填写评论!,2016-12-07 09:43:52,3,0
356060330,颜色分类:010黑色;尺码:170/88A/L,w***0,295135150519,此用户没有填写评论!,2016-12-11 13:18:51,0,0
356060330,颜色分类:078樱桃红;尺码:155/76A/XS,1***g,294692932896,此用户没有填写评论!,2016-12-07 10:39:24,3,0
356060330,颜色分类:010黑色;尺码:170/88A/L,叶***j,296991965236,此用户没有填写评论!,2016-12-25 17:20:19,4,0
356060330,颜色分类:010黑色;尺码:155/76A/XS,z***3,295368033787,此用户没有填写评论!,2016-12-13 16:08:37,4,0
356060330,颜色分类:078樱桃红;尺码:175/92A/XL,爱***腾,287722721909,此用户没有填写评论!,2016-10-11 10:59:51,4,0
356060330,颜色分类:010黑色;尺码:155/76A/XS,林***2,295753381641,此用户没有填写评论!,2016-12-16 17:45:31,0,0
356060330,颜色分类:010黑色;尺码:170/88A/L,d***6,299146153130,此用户没有填写评论!,2017-01-15 23:26:54,3,0
356060330,颜色分类:010黑色;尺码:160/80A/S,夏***结,294759623430,此用户没有填写评论!,2016-12-06 22:08:25,4,0
356060330,颜色分类:010黑色;尺码:175/92A/XL,p***i,295161452888,此用户没有填写评论!,2016-12-09 17:27:03,4,0
356060330,颜色分类:010黑色;尺码:170/88A/L,呦***喔,292058854681,此用户没有填写评论!,2016-11-15 17:58:11,2,0
356060330,颜色分类:010黑色;尺码:160/80A/S,阳***m,292848939173,此用户没有填写评论!,2016-11-22 10:53:07,1,0
356060330,颜色分类:078樱桃红;尺码:160/80A/S,c***9,292293087974,此用户没有填写评论!,2016-11-19 19:49:27,3,0
356060330,颜色分类:010黑色;尺码:160/80A/S,天***咩,292261835291,此用户没有填写评论!,2016-11-18 15:04:31,0,0
356060330,颜色分类:010黑色;尺码:155/76A/XS,恩***8,287637091642,此用户没有填写评论!,2016-10-08 19:09:41,4,0
356060330,颜色分类:010黑色;尺码:160/80A/S,k***a,296734560068,此用户没有填写评论!,2016-12-22 12:57:00,2,0
356060330,颜色分类:010黑色;尺码:175/92A/XL,琦***4,292919405597,此用户没有填写评论!,2016-11-21 21:15:02,0,0
356060330,颜色分类:078樱桃红;尺码:160/80A/S,v***5,286573589380,此用户没有填写评论!,2016-09-30 08:44:32,4,0
356060330,颜色分类:010黑色;尺码:165/84A/M,a***5,292759700185,此用户没有填写评论!,2016-11-21 00:23:42,3,0
356060330,颜色分类:010黑色;尺码:155/76A/XS,r***e,296430907445,此用户没有填写评论!,2016-12-21 19:35:14,3,0
356060330,颜色分类:010黑色;尺码:165/84A/M,唐***7,293592211275,此用户没有填写评论!,2016-11-26 17:59:32,3,0
356060330,颜色分类:010黑色;尺码:175/92A/XL,b***7,293658969244,此用户没有填写评论!,2016-11-29 23:06:43,0,0
356060330,颜色分类:078樱桃红;尺码:175/96A/XXL,z***m,291988324999,此用户没有填写评论!,2016-11-16 15:16:56,2,0
356060330,颜色分类:078樱桃红;尺码:165/84A/M,g***8,292271071110,此用户没有填写评论!,2016-11-18 22:17:50,2,0
356060330,颜色分类:010黑色;尺码:155/76A/XS,董***园,292503970256,此用户没有填写评论!,2016-11-20 18:01:18,3,0
356060330,颜色分类:010黑色;尺码:170/88A/L,李***6,292036539406,此用户没有填写评论!,2016-11-17 09:44:17,4,0
356060330,颜色分类:010黑色;尺码:160/80A/S,天***幸,293366224725,此用户没有填写评论!,2016-11-25 15:08:18,2,0
356060330,颜色分类:010黑色;尺码:155/76A/XS,贾***1,285817355700,此用户没有填写评论!,2016-09-23 08:31:48,0,0
356060330,颜色分类:078樱桃红;尺码:160/80A/S,假***暗,292697849122,此用户没有填写评论!,2016-11-21 23:15:16,3,0
356060330,颜色分类:010黑色;尺码:165/84A/M,n***r,294026359404,此用户没有填写评论!,2016-11-30 21:46:33,3,0
356060330,颜色分类:010黑色;尺码:160/80A/S,烟***夜,291872750120,此用户没有填写评论!,2016-11-15 16:27:21,0,0
356060330,颜色分类:078樱桃红;尺码:175/92A/XL,深***4,293428221123,此用户没有填写评论!,2016-11-25 13:33:36,0,0
356060330,颜色分类:010黑色;尺码:165/84A/M,m***2,292022083759,此用户没有填写评论!,2016-11-15 18:45:38,2,0
356060330,颜色分类:010黑色;尺码:165/84A/M,c***7,292831226371,此用户没有填写评论!,2016-11-21 11:23:52,3,0
356060330,颜色分类:010黑色;尺码:175/92A/XL,闭***笑,292044734033,此用户没有填写评论!,2016-11-16 16:26:36,3,0
356060330,颜色分类:010黑色;尺码:175/92A/XL,千***a,292382773529,此用户没有填写评论!,2016-11-19 18:21:39,4,0
356060330,颜色分类:010黑色;尺码:170/88A/L,那***f,296852864122,此用户没有填写评论!,2016-12-23 14:51:42,3,0
356060330,颜色分类:010黑色;尺码:165/84A/M,就***走,292940357715,此用户没有填写评论!,2016-11-23 17:50:02,2,0
356060330,颜色分类:010黑色;尺码:170/88A/L,y***m,294209593106,此用户没有填写评论!,2016-12-03 15:21:00,0,0
356060330,颜色分类:010黑色;尺码:175/92A/XL,晴***3,285202858074,此用户没有填写评论!,2016-09-14 20:38:20,4,0
356060330,颜色分类:010黑色;尺码:155/76A/XS,c***6,295316606855,此用户没有填写评论!,2016-12-13 17:24:37,4,0
356060330,颜色分类:010黑色;尺码:160/80A/S,凹***3,291795433201,此用户没有填写评论!,2016-11-16 14:44:34,3,0
356060330,颜色分类:010黑色;尺码:175/92A/XL,眯***界,292001833921,此用户没有填写评论!,2016-11-15 11:21:47,3,0
356060330,颜色分类:010黑色;尺码:170/88A/L,d***1,292953597989,此用户没有填写评论!,2016-11-22 19:00:48,0,0
356060330,颜色分类:010黑色;尺码:170/88A/L,m***a,294687878212,此用户没有填写评论!,2016-12-08 17:20:54,4,0
356060330,颜色分类:010黑色;尺码:165/84A/M,w***4,285073352298,此用户没有填写评论!,2016-09-15 21:05:57,0,0
356060330,颜色分类:078樱桃红;尺码:160/80A/S,w***j,292228159612,此用户没有填写评论!,2016-11-19 11:23:25,4,0
356060330,颜色分类:010黑色;尺码:165/84A/M,陈***6,292110727969,此用户没有填写评论!,2016-11-17 10:40:43,3,0
356060330,颜色分类:010黑色;尺码:165/84A/M,超***2,293297475521,此用户没有填写评论!,2016-11-24 11:41:30,4,0
356060330,颜色分类:078樱桃红;尺码:175/92A/XL,硕***1,292219761285,此用户没有填写评论!,2016-11-17 18:09:39,3,0
356060330,颜色分类:010黑色;尺码:165/84A/M,那***真,293000989560,此用户没有填写评论!,2016-11-22 14:46:30,2,0
356060330,颜色分类:010黑色;尺码:155/76A/XS,y***l,294312257789,此用户没有填写评论!,2016-12-03 14:47:55,3,0
356060330,颜色分类:078樱桃红;尺码:160/80A/S,彼***憾,293739908163,此用户没有填写评论!,2016-11-28 16:31:42,3,0
356060330,颜色分类:078樱桃红;尺码:165/84A/M,紫***9,294887058540,此用户没有填写评论!,2016-12-09 17:32:41,2,0
356060330,颜色分类:010黑色;尺码:155/76A/XS,t***2,291974470376,此用户没有填写评论!,2016-11-17 17:50:51,3,0
356060330,颜色分类:078樱桃红;尺码:160/80A/S,芒***1,292773186575,此用户没有填写评论!,2016-11-22 12:35:24,3,0
356060330,颜色分类:010黑色;尺码:175/92A/XL,钱***2,291846994639,此用户没有填写评论!,2016-11-16 15:34:04,4,0
356060330,颜色分类:010黑色;尺码:155/76A/XS,j***n,291782511014,此用户没有填写评论!,2016-11-15 22:10:34,0,0
356060330,颜色分类:010黑色;尺码:165/84A/M,深***夏,293687886554,此用户没有填写评论!,2016-11-28 20:36:56,0,0
356060330,颜色分类:010黑色;尺码:165/84A/M,s***0,299275849965,此用户没有填写评论!,2017-01-14 18:56:48,0,0
356060330,颜色分类:078樱桃红;尺码:165/84A/M,陈***9,292987573563,此用户没有填写评论!,2016-11-24 09:58:11,0,0
356060330,颜色分类:010黑色;尺码:160/80A/S,中***弧,292727457727,此用户没有填写评论!,2016-11-21 13:59:44,4,0
356060330,颜色分类:010黑色;尺码:160/80A/S,b***大,292081433872,此用户没有填写评论!,2016-11-15 20:19:24,4,0
356060330,颜色分类:078樱桃红;尺码:160/80A/S,s***e,292230058973,此用户没有填写评论!,2016-11-17 21:07:11,2,0
356060330,颜色分类:010黑色;尺码:175/92A/XL,m***8,291883690625,此用户没有填写评论!,2016-11-15 13:56:00,2,0
356060330,颜色分类:010黑色;尺码:165/84A/M,我***是,292422410675,此用户没有填写评论!,2016-11-18 21:14:13,0,0
356060330,颜色分类:078樱桃红;尺码:155/76A/XS,傻***1,291890011062,此用户没有填写评论!,2016-11-15 17:28:13,2,0
356060330,颜色分类:078樱桃红;尺码:155/76A/XS,t***3,292445306071,此用户没有填写评论!,2016-11-18 14:47:54,0,0
356060330,颜色分类:010黑色;尺码:160/80A/S,z***6,298994252090,此用户没有填写评论!,2017-01-14 18:59:44,0,0
356060330,颜色分类:010黑色;尺码:155/76A/XS,m***0,293922404266,此用户没有填写评论!,2016-11-30 08:56:16,3,0
356060330,颜色分类:010黑色;尺码:170/88A/L,m***4,298148708328,此用户没有填写评论!,2017-01-05 18:46:26,3,0
356060330,颜色分类:010黑色;尺码:170/88A/L,0***高,292163881162,此用户没有填写评论!,2016-11-18 12:07:34,4,0
356060330,颜色分类:010黑色;尺码:165/84A/M,c***5,296736286471,此用户没有填写评论!,2016-12-24 18:49:27,3,1
356060330,颜色分类:010黑色;尺码:170/88A/L,苏***用,292445649610,此用户没有填写评论!,2016-11-19 19:00:47,2,0
356060330,颜色分类:078樱桃红;尺码:155/76A/XS,t***3,288025120272,此用户没有填写评论!,2016-10-11 22:09:48,0,0
356060330,颜色分类:010黑色;尺码:155/76A/XS,邻***5,292377005618,此用户没有填写评论!,2016-11-18 10:46:39,2,0
356060330,颜色分类:010黑色;尺码:155/76A/XS,h***5,292379418500,此用户没有填写评论!,2016-11-18 11:01:46,3,0
356060330,颜色分类:010黑色;尺码:165/84A/M,前***库,299865273881,不错，喜欢,2017-01-19 21:15:18,0,0
356060330,颜色分类:010黑色;尺码:170/88A/L,吖***吖,299649406872,太大了，建议小两号,2017-01-19 21:59:00,0,0
356060330,颜色分类:010黑色;尺码:175/92A/XL,a***q,292171324314,此用户没有填写评论!,2016-11-18 12:53:22,3,0
356060330,颜色分类:078樱桃红;尺码:175/92A/XL,s***5,293043772414,此用户没有填写评论!,2016-11-25 13:54:14,3,0
356060330,颜色分类:078樱桃红;尺码:165/84A/M,赵***7,294264032579,此用户没有填写评论!,2016-12-01 22:31:27,3,0
356060330,颜色分类:010黑色;尺码:155/76A/XS,忽***h,294664130914,此用户没有填写评论!,2016-12-07 20:55:30,3,0
356060330,颜色分类:010黑色;尺码:160/80A/S,z***1,297765068156,此用户没有填写评论!,2017-01-03 10:55:36,4,0
356060330,颜色分类:010黑色;尺码:160/80A/S,我***人,291987735233,此用户没有填写评论!,2016-11-15 18:58:35,3,0
356060330,颜色分类:010黑色;尺码:165/84A/M,零***吻,297952812435,此用户没有填写评论!,2017-01-06 00:58:39,2,0
356060330,颜色分类:010黑色;尺码:170/88A/L,g***8,293469427187,此用户没有填写评论!,2016-11-28 17:33:24,3,0
356060330,颜色分类:010黑色;尺码:165/84A/M,m***2,287603459435,此用户没有填写评论!,2016-10-08 07:00:31,4,0
356060330,颜色分类:010黑色;尺码:170/88A/L,g***8,293469427187,此用户没有填写评论!,2016-11-28 17:33:24,3,0
356060330,颜色分类:010黑色;尺码:165/84A/M,m***2,287603459435,此用户没有填写评论!,2016-10-08 07:00:31,4,0
356060330,颜色分类:010黑色;尺码:170/88A/L,t***5,292160635286,此用户没有填写评论!,2016-11-17 20:42:35,3,0
356060330,颜色分类:010黑色;尺码:165/84A/M,x***7,296461163700,此用户没有填写评论!,2016-12-22 08:27:36,0,0
356060330,颜色分类:010黑色;尺码:160/80A/S,3***p,292604794339,此用户没有填写评论!,2016-11-19 17:59:23,4,0
356060330,颜色分类:010黑色;尺码:160/80A/S,夏***信,298916063376,此用户没有填写评论!,2017-01-13 21:42:22,3,0
356060330,颜色分类:010黑色;尺码:170/88A/L,z***9,292758606780,此用户没有填写评论!,2016-11-21 19:55:51,4,0
356060330,颜色分类:010黑色;尺码:165/84A/M,c***i,292906794327,此用户没有填写评论!,2016-11-21 19:45:40,4,0
356060330,颜色分类:010黑色;尺码:165/84A/M,王***4,294055550068,此用户没有填写评论!,2016-12-01 10:18:27,4,0
356060330,颜色分类:010黑色;尺码:155/76A/XS,f***8,296174291173,此用户没有填写评论!,2016-12-20 17:11:31,3,0
356060330,颜色分类:010黑色;尺码:170/88A/L,z***4,298127598363,此用户没有填写评论!,2017-01-05 22:11:07,2,0
356060330,颜色分类:010黑色;尺码:160/80A/S,t***5,293974885883,此用户没有填写评论!,2016-12-01 23:30:59,0,0
356060330,颜色分类:010黑色;尺码:160/80A/S,蒋***9,298284787900,此用户没有填写评论!,2017-01-06 11:58:45,4,0
356060330,颜色分类:010黑色;尺码:165/84A/M,z***0,298866886828,此用户没有填写评论!,2017-01-11 23:43:52,3,0
356060330,颜色分类:010黑色;尺码:160/80A/S,雨***沙,293911447954,此用户没有填写评论!,2016-11-30 13:45:54,3,0
356060330,颜色分类:078樱桃红;尺码:160/80A/S,鲁***3,293263712356,此用户没有填写评论!,2016-11-23 23:44:06,4,0
356060330,颜色分类:010黑色;尺码:165/84A/M,w***1,294537041985,此用户没有填写评论!,2016-12-05 16:34:50,3,0
356060330,颜色分类:078樱桃红;尺码:165/84A/M,m***9,298148307212,此用户没有填写评论!,2017-01-04 12:57:21,4,0
356060330,颜色分类:010黑色;尺码:165/84A/M,佳***0,299442576504,此用户没有填写评论!,2017-01-16 14:10:40,0,0
356060330,颜色分类:010黑色;尺码:160/80A/S,c***y,298172592996,此用户没有填写评论!,2017-01-05 17:19:40,0,0
356060330,颜色分类:078樱桃红;尺码:165/84A/M,不***1,294559805424,此用户没有填写评论!,2016-12-04 14:03:19,4,0
356060330,颜色分类:010黑色;尺码:160/80A/S,筱***萧,293515910015,此用户没有填写评论!,2016-11-28 22:50:33,3,0
356060330,颜色分类:010黑色;尺码:175/92A/XL,赵***9,292268017065,此用户没有填写评论!,2016-11-17 21:18:01,3,0
356060330,颜色分类:078樱桃红;尺码:155/76A/XS,半***空,291979889351,此用户没有填写评论!,2016-11-16 11:23:13,4,0
356060330,颜色分类:010黑色;尺码:160/80A/S,v***8,292090173478,此用户没有填写评论!,2016-11-16 10:40:53,3,0
356060330,颜色分类:078樱桃红;尺码:165/84A/M,s***y,292443970694,此用户没有填写评论!,2016-11-20 14:43:20,4,0
356060330,颜色分类:010黑色;尺码:170/88A/L,m***9,293123309612,此用户没有填写评论!,2016-11-23 15:53:46,0,0
356060330,颜色分类:010黑色;尺码:155/76A/XS,c***0,294258572577,此用户没有填写评论!,2016-12-04 09:49:14,2,0
356060330,颜色分类:078樱桃红;尺码:165/84A/M,相***1,296224259295,此用户没有填写评论!,2016-12-17 23:43:57,3,0
356060330,颜色分类:010黑色;尺码:160/80A/S,万***4,293045354888,此用户没有填写评论!,2016-11-23 14:58:34,3,0
356060330,颜色分类:078樱桃红;尺码:170/88A/L,乖***袋,292093740249,此用户没有填写评论!,2016-11-18 08:20:52,3,0
356060330,颜色分类:010黑色;尺码:175/92A/XL,x***8,292844526600,此用户没有填写评论!,2016-11-22 11:18:31,3,0
356060330,颜色分类:010黑色;尺码:175/92A/XL,k***g,299479206820,此用户没有填写评论!,2017-01-16 20:33:08,0,0
356060330,颜色分类:078樱桃红;尺码:165/84A/M,林***铺,288439211205,此用户没有填写评论!,2016-10-17 20:51:31,4,0
356060330,颜色分类:010黑色;尺码:160/80A/S,k***j,294165353589,此用户没有填写评论!,2016-12-03 21:02:31,0,0
356060330,颜色分类:010黑色;尺码:170/88A/L,紫***1,292333488325,此用户没有填写评论!,2016-11-17 13:31:36,4,0
356060330,颜色分类:010黑色;尺码:165/84A/M,h***5,292962637765,此用户没有填写评论!,2016-11-22 14:14:10,4,0
356060330,颜色分类:010黑色;尺码:170/88A/L,浔***6,297851115413,此用户没有填写评论!,2017-01-03 20:04:43,3,0
356060330,颜色分类:010黑色;尺码:160/80A/S,t***1,292651600084,此用户没有填写评论!,2016-11-19 14:41:59,2,0
356060330,颜色分类:010黑色;尺码:160/80A/S,s***9,291571554598,此用户没有填写评论!,2016-11-14 12:15:42,0,0
356060330,颜色分类:010黑色;尺码:165/84A/M,a***5,292781531569,此用户没有填写评论!,2016-11-21 22:44:30,0,0
356060330,颜色分类:078樱桃红;尺码:165/84A/M,小***仙,292799631632,此用户没有填写评论!,2016-11-23 13:02:51,4,0
356060330,颜色分类:078樱桃红;尺码:175/92A/XL,s***s,299303982647,此用户没有填写评论!,2017-01-16 20:27:51,4,0
356060330,颜色分类:010黑色;尺码:170/88A/L,吴***9,296789750061,此用户没有填写评论!,2016-12-26 18:46:37,3,0
356060330,颜色分类:010黑色;尺码:170/88A/L,宁***粉,292056952924,此用户没有填写评论!,2016-11-17 14:13:00,0,0
356060330,颜色分类:010黑色;尺码:160/80A/S,l***z,294800376501,此用户没有填写评论!,2016-12-08 08:35:11,3,0
356060330,颜色分类:010黑色;尺码:165/84A/M,l***6,285189609585,此用户没有填写评论!,2016-09-18 15:04:37,3,0
356060330,颜色分类:010黑色;尺码:160/80A/S,千***雪,293761842289,此用户没有填写评论!,2016-11-30 09:41:44,3,0
356060330,颜色分类:010黑色;尺码:155/76A/XS,泪***胧,290016106776,此用户没有填写评论!,2016-10-31 10:22:25,3,0
356060330,颜色分类:010黑色;尺码:170/88A/L,皇***9,293697831642,此用户没有填写评论!,2016-11-28 16:43:54,0,0
356060330,颜色分类:010黑色;尺码:175/92A/XL,l***5,293514212748,此用户没有填写评论!,2016-11-27 15:49:58,0,0
356060330,颜色分类:010黑色;尺码:155/76A/XS,q***3,295190209081,此用户没有填写评论!,2016-12-11 13:27:31,0,0
356060330,颜色分类:010黑色;尺码:155/76A/XS,语***渔,294550545981,此用户没有填写评论!,2016-12-05 18:28:48,3,0
356060330,颜色分类:010黑色;尺码:175/92A/XL,l***n,292968320566,此用户没有填写评论!,2016-11-22 02:43:34,3,0
356060330,颜色分类:078樱桃红;尺码:175/92A/XL,他***儿,292713782498,此用户没有填写评论!,2016-11-19 21:52:20,4,0
356060330,颜色分类:010黑色;尺码:165/84A/M,w***4,293817295273,此用户没有填写评论!,2016-11-30 16:20:17,0,0
356060330,颜色分类:010黑色;尺码:160/80A/S,李***o,298120333642,此用户没有填写评论!,2017-01-04 22:51:27,0,0
356060330,颜色分类:078樱桃红;尺码:155/76A/XS,s***0,291851505548,此用户没有填写评论!,2016-11-15 16:25:15,0,0
356060330,颜色分类:010黑色;尺码:160/80A/S,s***e,293193333205,此用户没有填写评论!,2016-11-25 17:16:28,3,0
356060330,颜色分类:010黑色;尺码:170/88A/L,y***d,292535430217,此用户没有填写评论!,2016-11-21 13:34:21,3,0
356060330,颜色分类:010黑色;尺码:155/76A/XS,宝***爱,292413812015,此用户没有填写评论!,2016-11-18 14:39:53,4,0
356060330,颜色分类:010黑色;尺码:155/76A/XS,m***一,292399123014,此用户没有填写评论!,2016-11-20 14:44:55,3,0
356060330,颜色分类:010黑色;尺码:155/76A/XS,偏***疯,293336678795,此用户没有填写评论!,2016-11-24 17:05:48,0,0
356060330,颜色分类:010黑色;尺码:155/76A/XS,番***彬,292684547882,此用户没有填写评论!,2016-11-20 09:29:58,3,0
356060330,颜色分类:010黑色;尺码:155/76A/XS,y***k,293822051150,此用户没有填写评论!,2016-12-01 10:37:25,2,0
356060330,颜色分类:078樱桃红;尺码:170/88A/L,禹***g,292930590178,此用户没有填写评论!,2016-11-22 18:16:35,3,0
356060330,颜色分类:010黑色;尺码:170/88A/L,慕***w,294317838018,此用户没有填写评论!,2016-12-03 10:05:25,0,0
356060330,颜色分类:010黑色;尺码:170/88A/L,t***8,292013873834,此用户没有填写评论!,2016-11-17 00:25:54,3,0
356060330,颜色分类:078樱桃红;尺码:160/80A/S,陈***9,299399331572,此用户没有填写评论!,2017-01-15 19:10:29,0,0
356060330,颜色分类:078樱桃红;尺码:155/76A/XS,x***5,294820836403,此用户没有填写评论!,2016-12-07 17:29:53,2,0
356060330,颜色分类:010黑色;尺码:155/76A/XS,q***1,299048908836,此用户没有填写评论!,2017-01-12 22:24:51,0,0
356060330,颜色分类:010黑色;尺码:160/80A/S,j***5,291573548720,此用户没有填写评论!,2016-11-15 08:26:42,3,0
356060330,颜色分类:010黑色;尺码:175/92A/XL,a***7,292728132012,此用户没有填写评论!,2016-11-20 17:27:52,3,0
356060330,颜色分类:010黑色;尺码:155/76A/XS,l***0,292387030755,此用户没有填写评论!,2016-11-17 19:10:00,4,0
356060330,颜色分类:078樱桃红;尺码:165/84A/M,欧***在,295201667275,此用户没有填写评论!,2016-12-10 08:28:47,0,0
356060330,颜色分类:010黑色;尺码:160/80A/S,y***7,292265073701,此用户没有填写评论!,2016-11-18 11:26:09,0,0
356060330,颜色分类:010黑色;尺码:170/88A/L,l***2,293626097002,此用户没有填写评论!,2016-11-28 00:31:22,4,0
356060330,颜色分类:010黑色;尺码:170/88A/L,月***1,295996673492,此用户没有填写评论!,2016-12-17 13:14:16,4,0
356060330,颜色分类:078樱桃红;尺码:175/92A/XL,c***安,293326445384,此用户没有填写评论!,2016-11-24 22:30:18,3,0
356060330,颜色分类:010黑色;尺码:160/80A/S,j***0,296766062854,此用户没有填写评论!,2016-12-25 11:00:18,3,0
356060330,颜色分类:010黑色;尺码:170/88A/L,大***事,293155536286,此用户没有填写评论!,2016-11-23 09:08:13,2,0
356060330,颜色分类:078樱桃红;尺码:165/84A/M,h***8,287693382077,此用户没有填写评论!,2016-10-12 16:19:02,4,0
356060330,颜色分类:010黑色;尺码:160/80A/S,幸***情,296899706149,此用户没有填写评论!,2016-12-24 15:16:26,3,0
356060330,颜色分类:010黑色;尺码:160/80A/S,d***6,297405633198,此用户没有填写评论!,2016-12-30 08:19:29,0,0
356060330,颜色分类:010黑色;尺码:160/80A/S,珍***菜,292023252120,此用户没有填写评论!,2016-11-16 08:40:04,2,0
356060330,颜色分类:010黑色;尺码:170/88A/L,黑***护,286212981202,此用户没有填写评论!,2016-09-26 22:10:03,0,0
356060330,颜色分类:010黑色;尺码:165/84A/M,h***i,291774032518,此用户没有填写评论!,2016-11-14 07:30:19,4,0
356060330,颜色分类:010黑色;尺码:160/80A/S,桂***红,294064276011,此用户没有填写评论!,2016-11-30 19:33:55,3,0
356060330,颜色分类:010黑色;尺码:160/80A/S,t***0,297200740010,此用户没有填写评论!,2016-12-27 20:39:30,4,0
356060330,颜色分类:010黑色;尺码:165/84A/M,l***2,292256102181,此用户没有填写评论!,2016-11-19 09:24:22,4,0
356060330,颜色分类:078樱桃红;尺码:160/80A/S,h***5,292297821358,此用户没有填写评论!,2016-11-17 14:51:37,3,0
356060330,颜色分类:010黑色;尺码:155/76A/XS,t***3,285361660538,此用户没有填写评论!,2016-09-19 17:08:58,4,0
356060330,颜色分类:078樱桃红;尺码:165/84A/M,水***x,292596412141,此用户没有填写评论!,2016-11-21 08:35:32,3,0
356060330,颜色分类:078樱桃红;尺码:155/76A/XS,w***w,297241866787,此用户没有填写评论!,2016-12-28 17:04:32,4,0
356060330,颜色分类:010黑色;尺码:155/76A/XS,k***a,293399427988,此用户没有填写评论!,2016-11-25 19:46:51,3,0
356060330,颜色分类:010黑色;尺码:165/84A/M,鸣***酱,292110098931,此用户没有填写评论!,2016-11-18 10:06:07,3,0
356060330,颜色分类:010黑色;尺码:160/80A/S,y***7,291941463945,此用户没有填写评论!,2016-11-16 09:30:29,3,0
356060330,颜色分类:078樱桃红;尺码:155/76A/XS,快***3,293657184770,此用户没有填写评论!,2016-11-27 18:51:13,3,0
356060330,颜色分类:010黑色;尺码:170/88A/L,t***3,294725627431,此用户没有填写评论!,2016-12-07 18:31:39,3,0
356060330,颜色分类:010黑色;尺码:170/88A/L,b***d,292268093320,此用户没有填写评论!,2016-11-17 11:50:13,4,0
356060330,颜色分类:010黑色;尺码:170/88A/L,t***3,294725627431,此用户没有填写评论!,2016-12-07 18:31:39,3,0
356060330,颜色分类:010黑色;尺码:170/88A/L,b***d,292268093320,此用户没有填写评论!,2016-11-17 11:50:13,4,0
356060330,颜色分类:010黑色;尺码:175/96A/XXL,陈***n,291478178351,此用户没有填写评论!,2016-11-13 19:11:35,3,0
356060330,颜色分类:010黑色;尺码:170/88A/L,蒙***邑,292318161825,此用户没有填写评论!,2016-11-18 23:13:15,3,0
356060330,颜色分类:010黑色;尺码:165/84A/M,阳***军,292030088593,此用户没有填写评论!,2016-11-16 21:41:21,4,0
356060330,颜色分类:010黑色;尺码:155/76A/XS,麦***0,292637320825,此用户没有填写评论!,2016-11-21 16:19:27,4,0
356060330,颜色分类:078樱桃红;尺码:170/88A/L,王***7,292176293078,此用户没有填写评论!,2016-11-18 06:30:10,3,0
356060330,颜色分类:010黑色;尺码:170/88A/L,王***4,294051147815,此用户没有填写评论!,2016-12-02 11:46:20,4,0
356060330,颜色分类:010黑色;尺码:170/88A/L,m***t,294405893639,此用户没有填写评论!,2016-12-05 10:46:14,2,0
356060330,颜色分类:010黑色;尺码:165/84A/M,她***的,294002573486,此用户没有填写评论!,2016-11-30 08:33:02,3,0
356060330,颜色分类:010黑色;尺码:155/76A/XS,潘***1,293884664884,此用户没有填写评论!,2016-12-01 07:47:26,0,0
356060330,颜色分类:010黑色;尺码:155/76A/XS,l***l,292115844152,此用户没有填写评论!,2016-11-16 18:28:42,3,0
356060330,颜色分类:010黑色;尺码:155/76A/XS,红***人,292030447861,此用户没有填写评论!,2016-11-17 23:11:02,3,0
356060330,颜色分类:010黑色;尺码:160/80A/S,音***5,292177213670,此用户没有填写评论!,2016-11-16 22:28:03,3,0
356060330,颜色分类:010黑色;尺码:175/92A/XL,夜***6,299245250267,此用户没有填写评论!,2017-01-16 21:09:57,0,0
356060330,颜色分类:078樱桃红;尺码:160/80A/S,兰***念,291957505510,此用户没有填写评论!,2016-11-16 11:10:08,3,0
356060330,颜色分类:010黑色;尺码:170/88A/L,c***k,292942008184,此用户没有填写评论!,2016-11-23 00:09:28,3,0
356060330,颜色分类:010黑色;尺码:165/84A/M,牛***糖,292818139000,此用户没有填写评论!,2016-11-21 20:56:57,2,0
356060330,颜色分类:010黑色;尺码:155/76A/XS,毛***2,291934169829,此用户没有填写评论!,2016-11-14 20:49:36,3,0
356060330,颜色分类:078樱桃红;尺码:175/92A/XL,郑***h,292672894817,此用户没有填写评论!,2016-11-21 14:42:09,0,0
356060330,颜色分类:010黑色;尺码:165/84A/M,奇***0,288202222064,此用户没有填写评论!,2016-10-14 21:58:15,4,0
356060330,颜色分类:010黑色;尺码:160/80A/S,1***w,293649163106,此用户没有填写评论!,2016-11-28 15:25:20,0,0
356060330,颜色分类:010黑色;尺码:170/88A/L,壞***y,296799419073,此用户没有填写评论!,2016-12-24 15:19:21,4,0
356060330,颜色分类:010黑色;尺码:155/76A/XS,简***1,292598075950,此用户没有填写评论!,2016-11-21 10:21:44,3,0
356060330,颜色分类:010黑色;尺码:160/80A/S,小***l,294951188167,此用户没有填写评论!,2016-12-08 16:40:53,0,0
356060330,颜色分类:078樱桃红;尺码:155/76A/XS,黄***洋,297040177480,此用户没有填写评论!,2016-12-26 22:52:39,1,0
356060330,颜色分类:010黑色;尺码:170/88A/L,柯***颖,293648630648,此用户没有填写评论!,2016-11-27 09:06:26,2,0
356060330,颜色分类:010黑色;尺码:165/84A/M,桂***红,294009153001,此用户没有填写评论!,2016-11-30 19:29:43,3,0
356060330,颜色分类:078樱桃红;尺码:155/76A/XS,t***2,294095383549,此用户没有填写评论!,2016-12-01 14:47:30,3,0
356060330,颜色分类:010黑色;尺码:165/84A/M,翰***墨,292869674278,此用户没有填写评论!,2016-11-21 13:55:04,4,0
356060330,颜色分类:010黑色;尺码:155/76A/XS,j***8,298874030537,此用户没有填写评论!,2017-01-12 23:46:41,4,0
356060330,颜色分类:010黑色;尺码:175/92A/XL,h***i,299372157994,此用户没有填写评论!,2017-01-16 18:02:11,3,0
356060330,颜色分类:078樱桃红;尺码:165/84A/M,h***0,291785165385,此用户没有填写评论!,2016-11-14 09:29:37,3,0
356060330,颜色分类:010黑色;尺码:165/84A/M,t***5,292635289401,此用户没有填写评论!,2016-11-22 08:31:01,4,0
356060330,颜色分类:010黑色;尺码:160/80A/S,乔***3,292993351728,此用户没有填写评论!,2016-11-23 10:15:48,4,0
356060330,颜色分类:010黑色;尺码:170/88A/L,流***浅,292314423114,此用户没有填写评论!,2016-11-17 19:22:16,3,0
356060330,颜色分类:010黑色;尺码:165/84A/M,陈***0,292644577976,此用户没有填写评论!,2016-11-21 00:46:06,3,0
356060330,颜色分类:078樱桃红;尺码:155/76A/XS,w***e,290270148990,此用户没有填写评论!,2016-11-02 18:59:43,2,0
356060330,颜色分类:078樱桃红;尺码:165/84A/M,我***猪,292072015340,此用户没有填写评论!,2016-11-17 15:49:03,0,0
356060330,颜色分类:010黑色;尺码:155/76A/XS,张***4,293617889589,此用户没有填写评论!,2016-11-28 12:07:36,2,0
356060330,颜色分类:010黑色;尺码:160/80A/S,y***9,292243377259,此用户没有填写评论!,2016-11-17 20:41:22,3,0
356060330,颜色分类:078樱桃红;尺码:175/92A/XL,x***o,291757403809,此用户没有填写评论!,2016-11-15 19:28:12,0,0
356060330,颜色分类:010黑色;尺码:165/84A/M,r***枝,294311616704,此用户没有填写评论!,2016-12-02 14:42:35,3,0
356060330,颜色分类:078樱桃红;尺码:155/76A/XS,t***0,293373202137,此用户没有填写评论!,2016-11-26 18:12:39,3,0
356060330,颜色分类:078樱桃红;尺码:155/76A/XS,g***8,292217972824,此用户没有填写评论!,2016-11-18 10:25:18,2,0
356060330,颜色分类:010黑色;尺码:165/84A/M,瑾***j,292447722853,此用户没有填写评论!,2016-11-19 10:00:37,3,0
356060330,颜色分类:010黑色;尺码:165/84A/M,羽***c,293181751854,此用户没有填写评论!,2016-11-24 18:11:00,4,0
356060330,颜色分类:078樱桃红;尺码:170/88A/L,马***7,292673872017,此用户没有填写评论!,2016-11-19 17:07:04,4,0
356060330,颜色分类:078樱桃红;尺码:160/80A/S,w***6,299102918499,此用户没有填写评论!,2017-01-13 13:11:31,3,0
356060330,颜色分类:010黑色;尺码:160/80A/S,j***宇,293514585408,此用户没有填写评论!,2016-11-28 22:15:02,3,0
356060330,颜色分类:010黑色;尺码:165/84A/M,呀***呀,296528820162,此用户没有填写评论!,2016-12-21 13:58:33,0,0
356060330,颜色分类:010黑色;尺码:160/80A/S,温***笛,292150786774,此用户没有填写评论!,2016-11-18 10:46:16,2,0
356060330,颜色分类:010黑色;尺码:175/92A/XL,d***远,293131884521,此用户没有填写评论!,2016-11-25 19:20:50,4,0
356060330,颜色分类:010黑色;尺码:155/76A/XS,x***丝,294269367433,此用户没有填写评论!,2016-12-02 17:58:25,3,0
356060330,颜色分类:078樱桃红;尺码:160/80A/S,s***q,294680962046,此用户没有填写评论!,2016-12-07 11:30:32,0,0
356060330,颜色分类:078樱桃红;尺码:165/84A/M,崔***1,292939117690,此用户没有填写评论!,2016-11-22 08:42:32,2,0
356060330,颜色分类:010黑色;尺码:170/88A/L,t***6,294250807016,此用户没有填写评论!,2016-12-01 22:25:10,4,0
356060330,颜色分类:078樱桃红;尺码:160/80A/S,翁***艳,292553025127,此用户没有填写评论!,2016-11-19 21:49:45,2,0
356060330,颜色分类:010黑色;尺码:160/80A/S,亲***风,287134811838,此用户没有填写评论!,2016-10-06 18:31:22,4,0
356060330,颜色分类:010黑色;尺码:155/76A/XS,唯***洛,292535036846,此用户没有填写评论!,2016-11-18 18:05:21,3,0
356060330,颜色分类:010黑色;尺码:155/76A/XS,云***d,294607367560,此用户没有填写评论!,2016-12-05 16:57:11,3,0
356060330,颜色分类:010黑色;尺码:160/80A/S,你***来,292172691014,此用户没有填写评论!,2016-11-18 21:40:23,0,0
356060330,颜色分类:010黑色;尺码:170/88A/L,h***7,292397486601,此用户没有填写评论!,2016-11-19 15:37:14,3,0
356060330,颜色分类:010黑色;尺码:165/84A/M,菲***扬,292526072670,此用户没有填写评论!,2016-11-20 20:39:44,3,0
356060330,颜色分类:078樱桃红;尺码:170/88A/L,小***璐,293581010387,此用户没有填写评论!,2016-11-28 19:24:15,3,0
356060330,颜色分类:010黑色;尺码:160/80A/S,f***j,297127833797,此用户没有填写评论!,2016-12-26 12:58:15,3,0
356060330,颜色分类:010黑色;尺码:175/92A/XL,胖***猪,287179671909,此用户没有填写评论!,2016-10-05 21:49:53,4,0
356060330,颜色分类:010黑色;尺码:170/88A/L,c***4,292256918065,此用户没有填写评论!,2016-11-19 14:33:59,3,0
356060330,颜色分类:010黑色;尺码:170/88A/L,s***1,293441551181,此用户没有填写评论!,2016-11-27 19:43:52,3,0
356060330,颜色分类:010黑色;尺码:155/76A/XS,翁***英,296699856888,此用户没有填写评论!,2016-12-22 21:30:33,3,0
356060330,颜色分类:010黑色;尺码:165/84A/M,晓***y,298168347648,此用户没有填写评论!,2017-01-06 22:16:05,4,0
356060330,颜色分类:010黑色;尺码:155/76A/XS,t***9,295073296450,此用户没有填写评论!,2016-12-09 12:22:10,4,0
356060330,颜色分类:010黑色;尺码:175/92A/XL,y***5,285274258183,此用户没有填写评论!,2016-09-17 16:40:30,4,0
356060330,颜色分类:078樱桃红;尺码:155/76A/XS,黎***姐,299359847096,此用户没有填写评论!,2017-01-15 23:02:11,4,0
356060330,颜色分类:010黑色;尺码:165/84A/M,四***幺,293065179949,此用户没有填写评论!,2016-11-24 20:41:19,0,0
356060330,颜色分类:010黑色;尺码:170/88A/L,s***3,292676523381,此用户没有填写评论!,2016-11-21 08:34:51,2,0
356060330,颜色分类:010黑色;尺码:165/84A/M,b***o,292624157242,此用户没有填写评论!,2016-11-19 18:09:32,2,0
356060330,颜色分类:010黑色;尺码:155/76A/XS,f***7,292221268768,此用户没有填写评论!,2016-11-17 22:26:11,3,0
356060330,颜色分类:010黑色;尺码:170/88A/L,沙***核,299265750570,此用户没有填写评论!,2017-01-14 16:42:08,4,0
356060330,颜色分类:010黑色;尺码:165/84A/M,卡***1,292621029977,此用户没有填写评论!,2016-11-21 14:13:32,0,0
356060330,颜色分类:078樱桃红;尺码:155/76A/XS,织***8,293709843966,此用户没有填写评论!,2016-11-28 09:11:22,4,0
356060330,颜色分类:010黑色;尺码:165/84A/M,张***j,293246937881,此用户没有填写评论!,2016-11-23 21:21:12,3,0
356060330,颜色分类:010黑色;尺码:175/92A/XL,j***u,292230102086,此用户没有填写评论!,2016-11-19 11:37:43,4,0
356060330,颜色分类:010黑色;尺码:155/76A/XS,l***3,287093597473,此用户没有填写评论!,2016-10-03 16:18:38,4,0
356060330,颜色分类:010黑色;尺码:160/80A/S,只***头,296051002614,此用户没有填写评论!,2016-12-17 18:04:16,0,0
356060330,颜色分类:078樱桃红;尺码:160/80A/S,双***8,292353251261,此用户没有填写评论!,2016-11-17 15:15:39,3,0
356060330,颜色分类:010黑色;尺码:170/88A/L,l***4,293705361549,此用户没有填写评论!,2016-11-28 22:04:06,2,0
356060330,颜色分类:010黑色;尺码:155/76A/XS,t***3,293454994833,此用户没有填写评论!,2016-11-28 15:36:40,3,0
356060330,颜色分类:078樱桃红;尺码:165/84A/M,王***8,292461364766,此用户没有填写评论!,2016-11-19 15:42:59,4,0
356060330,颜色分类:078樱桃红;尺码:165/84A/M,唯***少,299800861235,此用户没有填写评论!,2017-01-19 17:55:58,0,0
356060330,颜色分类:078樱桃红;尺码:165/84A/M,学***1,299894761830,此用户没有填写评论!,2017-01-20 09:54:10,0,0
