356060330,颜色分类:99A彩花2 PRINT2;尺码:175/92A/XL,5***1,299720688262,裙子太蓬，衣服线头太多,2017-01-18 14:29:16,4,0
356060330,颜色分类:99M彩花 Print;尺码:155/76A/XS,包***繁,299441724780,挺漂亮的，穿上很有气质！就是衣服太短了,2017-01-19 09:40:11,0,0
356060330,颜色分类:99M彩花 Print;尺码:170/88A/L,z***2,298774527588,码数很正，裙子很蓬，穿上显得腰非常细，好看！上衣很修身，就是感觉穿着不是很舒服！,2017-01-12 23:45:47,0,0
356060330,颜色分类:99M彩花 Print;尺码:165/84A/M,l***i,299595115804,质量很好，就是上衣有点小 不过上身效果挺好的,2017-01-19 23:51:50,3,0
356060330,颜色分类:99A彩花2 PRINT2;尺码:160/80A/S,r***1,297821064576,看到上衣真的是吓一跳哦，那么迷你，真担心自己穿不上去，其实能穿上滴，非常修身。我165买了s号，袖子比模特穿的短，裙子也比模特穿得蓬大，其他一切都好，喜欢！,2017-01-03 11:29:12,3,1
356060330,颜色分类:99A彩花2 PRINT2;尺码:170/88A/L,我***8,299660483779,还以为是连衣裙，原来是两件套的，很漂亮的，价廉物美哈哈,2017-01-18 10:51:56,2,0
356060330,颜色分类:99A彩花2 PRINT2;尺码:170/88A/L,简***6,299450427505,很漂亮，就是领子太大了，上衣太短了，哈哈,2017-01-17 19:23:42,0,0
356060330,颜色分类:99M彩花 Print;尺码:160/80A/S,w***1,298613509736,衣服很好看，很有手感，就是上衣太瘦，不过这个款就这么设计的，买了个外搭来配它，喜欢很久了，最后还是下手了！,2017-01-11 15:38:51,0,0
356060330,颜色分类:99M彩花 Print;尺码:170/88A/L,t***1,298769400764,整体不错显瘦，衣服薄裙子厚有点长,2017-01-12 22:14:54,0,0
356060330,颜色分类:99A彩花2 PRINT2;尺码:160/80A/S,豆***1,298222550999,穿着特别显瘦，质量挺的，是我喜欢的！看到有买家说上衣质感稍硬，我想稍硬质的材料是有它道理的，这样穿着不容易皱不松不变形更贴身更能显现出小蛮腰来，因为裙子是蓬蓬裙配衬的上衣一定紧身不变形的上衣才不会显雍肿。,2017-01-05 15:06:06,3,0
356060330,颜色分类:99A彩花2 PRINT2;尺码:155/76A/XS,小***1,299814656409,穿上很美，就是袖子咧开了卖家态度还不错同意换货了,2017-01-19 20:22:03,4,0
356060330,颜色分类:99M彩花 Print;尺码:165/84A/M,v***m,298821110607,买到自己喜欢的衣服太开心了！下次再来！,2017-01-11 11:25:06,0,1
356060330,颜色分类:99A彩花2 PRINT2;尺码:160/80A/S,娇***i,299232694060,已经收到了，但没想到上衣这么短，还行吧,2017-01-17 12:04:37,0,0
356060330,颜色分类:99A彩花2 PRINT2;尺码:155/76A/XS,随***月,299405698212,已经收到了，没有打开看，买的时候是要另外款彩花的，客服说没有货，结果我收到货了，又看到有了我也是醉了,2017-01-18 10:13:00,4,0
356060330,颜色分类:99A彩花2 PRINT2;尺码:160/80A/S,龙***8,299593320150,款式很漂亮，上衣有点硬,2017-01-18 21:02:21,2,0
356060330,颜色分类:99A彩花2 PRINT2;尺码:165/84A/M,x***0,299188867062,快递神速，衣服裙子都超级好看，合身的很，又显瘦！,2017-01-16 21:53:25,0,0
356060330,颜色分类:99M彩花 Print;尺码:170/88A/L,若***1,298670545674,超美，160 60很合适，裙子腰部有一点点送松，不过没有影响,2017-01-11 19:47:32,3,0
356060330,颜色分类:99M彩花 Print;尺码:170/88A/L,t***0,299121401243,衣服可以，只是裙子太蓬松了,2017-01-16 13:55:06,0,0
356060330,颜色分类:99M彩花 Print;尺码:155/76A/XS,l***o,298456844171,<b></b>此<b></b>用<b></b>户<b></b>没<b></b>有<b></b>填<b></b>写<b></b>评<b></b>论<b></b>!<b></b>,2017-01-10 09:36:50,3,0
356060330,颜色分类:99A彩花2 PRINT2;尺码:165/84A/M,z***5,298742174695,款式不错，上衣合适，裙子腰有些大再短一些更完美,2017-01-12 13:07:10,0,0
356060330,颜色分类:99A彩花2 PRINT2;尺码:165/84A/M,花***的,293454733595,惊喜！效果意外的好，好漂亮！,2016-11-26 10:52:41,0,0
356060330,颜色分类:99M彩花 Print;尺码:155/76A/XS,z***6,291904358550,超级喜欢这套衣服 一直很喜欢only家的衣服 质量和尺码都很正 一如既往的好 物流也超快 实在太赞了,2016-11-14 16:08:22,3,0
356060330,颜色分类:99A彩花2 PRINT2;尺码:155/76A/XS,晶***5,291679083269,买到喜欢的衣服好开心，发货快物流快，衣服质量不错，越来越喜欢only了。。。162/95买的155，很合身,2016-11-14 19:07:29,4,0
356060330,颜色分类:99M彩花 Print;尺码:165/84A/M,w***2,291803369503,穿上挺漂亮，就是我肚肚上有肉肉，腰细的美眉穿上应该棒棒的～上衣款式很好哦～快递很快12收到！,2016-11-16 16:23:50,3,0
356060330,颜色分类:99A彩花2 PRINT2;尺码:160/80A/S,q***8,297455599721,修身，很好看，是一家很不错的店，推荐推荐大家购买。,2017-01-01 02:34:03,2,0
356060330,颜色分类:99A彩花2 PRINT2;尺码:165/84A/M,米***3,299549688331,挺喜欢的，穿上很美很仙，物流也很快，赞！,2017-01-18 17:05:20,0,0
356060330,颜色分类:99A彩花2 PRINT2;尺码:165/84A/M,t***4,291618750101,赞赞赞，双十一拍的这么快就到货，快递很给力啊！东西跟专卖店一样是正品，穿上美美哒?,2016-11-13 21:17:49,3,0
356060330,颜色分类:99M彩花 Print;尺码:165/84A/M,哟***超,292366198496,衣服很好，大小合适，超显瘦，是喜欢的类型，大爱啊！,2016-11-17 16:39:00,2,0
356060330,颜色分类:99A彩花2 PRINT2;尺码:155/76A/XS,漫***红,299286959491,特别好看，质量也很好，服务也很好,2017-01-17 13:35:04,0,0
356060330,颜色分类:99M彩花 Print;尺码:165/84A/M,c***3,291748640240,衣服如图，没色差，很漂亮，双十一第一个到的包裹，超赞！,2016-11-13 16:00:25,4,0
356060330,颜色分类:99M彩花 Print;尺码:170/88A/L,p***h,292139043717,挺好看的，也显瘦，就是裙子太大了。双十一第二天就到货了，一定好评,2016-11-16 14:34:55,3,0
356060330,颜色分类:99A彩花2 PRINT2;尺码:165/84A/M,我***y,291668538412,衣服质量很好，中码穿起来很合身，也很好看，好评！,2016-11-13 15:52:08,2,0
356060330,颜色分类:99M彩花 Print;尺码:165/84A/M,t***2,291801805989,衣服质量很好，快递速度超赞！适合瘦瘦高高个！加油减肥后穿 ?,2016-11-14 23:35:02,2,0
356060330,颜色分类:99A彩花2 PRINT2;尺码:160/80A/S,璀***u,292295747472,衣服很漂亮 手感也很好 这件值得购买 全五分,2016-11-17 09:58:17,4,0
356060330,颜色分类:99A彩花2 PRINT2;尺码:165/84A/M,a***8,295348705629,整体样子不错，但肯定不是正品。做工不细致，布料也不舒服，针织衫很硬。吊牌硬刷油墨喷涂不匀（右边moda实体店）。想这个价格，买正品可能有点儿为难商家。,2016-12-13 20:11:19,2,3
356060330,颜色分类:99M彩花 Print;尺码:160/80A/S,j***0,296002403960,上衣太短了。像薄款的内衣！裙子像太空棉面料 是蓬起来的 但是蓬的不规则 不是圆形的蓬 而是这里翘起的那里是凹进去的。而且裙子有些大。不好搭配外套。适合单穿,2016-12-16 19:53:35,4,4
356060330,颜色分类:99M彩花 Print;尺码:170/88A/L,兰***l,291454831496,吊牌拆过了，是系上去的别人穿过了退货在拿来卖，质量问题做好可以么，一直觉得你家款式挺好，但是不能质量这么差吧，背面起球了，裙子线头很多，上次买的裙子，穿了一次从腰跟前全部开线，质量也不至于这么次吧！双十一打折真的不是这么糊弄人的。,2016-11-13 22:47:41,3,4
356060330,颜色分类:99M彩花 Print;尺码:165/84A/M,b***8,291920851702,非常好看！显瘦，裙子是蓬蓬的，很美！满意！物流也快,2016-11-15 06:52:02,3,0
356060330,颜色分类:99A彩花2 PRINT2;尺码:165/84A/M,c***f,296434580994,"衣服大小正好，就是有点短，偏薄。  裙子腰有点大，100斤，165CM,应该小一号也可以穿，懒得退换了。本来想买彩色花朵的裙子，结果没码数了，这个花比较素一点，不过上身效果也挺好。 无色差 不透明 还行",2016-12-21 12:01:00,3,0
356060330,颜色分类:99M彩花 Print;尺码:160/80A/S,j***8,294795137601,垃圾中的垃圾 虽然是双十一打折买的 但是也是三百多块 更何况是品牌的衣服 给我发了三次来 都是上衣开线或者缺一条线的次品 我也是无语了 找客服都要等很久才有人回复 这是我淘宝以来遇到的唯一一次这样的事情 还是only旗舰店 真是气愤 马上又要双十二了 想在他家买衣服的慎重考虑吧 打折的衣服就是工厂次品,2016-12-08 11:32:21,0,5
356060330,颜色分类:99M彩花 Print;尺码:165/84A/M,飞***4,299751863262,上衣属于有点硬的料子，还算满意，裙子摆很大也挺长的，163，56kg，属于上身匀称腿粗的体型，m码上衣合适，裙子正好到膝盖感觉有点长，衣服做工可以，就是裙子上的印花有稍微跑偏问题，本人做过服装行业，所以看的印花问题比较在行，但是不是专业的也看不出来啦，不影响穿着的。,2017-01-19 15:06:55,0,0
356060330,颜色分类:99A彩花2 PRINT2;尺码:160/80A/S,安***水,295959882006,物流超级快，双十二买的，第二天就到货了。还以为是一件，结果是上下两件。上衣针织的，有点硬，不过质量不错。下身裙子是布料的，很厚实，穿起来有点中世纪复古蓬蓬裙的效果，不过不知道洗了之后会不会塌下去。 总结一句，上身效果不错，就是价格有点贵了。。。,2016-12-16 14:00:14,2,0
356060330,颜色分类:99A彩花2 PRINT2;尺码:160/80A/S,r***1,297821064576,看到上衣真的是吓一跳哦，那么迷你，真担心自己穿不上去，其实能穿上滴，非常修身。我165买了s号，袖子比模特穿的短，裙子也比模特穿得蓬大，其他一切都好，喜欢！,2017-01-03 11:29:12,3,1
356060330,颜色分类:99A彩花2 PRINT2;尺码:160/80A/S,s***o,298634028693,刚生完二胎5个多月，目前还在哺乳期间，身材没有完全恢复，裙子看中好久，款式做工都没话说，东莞这时都可以穿，一次性买了两条裙子，一条裤子，送了一个包包，都非常好，大爱！,2017-01-12 14:49:01,4,2
356060330,颜色分类:99A彩花2 PRINT2;尺码:165/84A/M,双***8,298400443830,本来觉得裙子太蓬跟我那件秋冬天的短外套不搭，想退来着，后来整套穿上感觉还行，这样的裙子我只有一件，所以思考再三，留下来。胖人或者腰粗的不推荐。,2017-01-10 01:16:08,3,0
356060330,颜色分类:99A彩花2 PRINT2;尺码:160/80A/S,豆***1,298222550999,穿着特别显瘦，质量挺的，是我喜欢的！看到有买家说上衣质感稍硬，我想稍硬质的材料是有它道理的，这样穿着不容易皱不松不变形更贴身更能显现出小蛮腰来，因为裙子是蓬蓬裙配衬的上衣一定紧身不变形的上衣才不会显雍肿。,2017-01-05 15:06:06,3,0
356060330,颜色分类:99M彩花 Print;尺码:170/88A/L,钱***芳,299112477278,对于这套衣服想买的朋友们要注意一下，整套的尺码搭配是有问题的，衣服如果合身的话，裙子的腰部会大一码至一码半，而且裙子很长，到了膝盖以下四公分处，我170的身高，可以穿出155的感觉，腰部和裙长都需要改，相信这也是喜欢ONLY这个品牌所不愿意看到的！我是真实买家，我只是说出实话！三思而后行,2017-01-13 21:50:40,0,0
356060330,颜色分类:99M彩花 Print;尺码:155/76A/XS,l***o,298456844171,<b></b>此<b></b>用<b></b>户<b></b>没<b></b>有<b></b>填<b></b>写<b></b>评<b></b>论<b></b>!<b></b>,2017-01-10 09:36:50,3,0
356060330,颜色分类:99M彩花 Print;尺码:160/80A/S,琉***3,296824883641,<b></b>此<b></b>用<b></b>户<b></b>没<b></b>有<b></b>填<b></b>写<b></b>评<b></b>论<b></b>!<b></b>,2016-12-11 08:35:55,0,0
356060330,颜色分类:99M彩花 Print;尺码:165/84A/M,苏***墨,292156938231,上身效果很好，以前在店里面试过，原价六百多没舍得买，双十一活动买了，穿着超级显瘦，后背还是V领设计，小小的漏下背，还能当一字领穿，十分喜欢,2016-11-16 17:36:00,2,1
356060330,颜色分类:99M彩花 Print;尺码:175/92A/XL,筱***z,298058027468,确实很显瘦 上衣有点短 是线衣稍微有一点点硬 裙子很蓬 裙子的料子很厚实 上衣的前后领子不一样 总体来说还可以吧 送货也非常快,2017-01-05 19:31:07,0,4
356060330,颜色分类:99M彩花 Print;尺码:165/84A/M,冰***4,295718551246,不错哦、超显瘦的一款裙子，只是上衣稍稍短了点，弯腰或者蹲下腰和肚子会露出来,2016-12-14 22:19:16,4,2
356060330,颜色分类:99M彩花 Print;尺码:160/80A/S,i***9,297862666914,很好看，上身很短，下身很蓬，个人觉得适合春秋单穿，冬天配外套不好看，因为裙子的长度配外套会显得腿短,2017-01-03 11:17:10,2,0
356060330,颜色分类:99M彩花 Print;尺码:170/88A/L,l***5,296823515265,犹豫了好几天要不要留下，裙子挺喜欢，比较仙，上衣后背露的太多了感觉没法穿，只能当打底穿了，自己配了个黑色毛衣。码数偏小，比平时大半码合适,2016-12-25 17:53:32,4,0
356060330,颜色分类:99M彩花 Print;尺码:165/84A/M,m***浅,295488066971,这个还好吧 和价位对比 并不是特别的合算  但还好  上面的毛衣质量硬质一些  倒是好看 很修身,2016-12-14 22:44:22,3,1
356060330,颜色分类:99M彩花 Print;尺码:170/88A/L,f***0,296980025206,还可以！裙子肥大！上衣短小！裙子乱翘怎么治！,2016-12-28 13:04:28,3,1
356060330,颜色分类:99M彩花 Print;尺码:170/88A/L,汀***喵,295436542078,裙子蓬的挺厉害，布料粘灰，161/55，胸围89，170/88a/74腰围，上衣正好，裙腰略大，整体满意！客服很周到，虽然因为双十二不能立刻答复，但是都尽职尽责的回复留言。给旗舰店点赞哈！,2016-12-13 20:13:22,0,0
356060330,颜色分类:99M彩花 Print;尺码:170/88A/L,啦***子,296346959430,感觉还是挺显瘦的 就是照的水平不太高 实物能比我穿好看多了  没让我失望  开心  请自动忽略我的胖,2016-12-21 19:48:28,0,2
356060330,颜色分类:99M彩花 Print;尺码:175/92A/XL,心***1,291445020415,双十一买的，之前有购物送了一张无门槛减50的优惠券，不错。上衣弹性很好，衣长对于92cm胸围的还算合适，裙子高腰，能拉上拉链，关键是有小肚子，裙子腰上方一圈肉，整体是好看的，只是对于有小肚子的人来说一圈肉就比较难看了。,2016-11-14 10:26:05,3,0
356060330,颜色分类:99M彩花 Print;尺码:165/84A/M,婉***8,299190253363,衣服号码太小了。这个品牌的我一般就穿S码的，换了两次到165了还是有点瘦啊！就收下吧！自己修改一下。穿着吧,2017-01-14 13:46:22,0,0
356060330,颜色分类:99A彩花2 PRINT2;尺码:170/88A/L,t***1,294798305962,双11买了，结果尺码发的一个160、一个170，说换货地址就拖了九天才给我，由于我自己疏忽换货单号掉在了医院，就到今天12月8号早上08：43还没有给我回复，说入库进度没有那么快，为什么别人换货直接就换了，可别是吞了！故意发错尺码就等着买家掉了单号！,2016-12-08 08:50:53,3,3
356060330,颜色分类:99M彩花 Print;尺码:155/76A/XS,l***h,293521064436,上衣很小，一套穿起来很合适，感觉裙子有点长了，穿高跟鞋比较美,2016-11-28 09:06:47,4,1
356060330,颜色分类:99A彩花2 PRINT2;尺码:160/80A/S,三***8,294884820880,Only家的衣服一直是160码，可这件小太多，换了165裙子腰也不宽裕，我不肥，163才50公斤，而且太蓬蓬了，有点夸，质量可以，效果没图片好看,2016-12-09 10:56:09,4,0
356060330,颜色分类:99A彩花2 PRINT2;尺码:165/84A/M,老***香,299207534718,没有在实体店试过，拍的号码小了一号，卖家耐心给换了，裙子皱褶有点多，总得还是不错的，好评,2017-01-15 20:31:56,0,0
356060330,颜色分类:99A彩花2 PRINT2;尺码:165/84A/M,t***2,296962545525,快递快到不行，隔天就到货了好吗。吓人了。非常合身！好看哦。质量好！裙子厚实,2016-12-26 16:25:43,3,1
356060330,颜色分类:99A彩花2 PRINT2;尺码:175/92A/XL,小***7,291700831603,上衣是面料有点硬的超短款，挺显瘦！裙子宽大的实在是有点夸张！也有些长，我回网页一看，模特179cm的身高，怪不得一般人hold不住这个又宽又长的裙子&hellip;,2016-11-15 21:18:21,2,1
356060330,颜色分类:99M彩花 Print;尺码:160/80A/S,蝴***1,296060717446,<b></b>此<b></b>用<b></b>户<b></b>没<b></b>有<b></b>填<b></b>写<b></b>评<b></b>论<b></b>!<b></b>,2016-12-17 10:23:49,0,0
356060330,颜色分类:99M彩花 Print;尺码:160/80A/S,l***9,293244819676,做工：这套衣服对身材要求很高，上衣很贴身，所以最好不要有一点赘肉穿上才好看，裙子的码也是，腰上有点肉穿裙子就有点紧。,2016-11-24 12:13:11,3,0
356060330,颜色分类:99A彩花2 PRINT2;尺码:170/88A/L,l***0,295436264173,还可以&hellip;&hellip;&hellip;&hellip;就是裙摆太大了，穿着不好看。。。要拿到衣服店去修改一下才能穿。,2016-12-14 00:42:00,0,0
356060330,颜色分类:99M彩花 Print;尺码:160/80A/S,霍***萌,293585272492,不是连体的 衣服很紧身 161 98斤 s号的有点小了,2016-11-28 16:09:04,0,2
356060330,颜色分类:99A彩花2 PRINT2;尺码:175/92A/XL,t***9,296496312626,好评都是哪来的？上衣太短，裙子腰围太肥，整体还行，就是穿着不舒服,2016-12-22 22:56:49,4,0
356060330,颜色分类:99M彩花 Print;尺码:165/84A/M,g***9,296912580310,这裙子穿上很显瘦，公主款吖~~,2016-12-25 18:02:49,4,1
356060330,颜色分类:99A彩花2 PRINT2;尺码:165/84A/M,l***2,295490938498,很喜欢，女儿说我穿这套特漂亮，我167，103g，选M码，非常合身，就是不知道要配啥外套,2016-12-13 19:22:56,3,2
356060330,颜色分类:99A彩花2 PRINT2;尺码:155/76A/XS,h***5,291814880586,质量不好很差，开口了,2016-11-14 12:48:40,4,1
356060330,颜色分类:99A彩花2 PRINT2;尺码:160/80A/S,刘***龄,297800834353,不错，很显瘦，就是外面大衣不好搭，能撑起来。,2017-01-03 18:51:41,2,1
356060330,颜色分类:99A彩花2 PRINT2;尺码:165/84A/M,王***8,296074661435,打折的东西不能买，是商场卖剩下的，开线了一点，还有人踩的脚印。懒得换，样子还是很喜欢的。,2016-12-19 10:09:59,2,0
356060330,颜色分类:99M彩花 Print;尺码:175/92A/XL,m***菲,296629925392,好好看的连衣裙，双11没买到，双十二到手，哈哈哈，开心！裙子蓬蓬的！,2016-12-23 12:57:04,4,1
356060330,颜色分类:99A彩花2 PRINT2;尺码:155/76A/XS,t***a,296582572363,裙子非常好！上衣很紧身噢！闺女身高155体重80穿xs刚好。上衣略紧。效果跟图对比没差！好评！,2016-12-23 18:41:18,2,0
356060330,颜色分类:99M彩花 Print;尺码:165/84A/M,名***8,299273715884,上衣非常短小，领口很低，我不是太保守，都有点怕怕的。下面的裙子是不规则的乱蓬！好尴尬啊&hellip;&hellip;觉得不太好,2017-01-15 11:21:42,4,0
356060330,颜色分类:99M彩花 Print;尺码:160/80A/S,吻***花,295982332933,<b></b>此<b></b>用<b></b>户<b></b>没<b></b>有<b></b>填<b></b>写<b></b>评<b></b>论<b></b>!<b></b>,2016-12-06 11:04:29,0,0
356060330,颜色分类:99A彩花2 PRINT2;尺码:160/80A/S,卡***坨,292780793964,原以为是条连衣裙，才发现衣服和裙子是分开的！上衣很短，衣领是特色，裙子的腰身比较窄，腰细的菇凉穿出来很好看，如果腰不够细还是放弃这款裙子吧！裙子很蓬，侧面还有口袋，总之这款裙子很显身材，对身材的要求也比较挑剔，由其是腰和手臂！只是太喜欢了，还是留了下来～,2016-11-20 13:55:17,4,0
356060330,颜色分类:99M彩花 Print;尺码:155/76A/XS,芳***兵,291455176958,样子挺好看的，就是上衣有点短，裙子前后褶皱有点翘，自己不会烫这样的裙子，不能让褶子变得和图片一样。,2016-11-13 14:32:00,0,1
356060330,颜色分类:99A彩花2 PRINT2;尺码:155/76A/XS,y***5,298090436230,<b></b>此<b></b>用<b></b>户<b></b>没<b></b>有<b></b>填<b></b>写<b></b>评<b></b>论<b></b>!<b></b>,2017-01-05 09:55:58,4,5
356060330,颜色分类:99M彩花 Print;尺码:160/80A/S,郭***方,297918209742,衣服料子挺好的，非常合身，上身漂亮，活动买的觉得很划算。,2017-01-03 22:35:28,3,0
356060330,颜色分类:99M彩花 Print;尺码:165/84A/M,w***8,296884075837,衣服很合适。only的衣服每件都有不同的风格。很喜欢。,2016-12-26 22:14:17,4,1
356060330,颜色分类:99A彩花2 PRINT2;尺码:160/80A/S,王***1,291259135991,上衣有开线的地方。质量一般。不值。因为是黑色衣服。所以看不清楚。仔细看，如此的地方还有多处,2016-11-12 20:12:23,0,1
356060330,颜色分类:99A彩花2 PRINT2;尺码:175/92A/XL,林***海,296194247232,刚打开看起来很小，还担心穿不上，但穿上发现超级显瘦。我是上身瘦胯宽大的类型，这套衣服完美的遮住了胯，超级超级喜欢～～,2016-12-18 14:11:03,3,0
356060330,颜色分类:99M彩花 Print;尺码:165/84A/M,超***艺,296231627596,第一次给评价这么低！衣服发来打开时前胸和胳膊上都是白色东西，很多褶子！感觉像是穿过的，特别不开心???,2016-12-19 18:15:33,0,0
356060330,颜色分类:99M彩花 Print;尺码:175/92A/XL,c***h,296486456317,很好，上衣比较短，因为裙子的腰很高。配在一起也正好。把肚子上的肉都遮住了。本人162，130斤。这个码子正合适，供大家参考。,2016-12-21 23:31:50,4,0
356060330,颜色分类:99M彩花 Print;尺码:165/84A/M,l***t,296410140131,上衣很短，裙子腰围很细、料子很厚，喜欢裙子，蓬蓬的，还有俩兜，实用又好看，不喜欢上衣，太短了，还不贴身，袖子很肥。,2016-12-21 19:41:28,4,0
356060330,颜色分类:99M彩花 Print;尺码:160/80A/S,永***7,297786927133,特别喜欢，只是上衣比较短款，腰细没小肚子的话穿上会更美哦,2017-01-03 16:51:35,2,0
356060330,颜色分类:99M彩花 Print;尺码:155/76A/XS,g***t,293076105849,喜欢的店里没有码了，看着旗舰店应该不错，买来衣服差的要死，细节不行，料子不好，样子太蓬了，看着怪怪的，凑单买了三件，其中一件预售款，人家就说我不满足条件，不给送满三赠一的。简直差死了，快递10天才到，客服态度不会横，人家直接不理你了，一直推皮球，反正我们时间不是时间。伤心?,2016-11-22 15:05:43,3,0
356060330,颜色分类:99M彩花 Print;尺码:165/84A/M,l***9,297920893673,有污渍，皱巴巴的！,2017-01-03 09:38:40,2,2
356060330,颜色分类:99M彩花 Print;尺码:160/80A/S,f***e,294575737582,裙子很漂亮，蓬蓬公主裙，显腰身，160  50kg  s码可穿 但是吃多点东西的话胃就会鼓起来 保险起见换了m码  更合适,2016-12-07 15:40:43,4,0
356060330,颜色分类:99M彩花 Print;尺码:165/84A/M,s***听,291697162587,大爱裙子~只是上衣比较小紧，而且有一处跳线有个小洞，有点不开心，还好麻麻说不太严重可以勾上，也就懒得换了,2016-11-13 22:48:31,3,0
356060330,颜色分类:99A彩花2 PRINT2;尺码:160/80A/S,l***7,294246810638,很漂亮，他们说我穿上有种跳芭蕾的感觉，就是上衣面料不是很软，穿着感觉不太舒服,2016-12-02 15:19:38,3,0
356060330,颜色分类:99A彩花2 PRINT2;尺码:165/84A/M,c***e,293862708840,衣服很好看，码真的比较小，上身合适，下身裙子拉不上，但是我洗过了，打算将就穿，,2016-11-30 13:20:13,3,0
356060330,颜色分类:99M彩花 Print;尺码:160/80A/S,l***8,294742591171,只想说三个字！太差劲了！尺码偏小，换货速度太慢，各种理由推脱！好不容易换回来了居然换了款式，你没有原来的款式你早说啊！换个销量不好的给我？什么破旗舰店！都是骗人的！大家不要上当啊！,2016-12-08 11:33:21,2,0
356060330,颜色分类:99A彩花2 PRINT2;尺码:170/88A/L,爱***糕,298834423516,质量很好，但是上衣太太太短了，身材有肉的一定要慎重，最好比平时买大一码！,2017-01-12 13:38:26,0,0
356060330,颜色分类:99M彩花 Print;尺码:175/92A/XL,晨***3,296804009293,产后身材走样，穿着有点小，本来想退货的，谢谢需要瘦身，留下减肥了。,2016-12-26 21:09:32,4,0
356060330,颜色分类:99M彩花 Print;尺码:160/80A/S,茹***5,293148506501,穿上去很显气质，不过没有模特穿着好看?质量不错，也不像那些便宜衣服有很大的味道。,2016-11-23 22:25:17,0,0
356060330,颜色分类:99M彩花 Print;尺码:170/88A/L,z***2,298774527588,码数很正，裙子很蓬，穿上显得腰非常细，好看！上衣很修身，就是感觉穿着不是很舒服！,2017-01-12 23:45:47,0,0
356060330,颜色分类:99A彩花2 PRINT2;尺码:155/76A/XS,爱***家,295245551355,昨天拍，今天早上一上班就收到了，快递超神速。上衣有些硬，裙子很蓬，还有囗袋，超喜欢，就是裙腰大了点，找地方改改吧，哎，己经最小号了，我158cm，体重42kg，给其它买家做参考吧！,2016-12-13 09:05:41,4,0
356060330,颜色分类:99M彩花 Print;尺码:165/84A/M,宋***渝,295455641095,衣服质量很好，有气质显瘦,2016-12-14 19:35:55,0,1
356060330,颜色分类:99M彩花 Print;尺码:155/76A/XS,i***s,296739978598,<b></b>衣<b></b>服<b></b>很<b></b>好<b></b>看<b></b> <b></b>但<b></b>是<b></b>质<b></b>量<b></b>怎<b></b>么<b></b>和<b></b>我<b></b>印<b></b>象<b></b>里<b></b>的<b></b>不<b></b>一<b></b>样<b></b>啊<b></b>,2016-12-23 15:01:45,2,0
356060330,颜色分类:99M彩花 Print;尺码:170/88A/L,踏***凌,291486671092,我的衣服几乎全是ONLY或VM的，一般穿的M或S。之前看评论说这款偏小，特意去实体店试了下，L号裙子有一点点松，上衣是短款偏紧身。考虑M号上衣会紧短，所以选了L。给大家做个参考。发货速度、物流给力，双十一拍第二天就收到！,2016-11-13 22:48:02,4,0
356060330,颜色分类:99M彩花 Print;尺码:165/84A/M,w***6,294602351393,身高180 M码  上衣刚刚好和裙子的腰齐平,2016-12-06 18:08:39,3,1
356060330,颜色分类:99A彩花2 PRINT2;尺码:160/80A/S,7***e,299685622652,裙子比想象中厚，穿上正好合适，本人157，98斤，买的s码，产后身材，腰身合适！,2017-01-18 09:39:00,2,0
356060330,颜色分类:99M彩花 Print;尺码:160/80A/S,爱***l,291337016300,第一次这么快收到货，双十一抢的s码，穿着正好，看图就知道了，质量没的说,2016-11-12 11:38:30,2,3
356060330,颜色分类:99A彩花2 PRINT2;尺码:165/84A/M,e***g,295132972530,衣服和裙子是分开的，搭在一起的效果很好。裙子非常蓬，如果要内搭，外套一定要很宽松才行。我觉得单穿很好看，很显瘦。,2016-12-12 17:04:36,3,0
356060330,颜色分类:99A彩花2 PRINT2;尺码:155/76A/XS,t***3,297673430612,裙子特别蓬，不过衣服好喜欢,2016-12-31 11:13:02,2,1
356060330,颜色分类:99M彩花 Print;尺码:165/84A/M,l***2,295641317793,衣服太满意了，我在店里试好了才来买的，m码刚好合适，客服也好，可以帮我开发票，同事都说我穿的好看，总之很满意了，跟实体店一样的没有区别,2016-12-15 18:07:21,2,0
356060330,颜色分类:99M彩花 Print;尺码:160/80A/S,w***1,298613509736,衣服很好看，很有手感，就是上衣太瘦，不过这个款就这么设计的，买了个外搭来配它，喜欢很久了，最后还是下手了！,2017-01-11 15:38:51,0,0
356060330,颜色分类:99M彩花 Print;尺码:160/80A/S,吵***流,293533647536,裙子长度很尴尬啊 长不长短不短的 膝盖左右长度的裙子 特别显腿短,2016-11-28 15:18:17,2,0
356060330,颜色分类:99A彩花2 PRINT2;尺码:165/84A/M,l***6,292185705296,发货很快，双十一期间，一天就到了，拖到现在才评价是因为一直想退。因为上衣质量实在是觉得很廉价的感觉。裙子也太蓬了，整体效果也就一般。但是犹豫犹豫还是留下了，谁让这是我千挑万选的呢。哦裙子挺厚实的,2016-11-18 23:02:07,4,0
356060330,颜色分类:99M彩花 Print;尺码:155/76A/XS,t***7,293555533745,大花裙子美美哒，搭配黑色针织衫非常显瘦，个子高的穿起来更好看,2016-11-27 10:56:24,3,0
356060330,颜色分类:99A彩花2 PRINT2;尺码:160/80A/S,c***h,299655079972,很漂亮，上身跟模特一个效果，裙摆的确要好好熨一熨，不然压的印都不对了,2017-01-19 14:30:46,0,0
356060330,颜色分类:99M彩花 Print;尺码:155/76A/XS,柯***0,296952248917,质量还不错，就是上衣太短太小了，所以蓬的有点夸张,2016-12-27 10:04:19,3,0
356060330,颜色分类:99M彩花 Print;尺码:165/84A/M,月***3,291628644719,裙子漂亮168公分体重110斤穿M码合适修身显气质，物流给力，美中不足的衣服上带着磁扣害的我跑到超市给人说好话去磁扣，引起不必要的麻烦！,2016-11-14 08:15:54,3,1
356060330,颜色分类:99M彩花 Print;尺码:170/88A/L,t***1,298769400764,整体不错显瘦，衣服薄裙子厚有点长,2017-01-12 22:14:54,0,0
356060330,颜色分类:99A彩花2 PRINT2;尺码:165/84A/M,呼***鱼,295113166220,实物比图片看起来质量更好更厚实，很棒值得购买哦,2016-12-10 20:51:08,0,0
356060330,颜色分类:99A彩花2 PRINT2;尺码:160/80A/S,小***我,296137974577,上衣质量不怎么样 裙子起静电，太蓬了 感觉个子矮的穿不出效果,2016-12-17 11:35:19,2,0
356060330,颜色分类:99M彩花 Print;尺码:165/84A/M,v***m,298821110607,买到自己喜欢的衣服太开心了！下次再来！,2017-01-11 11:25:06,0,1
356060330,颜色分类:99A彩花2 PRINT2;尺码:175/92A/XL,娄***1,291536846815,衣服收到了。真快。质量嘎嘎好。就是我太胖了，穿不了。尤其是上身，稍稍短点。我决定减肥。。。。,2016-11-13 22:17:49,0,1
356060330,颜色分类:99M彩花 Print;尺码:160/80A/S,6***m,296068676417,好看，喜欢，160，50公里，中号刚刚好,2016-12-17 21:53:56,0,1
356060330,颜色分类:99A彩花2 PRINT2;尺码:165/84A/M,m***1,296933543300,质量太好太满意了！,2016-12-25 13:18:14,0,1
356060330,颜色分类:99M彩花 Print;尺码:160/80A/S,郑***1,292049684950,以为是大牌，回来都没看就洗了，干了后才发现上衣缝接的地方皱巴巴的，没有缝合好，感觉都要开线坏了，非常不满意,2016-11-16 21:32:05,3,0
356060330,颜色分类:99A彩花2 PRINT2;尺码:175/92A/XL,v***饭,297028879804,真的是有一点点肉都会很明显！！！有肉的妹子慎选！我纠结了好久要不要把这件留下，最后决定留下！上衣真的真的超显肉！,2016-12-28 18:40:06,0,0
356060330,颜色分类:99A彩花2 PRINT2;尺码:160/80A/S,z***y,294763302830,<b></b>此<b></b>用<b></b>户<b></b>没<b></b>有<b></b>填<b></b>写<b></b>评<b></b>论<b></b>!<b></b>,2016-12-05 19:03:22,4,0
356060330,颜色分类:99M彩花 Print;尺码:165/84A/M,花***霰,291335432854,双十一买第二天就到了 165 96 腰围66 合适 蓬蓬的穿上像小公举,2016-11-12 19:38:51,0,1
356060330,颜色分类:99M彩花 Print;尺码:165/84A/M,小***3,292673478250,衣服不错喜欢，第一次买小了，有调换的，很好,2016-11-22 13:15:59,2,1
356060330,颜色分类:99A彩花2 PRINT2;尺码:160/80A/S,被***头,292811583284,客服说是宽松版让买S码，可勒死我了，也懒得换出去改改吧，不过款式是挺漂亮显得很青春！,2016-11-22 21:05:39,3,0
356060330,颜色分类:99M彩花 Print;尺码:165/84A/M,爱***y,292633432869,尺码：165，上身有点短，抬胳膊会露腰，生完孩子都胖了，腰围变两尺了，没想到M裙子会肥。,2016-11-21 15:53:29,3,0
356060330,颜色分类:99M彩花 Print;尺码:160/80A/S,z***k,291991713516,从来没试过这么恶心的事情  居然裙子豆豆里面有团纸巾  还是用过的  揉成了一团  找客服客服说转售后  然后就没有然后了  没有人理，其他城市我不知道  反正我们这里only这个牌子是没什么人买了  打折都没什么人去  如今网上旗舰店这么差  考虑以后还要不要逛,2016-11-16 14:40:57,4,2
356060330,颜色分类:99M彩花 Print;尺码:155/76A/XS,w***9,292795798047,衣服偏小，但裙子特别撒，个不高的穿着压力挺大&hellip;,2016-11-23 12:33:22,3,0
356060330,颜色分类:99A彩花2 PRINT2;尺码:170/88A/L,黑***0,297772022348,物流特别快，包装比较别致，好像是鞋盒子，衣服穿后追平，款式很喜欢在实体店试过的,2017-01-04 12:12:58,3,0
356060330,颜色分类:99M彩花 Print;尺码:160/80A/S,s***4,293241912207,还可以啊~不错，一米59体重48大家做参考吧,2016-11-26 00:08:58,2,1
356060330,颜色分类:99A彩花2 PRINT2;尺码:170/88A/L,c***0,291599184514,上衣很瘦，裙子面料很硬很鼓不是蓬，不好看，因为相信品牌，剪了吊牌只有认了，不合适的产品，真心难看,2016-11-12 17:58:17,4,0
356060330,颜色分类:99M彩花 Print;尺码:160/80A/S,s***5,292392484651,<b></b>是<b></b>正<b></b>品<b></b>，<b></b>款<b></b>式<b></b>不<b></b>错<b></b>，<b></b>但<b></b>是<b></b>裙<b></b>子<b></b>蓬<b></b>的<b></b>有<b></b>点<b></b>大<b></b>，<b></b>建<b></b>议<b></b>身<b></b>高<b></b>1<b></b>6<b></b>5<b></b>以<b></b>上<b></b>，<b></b>不<b></b>然<b></b>压<b></b>个<b></b>子<b></b>。<b></b>我<b></b>拍<b></b>的<b></b>1<b></b>6<b></b>0<b></b>/<b></b>8<b></b>0<b></b>，<b></b>裙<b></b>子<b></b>给<b></b>我<b></b>发<b></b>的<b></b>2<b></b>7<b></b>码<b></b>，<b></b>我<b></b>问<b></b>售<b></b>后<b></b>1<b></b>6<b></b>0<b></b>/<b></b>8<b></b>0<b></b>一<b></b>般<b></b>对<b></b>应<b></b>应<b></b>该<b></b>是<b></b>2<b></b>6<b></b>码<b></b>才<b></b>对<b></b>，<b></b>售<b></b>后<b></b>回<b></b>复<b></b>我<b></b>是<b></b>的<b></b>，<b></b>并<b></b>让<b></b>我<b></b>第<b></b>二<b></b>天<b></b>早<b></b>9<b></b>-<b></b>2<b></b>0<b></b>点<b></b>再<b></b>来<b></b>咨<b></b>询<b></b>，<b></b>第<b></b>二<b></b>天<b></b>我<b></b>如<b></b>期<b></b>而<b></b>至<b></b>，<b></b>说<b></b>双<b></b>十<b></b>一<b></b>太<b></b>忙<b></b>，<b></b>让<b></b>我<b></b>等<b></b>三<b></b>小<b></b>时<b></b>并<b></b>安<b></b>排<b></b>h<b></b>1<b></b>1<b></b>客<b></b>服<b></b>将<b></b>为<b></b>我<b></b>服<b></b>务<b></b>，<b></b>结<b></b>果<b></b>我<b></b>等<b></b>了<b></b>两<b></b>天<b></b>！<b></b>多<b></b>次<b></b>问<b></b>什<b></b>么<b></b>时<b></b>候<b></b>回<b></b>复<b></b>，<b></b>无<b></b>人<b></b>理<b></b>财<b></b>！<b></b>然<b></b>后<b></b>就<b></b>再<b></b>无<b></b>人<b></b>理<b></b>睬<b></b>！<b></b>然<b></b>后<b></b>就<b></b>是<b></b>系<b></b>统<b></b>发<b></b>来<b></b>短<b></b>信<b></b>告<b></b>诉<b></b>我<b></b>可<b></b>以<b></b>退<b></b>货<b></b>，<b></b>我<b></b>是<b></b>本<b></b>来<b></b>只<b></b>是<b></b>想<b></b>让<b></b>他<b></b>们<b></b>重<b></b>新<b></b>发<b></b>个<b></b>正<b></b>确<b></b>号<b></b>码<b></b>过<b></b>来<b></b>，<b></b>结<b></b>果<b></b>这<b></b>么<b></b>简<b></b>单<b></b>的<b></b>事<b></b>情<b></b>竟<b></b>被<b></b>如<b></b>此<b></b>对<b></b>待<b></b>！<b></b>哪<b></b>里<b></b>有<b></b>售<b></b>后<b></b>可<b></b>言<b></b>！<b></b>！<b></b>！<b></b>被<b></b>如<b></b>此<b></b>对<b></b>待<b></b>我<b></b>真<b></b>想<b></b>退<b></b>货<b></b>，<b></b>怎<b></b>奈<b></b>吊<b></b>牌<b></b>被<b></b>娃<b></b>娃<b></b>撕<b></b>坏<b></b>，<b></b>哎<b></b>，<b></b>我<b></b>想<b></b>说<b></b>，<b></b>售<b></b>后<b></b>太<b></b>差<b></b>太<b></b>差<b></b>！<b></b>只<b></b>有<b></b>自<b></b>己<b></b>拿<b></b>到<b></b>裁<b></b>缝<b></b>店<b></b>去<b></b>改<b></b>，<b></b>结<b></b>果<b></b>收<b></b>费<b></b>1<b></b>0<b></b>0<b></b>！<b></b>相<b></b>信<b></b>这<b></b>个<b></b>不<b></b>做<b></b>售<b></b>后<b></b>的<b></b>店<b></b>家<b></b>，<b></b>也<b></b>不<b></b>在<b></b>乎<b></b>我<b></b>一<b></b>个<b></b>差<b></b>评<b></b>，<b></b>网<b></b>购<b></b>多<b></b>年<b></b>，<b></b>几<b></b>乎<b></b>很<b></b>少<b></b>给<b></b>过<b></b>差<b></b>评<b></b>，<b></b>但<b></b>这<b></b>个<b></b>差<b></b>评<b></b>，<b></b>给<b></b>的<b></b>太<b></b>合<b></b>适<b></b>了<b></b>！<b></b>还<b></b>有<b></b>就<b></b>是<b></b>我<b></b>在<b></b>新<b></b>疆<b></b>，<b></b>以<b></b>为<b></b>从<b></b>内<b></b>地<b></b>发<b></b>货<b></b>过<b></b>来<b></b>，<b></b>结<b></b>果<b></b>从<b></b>哈<b></b>密<b></b>发<b></b>来<b></b>，<b></b>还<b></b>收<b></b>我<b></b>1<b></b>5<b></b>元<b></b>快<b></b>递<b></b>，<b></b>这<b></b>衣<b></b>服<b></b>买<b></b>的<b></b>真<b></b>是<b></b>太<b></b>冤<b></b>了<b></b>！<b></b>,2016-11-18 21:05:32,2,0
356060330,颜色分类:99A彩花2 PRINT2;尺码:175/92A/XL,t***t,297587333352,超美 反面大概是这样的,2017-01-01 11:13:08,0,1
356060330,颜色分类:99M彩花 Print;尺码:170/88A/L,若***1,298670545674,超美，160 60很合适，裙子腰部有一点点送松，不过没有影响,2017-01-11 19:47:32,3,0
356060330,颜色分类:99A彩花2 PRINT2;尺码:165/84A/M,w***8,297077776054,很显瘦～练舞都毫无压力！,2016-12-25 22:27:15,3,1
356060330,颜色分类:99M彩花 Print;尺码:165/84A/M,w***z,297526520046,就是上衣好短啊，穿上总要往下拉,2016-12-31 22:13:49,0,0
356060330,颜色分类:99M彩花 Print;尺码:170/88A/L,w***然,297766473827,裙摆又长又大，质量也一般，不过only 现在的衣服质量总体都不咋滴,2017-01-01 08:33:26,3,0
356060330,颜色分类:99M彩花 Print;尺码:170/88A/L,s***g,297629714678,我很喜欢，虽然上身有点显肉，但我喜欢这种上身瘦、裙子蓬的感觉，自己休闲时穿,2017-01-02 17:45:24,3,0
356060330,颜色分类:99A彩花2 PRINT2;尺码:175/92A/XL,小***6,296183396495,1.73，可能刚生完宝宝吧，感觉上衣太短，裙子是公主风得，质地比较硬，总体来说还行吧,2016-12-18 20:30:54,0,0
356060330,颜色分类:99M彩花 Print;尺码:155/76A/XS,f***t,292044944089,，整体效果不错，袖口裂开了，希望出货时加强检查,2016-11-15 15:38:54,0,1
356060330,颜色分类:99M彩花 Print;尺码:165/84A/M,杨***3,296922761436,质量挺好，穿起来很显身材，就是上衣稍微小了点。,2016-12-27 20:22:19,3,0
356060330,颜色分类:99M彩花 Print;尺码:170/88A/L,p***k,293572063344,中间因为质量和尺码问题产生了一次换货，但从头到尾客服都非常耐心，换回来的衣服也完全没有问题了～就是咨询量太大，客服回复比较慢，可以理解～,2016-11-28 16:42:29,3,0
356060330,颜色分类:99M彩花 Print;尺码:165/84A/M,团***糖,295764412585,上衣真的很薄，很短，现在穿得另配上衣了，还赠了外套，但不是我的风格,2016-12-16 21:55:15,4,0
356060330,颜色分类:99A彩花2 PRINT2;尺码:160/80A/S,静***曳,298229994613,好看 显瘦 去你很漂亮 蓬松显气质 一米六二 穿到膝盖 能再短点更喜欢,2017-01-06 15:54:27,0,0
356060330,颜色分类:99A彩花2 PRINT2;尺码:165/84A/M,z***5,298742174695,款式不错，上衣合适，裙子腰有些大再短一些更完美,2017-01-12 13:07:10,0,0
356060330,颜色分类:99M彩花 Print;尺码:165/84A/M,阿***4,295008515984,买的时候拉锁坏了，我不大会电脑，还非要照片一起买的另一件两个袖子不一样我自己修的我就是不会上图换的商品退运费好麻烦，小心这个商家，买完以后退货没有运费险，,2016-12-08 19:13:36,3,0
356060330,颜色分类:99M彩花 Print;尺码:155/76A/XS,w***0,291456975517,双11抢购的，价格不错，穿着也合适,2016-11-13 18:09:21,2,1
356060330,颜色分类:99M彩花 Print;尺码:170/88A/L,乱***7,291754142392,之前在实体店里试穿过，但是实体店要六百多，赶上双十一，太划算了！大爱～,2016-11-14 22:14:30,0,1
356060330,颜色分类:99M彩花 Print;尺码:170/88A/L,m***n,292065671634,前面圆领后面V领，很好看，面料不起球，这两件衣服都很满意！！！,2016-11-16 18:32:49,2,1
356060330,颜色分类:99A彩花2 PRINT2;尺码:165/84A/M,梅***9,293332993714,裙子很蓬很大，很少女心，料子也厚实，好评~,2016-11-26 11:11:14,3,0
356060330,颜色分类:99M彩花 Print;尺码:160/80A/S,b***e,293932314314,穿着特别显瘦，就是上衣稍稍短点，裙子长度很合适，刚好在膝盖上，很显高！,2016-11-29 17:41:24,2,0
356060330,颜色分类:99A彩花2 PRINT2;尺码:165/84A/M,林***糕,296348640519,衣服有点大 不穿打底裤的话很好看 但是又很冷 啥时候穿呢 有点尴尬,2016-12-19 12:22:35,3,0
356060330,颜色分类:99A彩花2 PRINT2;尺码:160/80A/S,y***5,298640760344,上衣有点紧，总体还可以，效果不错。,2017-01-11 13:11:51,3,0
356060330,颜色分类:99M彩花 Print;尺码:170/88A/L,1***纸,293295203094,换了一次，挺快的&hellip;就是我自己又瘦了233本来小了的裙子拿去换回来又大了,2016-11-27 12:54:03,0,0
356060330,颜色分类:99A彩花2 PRINT2;尺码:160/80A/S,s***y,299225050853,上衣太奇葩，特别短紧，157cm买160码直到肚脐还一直往上缩。就当三百多买条裙子吧,2017-01-15 15:01:10,0,0
356060330,颜色分类:99A彩花2 PRINT2;尺码:160/80A/S,w***8,291610542152,<b></b>此<b></b>用<b></b>户<b></b>没<b></b>有<b></b>填<b></b>写<b></b>评<b></b>论<b></b>!<b></b>,2016-11-13 20:13:36,4,0
356060330,颜色分类:99M彩花 Print;尺码:170/88A/L,z***6,291586523570,非常漂亮的衣服，穿上像小礼服一样，上衣是短款，也很紧身，但是非常显瘦，尤其前后领子很好看，快递也很给力，超级满意！,2016-11-13 23:29:32,3,0
356060330,颜色分类:99M彩花 Print;尺码:175/92A/XL,嘟***2,293066264944,裙子好看 蓬蓬裙 衣服太短 不是很搭 一般般吧 价格偏贵 裙子来的时候皱得没法穿,2016-11-24 18:45:57,3,0
356060330,颜色分类:99M彩花 Print;尺码:175/92A/XL,5***i,298852589636,衣服质量还可以，样式挺喜欢的，手感也不错,2017-01-12 09:06:44,3,0
356060330,颜色分类:99M彩花 Print;尺码:165/84A/M,佳***5,291960992914,非常完美，显身材，显瘦，漂亮！第一次试穿的时候一不小心把上衣穿反了&hellip;&hellip;V领效果相当劲爆&hellip;&hellip;,2016-11-15 18:38:04,4,0
356060330,颜色分类:99M彩花 Print;尺码:155/76A/XS,落***1,298148643070,说好补邮费就不补给我，很没用信用，沟通了好几次,2017-01-08 07:33:50,0,0
356060330,颜色分类:99A彩花2 PRINT2;尺码:160/80A/S,s***9,293563201202,还没穿，但是质量不错，上衣较短，裙子腰感觉有点大，留着穿。双十一很给力！,2016-11-27 17:23:14,3,0
356060330,颜色分类:99A彩花2 PRINT2;尺码:160/80A/S,刘***6,299418909097,很不错，喜欢，之前很担心是不是正品，生怕花几百元买到假的，但事实证明是我多虑了，还会再光顾。,2017-01-16 00:04:54,0,0
356060330,颜色分类:99M彩花 Print;尺码:160/80A/S,s***y,296118781451,质量很好 裙子很厚 现在穿有点儿紧 留到春天穿温度刚好,2016-12-17 17:05:55,3,0
356060330,颜色分类:99M彩花 Print;尺码:170/88A/L,p***5,291607529412,好看，上半身衣服有点短，但显身材，适合秋天穿吧，only衣服没得说，赞~,2016-11-15 11:32:21,4,1
356060330,颜色分类:99M彩花 Print;尺码:155/76A/XS,叶***j,291852193483,裙子还可以呢！很合身！就是没想到是分开的！上衣有点单薄！一般的针织面料！三百多买的，不算便宜的了！,2016-11-15 13:23:26,4,0
356060330,颜色分类:99A彩花2 PRINT2;尺码:170/88A/L,竹***子,298468283182,挺好看的，中间寄错尺码还是很快换货了，不错,2017-01-09 16:21:48,0,0
356060330,颜色分类:99M彩花 Print;尺码:160/80A/S,x***i,295960276621,裙子很好看，但是衣服的材质不太舒服，很粗糙,2016-12-17 08:42:40,4,0
356060330,颜色分类:99M彩花 Print;尺码:165/84A/M,y***1,292100185552,双十一最早到的快递，嗖嗖的。上衣是有点偏毛衣那种料子，软软的，裙子觉得有点硬，可能是需要撑出一个造型吧，穿上身效果还可以，腰身那里不像模特穿的那么好看。,2016-11-18 14:38:56,4,0
356060330,颜色分类:99A彩花2 PRINT2;尺码:165/84A/M,稻***花,298400243662,裙子穿起来很显瘦，质量也不错！,2017-01-07 15:44:22,0,0
356060330,颜色分类:99A彩花2 PRINT2;尺码:165/84A/M,呼***3,297262506553,不错 针织衫有点掉色,2016-12-28 15:14:33,3,0
356060330,颜色分类:99A彩花2 PRINT2;尺码:170/88A/L,点***淘,298166528677,这个裙子太蓬了，只适合极其瘦小的人群,2017-01-05 09:30:30,0,0
356060330,颜色分类:99M彩花 Print;尺码:160/80A/S,阳***e,295683448927,裙子超仙，对腰的要求高，生日当天穿上，着实惊艳,2016-12-15 23:37:34,3,0
356060330,颜色分类:99M彩花 Print;尺码:165/84A/M,梁***儿,295702653012,无 微弹 满意 很满意的一次购物！蓬蓬裙一直是我最喜欢的款式！,2016-12-14 10:31:09,3,0
356060330,颜色分类:99A彩花2 PRINT2;尺码:165/84A/M,l***0,297084101815,要瘦的人穿才好看，下决心减肥减肚子啦！,2016-12-28 21:11:31,3,0
356060330,颜色分类:99M彩花 Print;尺码:160/80A/S,孙***3,292883724706,挺喜欢，厚薄适中，就是上衣领口开的有点大，不过可以加条围巾就好了,2016-11-24 09:01:33,2,0
356060330,颜色分类:99M彩花 Print;尺码:160/80A/S,l***i,297836449399,上衣容易变形,2017-01-03 05:23:48,2,0
356060330,颜色分类:99A彩花2 PRINT2;尺码:165/84A/M,t***5,299748576097,很喜欢only的衣服，邮政也出奇的快，所以说要把希望盼的小小的，才不会失望,2017-01-18 17:01:17,4,0
356060330,颜色分类:99A彩花2 PRINT2;尺码:160/80A/S,l***3,298439621962,质量不错，上身效果也好！上衣稍长点就好了！,2017-01-10 11:43:09,2,0
356060330,颜色分类:99A彩花2 PRINT2;尺码:160/80A/S,t***1,294308325433,裙子很蓬松，肚子大，穿起来有点紧,2016-12-04 13:30:12,3,0
356060330,颜色分类:99A彩花2 PRINT2;尺码:175/92A/XL,张***子,297793031213,看错了以为是连衣裙哦&hellip;&hellip;呵呵呵呵,2017-01-02 07:30:30,4,0
356060330,颜色分类:99A彩花2 PRINT2;尺码:165/84A/M,魔***0,297682532680,挺漂亮的，很显身材，本人1.65      104斤，选的m码很合适，唯一不足之处是裙子大了,2017-01-01 16:03:58,4,0
356060330,颜色分类:99A彩花2 PRINT2;尺码:155/76A/XS,z***3,293475236910,裙子太蓬了，上衣有点硬，不够软，穿身上也不暖和，样子好看，,2016-11-27 12:05:18,0,0
356060330,颜色分类:99A彩花2 PRINT2;尺码:160/80A/S,z***9,291880736111,双十一第一个到手的包裹～ 166，94斤，小码，上衣刚好，裙子好膨，大衣压一下还好，拉链有点难拉,2016-11-14 13:33:42,3,0
356060330,颜色分类:99M彩花 Print;尺码:170/88A/L,g***8,296452170463,质量不错，就是裙子褶皱太怪，裙子太蓬了,2016-12-20 15:41:42,0,0
356060330,颜色分类:99A彩花2 PRINT2;尺码:165/84A/M,t***1,291461561478,去年在店里买了一套裙子，没多久就瘦了勒肚子，想着这回买大一号的，结果还是刚正好，肚子还有点勒，上衣很短，有点扎，样子很喜欢,2016-11-14 12:12:01,2,0
356060330,颜色分类:99M彩花 Print;尺码:160/80A/S,天***光,297059949463,色差：超级无敌短上衣，超级紧身。,2016-12-26 12:29:35,4,0
356060330,颜色分类:99M彩花 Print;尺码:175/92A/XL,y***7,295519819692,双十一没抢到，还遗憾呢，没想到双十二抢到了，很喜欢，穿上很漂亮！价格也不错哦！,2016-12-14 17:23:26,4,0
356060330,颜色分类:99M彩花 Print;尺码:160/80A/S,凉***r,293892154828,不错，挺好看的。就是注意腰围一定要合适，没有弹性的哦,2016-11-29 23:23:23,3,0
356060330,颜色分类:99M彩花 Print;尺码:165/84A/M,y***9,298734566864,领口很大啊，洗了一次越来越大了，质量还不错,2017-01-10 23:02:42,3,0
356060330,颜色分类:99M彩花 Print;尺码:160/80A/S,8***艳,293892377771,和图片上上衣款式明显不一样，裙子真的好蓬，质量方面真心不错,2016-11-28 20:17:44,0,0
356060330,颜色分类:99M彩花 Print;尺码:160/80A/S,林***瑾,293277852874,裙摆大，上身很瘦，腰细的姑娘推荐,2016-11-24 08:44:07,3,0
356060330,颜色分类:99A彩花2 PRINT2;尺码:160/80A/S,丶***基,293674724386,裙子本来双11买给我妈妈的，结果妈妈穿不了，漏后背，现在我穿了，真的很好看。,2016-11-28 14:10:05,4,0
356060330,颜色分类:99A彩花2 PRINT2;尺码:170/88A/L,d***7,296187248211,好看，合身，料子稍硬，170，60kg,2016-12-17 18:46:15,0,0
356060330,颜色分类:99M彩花 Print;尺码:160/80A/S,c***3,295418741950,因为买了不到一个星期不到就降价了，店家还给返了差价。太贴心了。 这套衣服实体店试过，总之，好的好的不得了。,2016-12-14 10:48:01,3,0
356060330,颜色分类:99A彩花2 PRINT2;尺码:165/84A/M,雷***蓉,295536417931,"做工：美呆，衣柜全是ONLY,喜欢喜欢。",2016-12-14 15:29:32,4,0
356060330,颜色分类:99A彩花2 PRINT2;尺码:160/80A/S,j***9,296614464371,比想象中小，上衣很短，不过很显身材，是正品。,2016-12-21 10:30:16,3,0
356060330,颜色分类:99A彩花2 PRINT2;尺码:155/76A/XS,x***1,295500985454,好快，双十二拍的，第二天就收到，质量很好，喜欢,2016-12-15 14:16:49,2,0
356060330,颜色分类:99M彩花 Print;尺码:170/88A/L,馨***妹,296353677426,做工：套裙非常的喜欢，穿的很洋气，值得推荐！。,2016-12-19 14:45:10,3,0
356060330,颜色分类:99M彩花 Print;尺码:165/84A/M,a***2,295054677715,价钱挺贵的，衣服一般吧,2016-12-11 13:06:58,0,0
356060330,颜色分类:99A彩花2 PRINT2;尺码:170/88A/L,l***1,296316292875,很漂亮 显身材 一下高雅了起来,2016-12-20 16:36:07,3,0
356060330,颜色分类:99M彩花 Print;尺码:175/92A/XL,小***敏,294902572919,很好看的衣服，可惜穿不上，要减肥喽,2016-12-06 21:16:31,4,0
356060330,颜色分类:99M彩花 Print;尺码:165/84A/M,古***1,296012494805,裙子上的口袋是我的大爱,2016-12-18 11:19:46,3,0
356060330,颜色分类:99M彩花 Print;尺码:165/84A/M,t***2,296218266109,好瘦呀，好漂亮，太喜欢了，买了他们家好多衣服,2016-12-18 11:34:14,3,0
356060330,颜色分类:99M彩花 Print;尺码:165/84A/M,慕***曦,295093487056,换了两次都有这一条，无语了，要是本来就有的能不能告诉我一下，别让我折腾两次来换,2016-12-12 06:47:11,3,0
356060330,颜色分类:99A彩花2 PRINT2;尺码:170/88A/L,雨***5,295858529386,上衣面料很一般，裙子很蓬,2016-12-16 14:45:59,4,0
356060330,颜色分类:99M彩花 Print;尺码:170/88A/L,荡***w,295260265303,双十一没买到，双十二终于买到了，大爱,2016-12-13 19:42:29,2,0
356060330,颜色分类:99M彩花 Print;尺码:170/88A/L,h***2,294730333079,裙子很蓬，好看,2016-12-05 13:50:05,0,0
356060330,颜色分类:99M彩花 Print;尺码:155/76A/XS,蕊***6,295670987615,喜欢，就是觉得裙子正好 衣服有点小,2016-12-15 18:59:18,2,0
356060330,颜色分类:99M彩花 Print;尺码:170/88A/L,x***2,294858284494,上衣不错，裙子太蓬了,2016-12-10 16:10:13,0,0
356060330,颜色分类:99A彩花2 PRINT2;尺码:165/84A/M,x***1,294864330306,很漂亮！穿上超级棒,2016-12-07 11:03:21,4,0
356060330,颜色分类:99M彩花 Print;尺码:165/84A/M,挣***饭,294576093737,物有所值 ，衣服质量挺好的,2016-12-05 01:41:46,4,0
356060330,颜色分类:99A彩花2 PRINT2;尺码:165/84A/M,如***调,295653365742,质量好很好，漂亮,2016-12-15 19:30:32,2,0
356060330,颜色分类:99A彩花2 PRINT2;尺码:165/84A/M,泰***8,293716923614,不好意思事情太多确认晚了，宝贝非常好，双十一购买非常划算。,2016-11-29 14:52:49,4,0
356060330,颜色分类:99A彩花2 PRINT2;尺码:160/80A/S,c***8,294252807296,这个天气穿有点冷了，但还是很显身材的，就是胯大的话下半身会更突出&hellip;&hellip;&hellip;,2016-12-02 09:52:58,4,0
356060330,颜色分类:99A彩花2 PRINT2;尺码:170/88A/L,h***4,293753249481,胸大之人慎买，上衣一旦短，胸大直接成裹胸，其它还好，质量赞赞的,2016-11-29 01:52:52,3,0
356060330,颜色分类:99M彩花 Print;尺码:175/92A/XL,s***猫,295652404491,很漂亮的一款裙子，上衣小款，刚到腰部，有175/96的就更好了,2016-12-14 21:15:12,3,0
356060330,颜色分类:99M彩花 Print;尺码:170/88A/L,月***1,295581202224,上衣真的好短，裙子好皱，希望能晾好吧，减了肥配高跟鞋穿好看,2016-12-15 15:06:24,1,0
356060330,颜色分类:99A彩花2 PRINT2;尺码:160/80A/S,就***单,293339967989,体恤感觉不怎么样，裙子是我想要的蓬度，遗憾的是自己选错了色号！！关键是快递真的太速度啦,2016-11-27 19:04:07,2,0
356060330,颜色分类:99A彩花2 PRINT2;尺码:165/84A/M,章***1,295376402668,双12买的，过两天就收到了！裙子质地很好，手感当然不错了！果断留下！大爱呦！,2016-12-14 10:12:18,2,0
356060330,颜色分类:99A彩花2 PRINT2;尺码:175/92A/XL,t***3,290217712132,女儿说漂亮！料子轻薄，裙子漂亮，顺滑，蓬起。,2016-10-31 14:39:44,0,0
356060330,颜色分类:99M彩花 Print;尺码:165/84A/M,也***流,296842449904,"不透，不过上衣短，容易露腰，样子好看 163,53kg 客服一句话就换一个",2016-12-25 17:38:10,3,0
356060330,颜色分类:99A彩花2 PRINT2;尺码:155/76A/XS,蓝***惑,292461020667,本次双十一中第一个收到的包裹，物流速度惊人，赞一个。尺码略偏小，换货速度也很快。上衣的面料不是很舒服，款式不错。,2016-11-20 21:51:40,3,0
356060330,颜色分类:99A彩花2 PRINT2;尺码:170/88A/L,l***2,297581210875,给自己买的过年的新衣服，显瘦显气质,2016-12-31 16:45:02,3,0
356060330,颜色分类:99M彩花 Print;尺码:160/80A/S,刘***兮,293303107665,挺好看的，上衣好短，我这种上身长的人不太适合吧。,2016-11-24 20:14:31,0,0
356060330,颜色分类:99A彩花2 PRINT2;尺码:155/76A/XS,b***葭,294750578084,好看，合适而且时尚,2016-12-07 23:19:41,3,0
356060330,颜色分类:99A彩花2 PRINT2;尺码:160/80A/S,g***7,293547499890,衣服是短款，好看，就是领子有点低,2016-11-28 17:08:29,4,0
356060330,颜色分类:99M彩花 Print;尺码:165/84A/M,石***g,296325306588,衣服太小跟短了，裙子大爱,2016-12-19 17:13:04,0,0
356060330,颜色分类:99A彩花2 PRINT2;尺码:175/92A/XL,佛***6,296168682065,质量非常好，显瘦，版型也好，五折很划算。,2016-12-17 23:01:41,4,0
356060330,颜色分类:99A彩花2 PRINT2;尺码:155/76A/XS,w***7,294454138855,宝贝很好看，穿上很漂亮，好喜欢这个款式的套装。,2016-12-04 12:39:50,0,0
356060330,颜色分类:99A彩花2 PRINT2;尺码:170/88A/L,我***8,299660483779,还以为是连衣裙，原来是两件套的，很漂亮的，价廉物美哈哈,2017-01-18 10:51:56,2,0
356060330,颜色分类:99M彩花 Print;尺码:165/84A/M,l***9,291449508766,本地发货，第二天就到了，码很正，上衣有点硬，洗过不知道怎么样，裙子大爱,2016-11-12 17:43:55,4,1
356060330,颜色分类:99A彩花2 PRINT2;尺码:170/88A/L,简***6,299450427505,很漂亮，就是领子太大了，上衣太短了，哈哈,2017-01-17 19:23:42,0,0
356060330,颜色分类:99M彩花 Print;尺码:155/76A/XS,玩***素,297768070849,很漂亮老婆穿起来很好，很合身,2017-01-01 15:51:24,0,0
356060330,颜色分类:99M彩花 Print;尺码:170/88A/L,跳***美,296907227240,衣服很短，穿上还行,2016-12-26 15:05:24,0,0
356060330,颜色分类:99M彩花 Print;尺码:155/76A/XS,e***7,296706760318,显瘦，寄顺丰超级快，从天津第二天就到了深圳，比门店便宜，超值！！！,2016-12-24 10:18:34,3,0
356060330,颜色分类:99A彩花2 PRINT2;尺码:165/84A/M,s***7,297205617548,质量很好  穿上感觉还不错,2016-12-28 18:09:32,0,0
356060330,颜色分类:99M彩花 Print;尺码:165/84A/M,百***鞋,295885294432,衣服很好  快递也给力  就是降价太快了  拿到家还没穿就降价了  心?中不爽  家里90％的衣服是ONLY的  希望以后降价前能说声,2016-12-17 10:08:13,3,0
356060330,颜色分类:99A彩花2 PRINT2;尺码:160/80A/S,z***a,291642802828,上身衣服稍微有点短，后背露的有点大，但衣服整体质感不错 很漂亮,2016-11-15 15:03:57,4,0
356060330,颜色分类:99A彩花2 PRINT2;尺码:170/88A/L,麦***2,298349916772,胆小穿不出去，冬天长胖了?,2017-01-10 10:38:10,4,0
356060330,颜色分类:99A彩花2 PRINT2;尺码:155/76A/XS,x***2,291883407901,衣服很好看，质量也挺好,2016-11-17 07:58:31,3,1
356060330,颜色分类:99A彩花2 PRINT2;尺码:170/88A/L,z***1,292226946539,很不错，跟图片一样，不过上衣比较小，适合很瘦的人穿，肚子上有肉的话就比较显肉的，款式很不错的。,2016-11-18 15:46:18,3,0
356060330,颜色分类:99M彩花 Print;尺码:165/84A/M,琉***丁,294448614538,没看好以为是连衣裙呢，是两件套纠结了好多天留下了裙子太蓬蓬了,2016-12-02 22:15:53,4,0
356060330,颜色分类:99M彩花 Print;尺码:155/76A/XS,i***1,293840428689,裙子很不赖，还以为是连着的，上衣和裙是分开的，小惊喜，喜欢。,2016-12-01 11:48:36,3,0
356060330,颜色分类:99M彩花 Print;尺码:165/84A/M,0***熊,292255313171,太漂亮太划算了,2016-11-17 21:45:55,2,1
356060330,颜色分类:99M彩花 Print;尺码:170/88A/L,w***3,293195083102,以为是连衣裤，结果是衣服裙子分开的，还行,2016-11-25 06:17:31,3,0
356060330,颜色分类:99A彩花2 PRINT2;尺码:165/84A/M,我***心,292711955575,不错 不错 上身效果不错 很喜欢上衣的设计 裙子比想象中长 从腰快到膝盖了 但是拉链的那个转折处不是很顺 感觉很容易烂,2016-11-19 22:18:27,2,0
356060330,颜色分类:99A彩花2 PRINT2;尺码:155/76A/XS,d***2,291813107308,质量还可以，就是上身太短，裙子可以穿上身有点紧，想换大一号又嫌麻烦，只能减肥了。。。,2016-11-13 22:12:03,2,0
356060330,颜色分类:99M彩花 Print;尺码:160/80A/S,街***3,293200447713,衣服款式很好看，穿着很显瘦，很喜欢这套！,2016-11-26 11:56:11,3,0
356060330,颜色分类:99M彩花 Print;尺码:170/88A/L,d***4,296433658597,很漂亮的，这类型的裙子已经二条了，还是忍不住又买了，太喜欢,2016-12-20 15:49:06,3,0
356060330,颜色分类:99M彩花 Print;尺码:170/88A/L,小***城,291549022509,小了，应该买最大号不然穿不穿模特样子，165，116应该买最大号,2016-11-13 16:23:30,0,0
356060330,颜色分类:99M彩花 Print;尺码:160/80A/S,y***1,294206954201,很漂亮的套装，不过我肚子肉有点多，裙子稍微小了一点点,2016-12-01 16:44:32,3,0
356060330,颜色分类:99A彩花2 PRINT2;尺码:165/84A/M,小***1,297528343261,大小合适，穿着很美,2016-12-30 17:44:30,4,0
356060330,颜色分类:99M彩花 Print;尺码:170/88A/L,y***n,297472517262,刻意选大了一码，还是有点小，样子很漂亮,2016-12-31 15:11:34,4,0
356060330,颜色分类:99M彩花 Print;尺码:165/84A/M,c***0,293456947025,"163cm 55KG,M码 这是眼看中的 买回来挺合身的 本来对他家的东东也熟 挺好的",2016-11-28 15:36:28,4,0
356060330,颜色分类:99M彩花 Print;尺码:165/84A/M,a***婷,292823962426,喜欢这个裙子很久了，赶上双十一果断拿下，裙子蓬蓬的，很好看！,2016-11-21 11:52:03,0,0
356060330,颜色分类:99A彩花2 PRINT2;尺码:155/76A/XS,小***1,299814656409,穿上很美，就是袖子咧开了卖家态度还不错同意换货了,2017-01-19 20:22:03,4,0
356060330,颜色分类:99A彩花2 PRINT2;尺码:165/84A/M,y***6,296817135409,收到了，漂亮，就是冬天穿不合适，冷,2016-12-26 15:53:28,0,0
356060330,颜色分类:99M彩花 Print;尺码:160/80A/S,陈***h,295304687975,很好，和描述一样，做工也精细，大品牌值得信赖,2016-12-14 07:14:58,3,0
356060330,颜色分类:99M彩花 Print;尺码:170/88A/L,于***e,296736544900,裙子好看，就是上衣较短~,2016-12-23 11:15:37,2,0
356060330,颜色分类:99A彩花2 PRINT2;尺码:165/84A/M,w***0,296756117628,好蓬的 腰口有点紧,2016-12-25 17:17:29,0,0
356060330,颜色分类:99M彩花 Print;尺码:170/88A/L,晶***村,298105836475,衣服超美！！！特别喜欢！价格也合理！,2017-01-07 17:57:02,3,0
356060330,颜色分类:99M彩花 Print;尺码:155/76A/XS,z***6,291610825667,稍微偏小了一点，总体还是不错的，衣服样式挺好看的,2016-11-12 12:44:24,2,0
356060330,颜色分类:99A彩花2 PRINT2;尺码:175/92A/XL,最***女,292925504803,裙子炸哈的太厉害,2016-11-22 00:07:44,3,0
356060330,颜色分类:99M彩花 Print;尺码:155/76A/XS,t***3,295897806916,衣服前面是圆领，后辈是V领，上衣很短很小。,2016-12-17 08:32:36,2,0
356060330,颜色分类:99M彩花 Print;尺码:170/88A/L,极***子,292891302807,无 好 不透 买的大码，但裙子腰大了，上衣又太短,2016-11-21 15:52:15,3,0
356060330,颜色分类:99A彩花2 PRINT2;尺码:155/76A/XS,c***0,295701451213,物流非常快 155的裙子有点大 上衣又偏短 还以为一体的,2016-12-15 21:11:48,3,0
356060330,颜色分类:99A彩花2 PRINT2;尺码:170/88A/L,1***尧,291614269329,我的老天我还在内蒙古、昨天付款今天就到了&hellip;质量和实体店的一摸一样、就是买的稍微有点小了、瘦了穿吧、,2016-11-12 20:14:02,3,0
356060330,颜色分类:99A彩花2 PRINT2;尺码:165/84A/M,旦***蛋,292809522573,不错特显腰身，就是裙子太厚了,2016-11-22 17:01:28,2,0
356060330,颜色分类:99M彩花 Print;尺码:165/84A/M,好***儿,292159730305,第一次一眼就看上的黑色裙子，平时都是浅色的，超显瘦啊，抢到了最后一套粉花的，哈哈哈,2016-11-18 10:25:10,4,0
356060330,颜色分类:99M彩花 Print;尺码:155/76A/XS,高***0,291645801130,好看，漂亮。就是上衣料子有点硬，有点扎人。但是很漂亮。,2016-11-14 23:35:26,2,0
356060330,颜色分类:99A彩花2 PRINT2;尺码:175/92A/XL,周***茹,298709248629,衣服很漂亮，适合瘦人穿！,2017-01-10 19:38:38,0,0
356060330,颜色分类:99A彩花2 PRINT2;尺码:165/84A/M,魏***甜,298902711662,超级合适满意,2017-01-12 22:04:02,3,0
356060330,颜色分类:99M彩花 Print;尺码:165/84A/M,曲***y,293366939049,衣服有瑕疵，吊牌剪掉之后才发现,2016-11-26 10:52:21,3,0
356060330,颜色分类:99A彩花2 PRINT2;尺码:160/80A/S,娇***i,299232694060,已经收到了，但没想到上衣这么短，还行吧,2017-01-17 12:04:37,0,0
356060330,颜色分类:99M彩花 Print;尺码:170/88A/L,y***华,292882852054,显瘦 划算 一直穿套他们家衣服！,2016-11-21 18:25:50,4,0
356060330,颜色分类:99A彩花2 PRINT2;尺码:165/84A/M,g***5,291364707143,上衣实在太短了，刚刚到上腰线！也就只能配这个裙子穿，配其他的，直接就成了露脐装了！这个衣服和裙子配起来还不错，显瘦。裙子有点太蓬了！,2016-11-13 17:32:34,3,0
356060330,颜色分类:99M彩花 Print;尺码:165/84A/M,一***g,297422542538,很漂亮，喜欢，就是上衣面料有点硬。,2016-12-30 16:46:13,4,0
356060330,颜色分类:99A彩花2 PRINT2;尺码:165/84A/M,东***e,297581057530,上衣太短。裙子好看。,2017-01-01 00:08:15,0,0
356060330,颜色分类:99A彩花2 PRINT2;尺码:160/80A/S,淘***9,291806769770,很美很修身，没有弹性，再胖点就危险了，感觉是不是该买M的，呵呵。,2016-11-15 12:37:04,3,0
356060330,颜色分类:99M彩花 Print;尺码:170/88A/L,莉***8,294664388838,刚开始买小了，后换的，感觉后换这件的质量明显差了好多?,2016-12-06 22:05:25,2,0
356060330,颜色分类:99A彩花2 PRINT2;尺码:165/84A/M,w***d,296443299493,一直喜欢only的款式，双12买嘀，性价比棒棒哒～,2016-12-19 19:34:22,4,0
356060330,颜色分类:99A彩花2 PRINT2;尺码:165/84A/M,a***2,292594134333,除了拉链有点难拉以外，都挺好的，显瘦，双十一快递也超快，棒棒哒,2016-11-21 21:00:35,2,0
356060330,颜色分类:99A彩花2 PRINT2;尺码:155/76A/XS,随***月,299405698212,已经收到了，没有打开看，买的时候是要另外款彩花的，客服说没有货，结果我收到货了，又看到有了我也是醉了,2017-01-18 10:13:00,4,0
356060330,颜色分类:99M彩花 Print;尺码:160/80A/S,y***7,298188693432,美丽极了，年会穿的。效果不错,2017-01-07 20:49:49,0,0
356060330,颜色分类:99M彩花 Print;尺码:170/88A/L,潘***1,297768708047,穿着很好看。也很时尚。棒棒哒,2017-01-01 20:41:07,2,0
356060330,颜色分类:99M彩花 Print;尺码:170/88A/L,荼***2,291752534891,简直太满意了 双11买的 13日一早就收到货了  宝贝质量很好 穿起来特别显瘦 太喜欢了 后悔没有在你家多买几件了,2016-11-13 23:30:32,2,0
356060330,颜色分类:99M彩花 Print;尺码:160/80A/S,s***语,292957883645,快递速度挺快的，上衣有点漏，有点紧要减肥了??，裙子很蓬，基本满意,2016-11-23 17:27:43,3,0
356060330,颜色分类:99M彩花 Print;尺码:160/80A/S,小***0,293246284429,质量挺好的，版型也漂亮，很喜欢！,2016-11-27 00:02:02,3,0
356060330,颜色分类:99A彩花2 PRINT2;尺码:160/80A/S,龙***8,299593320150,款式很漂亮，上衣有点硬,2017-01-18 21:02:21,2,0
356060330,颜色分类:99M彩花 Print;尺码:170/88A/L,凤***0,294936342503,无 无 衣服偏小,2016-12-07 10:33:27,3,0
356060330,颜色分类:99A彩花2 PRINT2;尺码:160/80A/S,好***伴,295811664132,跟图片一样 非常漂亮 顺丰快递很给力,2016-12-14 22:01:07,2,0
356060330,颜色分类:99A彩花2 PRINT2;尺码:170/88A/L,x***3,297408284805,上衣是短款的，有些意外,2016-12-28 21:02:25,3,0
356060330,颜色分类:99M彩花 Print;尺码:160/80A/S,赵***3,293319826395,衣服好喜欢，整体还是比较满意的,2016-11-26 21:16:08,3,0
356060330,颜色分类:99M彩花 Print;尺码:175/92A/XL,w***2,291236057309,相当迅速呀。这个快递。衣服也相当的完美,2016-11-12 09:58:08,2,2
356060330,颜色分类:99A彩花2 PRINT2;尺码:160/80A/S,j***h,293311926061,没想到上衣那么短的  后面领子太低了,2016-11-27 15:05:55,3,0
356060330,颜色分类:99A彩花2 PRINT2;尺码:165/84A/M,咩***洋,295925736202,质量还是可以，就是感觉上衣太短了！,2016-12-17 16:18:58,0,0
356060330,颜色分类:99M彩花 Print;尺码:160/80A/S,x***6,292911072063,裙子很喜欢，蓬蓬的，上衣的质量不行，不太好。,2016-11-21 11:50:04,3,0
356060330,颜色分类:99M彩花 Print;尺码:170/88A/L,胡***峡,291855948962,上衣很短，裙子是蓬蓬裙，我穿裙子有点长，建议个子小，有点胖的不适合穿这款衣服,2016-11-14 10:56:26,2,0
356060330,颜色分类:99M彩花 Print;尺码:160/80A/S,t***1,293203722796,衣服上身效果非常好，很显身材，棒棒哒,2016-11-24 20:09:37,3,0
356060330,颜色分类:99A彩花2 PRINT2;尺码:165/84A/M,w***o,291437502289,真是速度啊，大小也正好，美美哒,2016-11-12 12:45:26,2,1
356060330,颜色分类:99M彩花 Print;尺码:160/80A/S,倾***4,293744697206,买小了，裙子干脆穿不上。放着吧，当成减肥的动力！,2016-11-30 16:50:59,4,0
356060330,颜色分类:99M彩花 Print;尺码:170/88A/L,y***1,297420554839,和实体店一样一样的，挺好看的。,2016-12-30 10:50:19,3,0
356060330,颜色分类:99A彩花2 PRINT2;尺码:155/76A/XS,云***8,292857309839,恩，双十一拍的，衣衣很漂亮是ONLY家的粉，,2016-11-21 21:38:57,3,0
356060330,颜色分类:99M彩花 Print;尺码:165/84A/M,p***7,291711066031,都好 就是裙子腰这里还是大了两指 裙子偏长，到膝盖了 显腿短有点 质量不错,2016-11-13 17:53:11,3,0
356060330,颜色分类:99A彩花2 PRINT2;尺码:160/80A/S,l***9,293406884061,这个版偏小，买小了，又换了一次。客服挺热情的解决换货问题。谢谢。,2016-11-25 22:51:02,0,0
356060330,颜色分类:99M彩花 Print;尺码:170/88A/L,t***0,299121401243,衣服可以，只是裙子太蓬松了,2017-01-16 13:55:06,0,0
356060330,颜色分类:99A彩花2 PRINT2;尺码:170/88A/L,d***7,296187248211,好看，合身，料子稍硬，170，60kg,2016-12-17 18:46:15,0,0
356060330,颜色分类:99M彩花 Print;尺码:165/84A/M,r***x,293503641930,买的非常成功，穿起来特别显瘦，很漂亮,2016-11-26 06:05:38,0,0
356060330,颜色分类:99A彩花2 PRINT2;尺码:165/84A/M,雷***蓉,295536417931,"做工：美呆，衣柜全是ONLY,喜欢喜欢。",2016-12-14 15:29:32,4,0
356060330,颜色分类:99A彩花2 PRINT2;尺码:155/76A/XS,杨***7,298701856299,质感稍微弱点,2017-01-10 09:51:22,0,0
356060330,颜色分类:99M彩花 Print;尺码:165/84A/M,q***笑,293099776009,买小了，妹妹穿刚好，也很漂亮,2016-11-22 17:40:54,3,0
356060330,颜色分类:99M彩花 Print;尺码:165/84A/M,m***凌,292509606992,上衣很紧身 偏小码 裙子很合身,2016-11-18 20:53:34,3,0
356060330,颜色分类:99A彩花2 PRINT2;尺码:175/92A/XL,沐***娜,291792943595,很喜欢，比想象的好。本人170，130斤，给大家做个参考,2016-11-15 22:40:47,3,2
356060330,颜色分类:99A彩花2 PRINT2;尺码:165/84A/M,f***6,291847138463,上身效果不错，但质量一般，尤其是衣服。衣服要穿抹胸打底，否则无法穿。,2016-11-16 12:23:52,2,0
356060330,颜色分类:99M彩花 Print;尺码:165/84A/M,g***8,293712547094,好看，就是袖子太长了,2016-11-30 12:40:39,4,0
356060330,颜色分类:99M彩花 Print;尺码:160/80A/S,快***月,291656136183,裙子太蓬了，而且上衣的面料太硬，不是很喜欢。,2016-11-14 12:49:12,3,0
356060330,颜色分类:99A彩花2 PRINT2;尺码:175/92A/XL,t***2,291806511159,裙摆稍有些过蓬，上衣是很短的款式，不过整体效果显瘦漂亮,2016-11-15 22:33:44,3,0
356060330,颜色分类:99A彩花2 PRINT2;尺码:165/84A/M,阿***i,292511918155,不错，穿起来挺漂亮的，上衣短，裙腰高，裙摆很蓬，显瘦，分开穿也百搭！,2016-11-19 18:47:26,4,0
356060330,颜色分类:99M彩花 Print;尺码:165/84A/M,女***5,297556539075,上身超级显瘦 超美,2016-12-31 13:50:10,0,0
356060330,颜色分类:99M彩花 Print;尺码:170/88A/L,夏***x,292350038399,拍的有一点点小了，可是我超级喜欢，还是觉定不换了，还是加油减减肥吧?,2016-11-20 10:09:38,3,0
356060330,颜色分类:99A彩花2 PRINT2;尺码:160/80A/S,j***9,296614464371,比想象中小，上衣很短，不过很显身材，是正品。,2016-12-21 10:30:16,3,0
356060330,颜色分类:99A彩花2 PRINT2;尺码:170/88A/L,关***8,298260531223,穿不了，上衣超级短，露半截腰,2017-01-05 14:10:27,0,0
356060330,颜色分类:99A彩花2 PRINT2;尺码:155/76A/XS,x***1,295500985454,好快，双十二拍的，第二天就收到，质量很好，喜欢,2016-12-15 14:16:49,2,0
356060330,颜色分类:99M彩花 Print;尺码:160/80A/S,草***5,293701158496,双11买的，第二天就到了，穿了一段时间才来评价的，很漂亮?,2016-11-27 15:05:27,0,0
356060330,颜色分类:99M彩花 Print;尺码:160/80A/S,小***星,298314255176,非常显身材，物有所值，就是上衣短了些！,2017-01-08 23:36:58,3,0
356060330,颜色分类:99M彩花 Print;尺码:165/84A/M,n***c,292656355778,衣服质量不错哦，适合春秋穿，领子有点大，衣服号偏小一点儿啊！发货速度快。,2016-11-19 21:04:46,3,0
356060330,颜色分类:99M彩花 Print;尺码:165/84A/M,x***8,292370487444,买的中码，虽能穿上，但还是比较挤！又长胖了！怎么减肥呀！衣服很短，裙子很蓬！不知道怎么搭配冬天的衣服,2016-11-18 15:37:26,2,0
356060330,颜色分类:99A彩花2 PRINT2;尺码:160/80A/S,童***2,292022962374,帮同事买，穿上超性感的说，和实体店一样,2016-11-17 12:21:01,2,0
356060330,颜色分类:99M彩花 Print;尺码:160/80A/S,帘***红,294283558467,很显瘦，上衣料子有点硬,2016-12-01 18:30:24,3,0
356060330,颜色分类:99M彩花 Print;尺码:155/76A/XS,t***1,292313609707,有一个疵点，嫌麻烦就不退货了。但是卖家却超级贴心，送了一个十元优惠卷，大爱,2016-11-17 10:35:47,2,0
356060330,颜色分类:99M彩花 Print;尺码:165/84A/M,a***2,295054677715,价钱挺贵的，衣服一般吧,2016-12-11 13:06:58,0,0
356060330,颜色分类:99A彩花2 PRINT2;尺码:155/76A/XS,l***4,297050139311,很漂亮，显身材哦！裙子好蓬,2016-12-27 13:23:43,4,0
356060330,颜色分类:99A彩花2 PRINT2;尺码:170/88A/L,嘻***8,298421803215,还好穿上很好看。,2017-01-09 16:25:39,2,0
356060330,颜色分类:99A彩花2 PRINT2;尺码:165/84A/M,白***1,296864038814,裙摆太大，也太长,2016-12-24 11:11:36,2,0
356060330,颜色分类:99M彩花 Print;尺码:165/84A/M,雁***苒,291610492183,还不错，喜欢下面的短裙,2016-11-14 16:19:28,3,1
356060330,颜色分类:99M彩花 Print;尺码:175/92A/XL,h***7,293188342366,底裙蓬的有些drama，上衣容易搭衣服～,2016-11-26 17:02:50,3,0
356060330,颜色分类:99A彩花2 PRINT2;尺码:165/84A/M,小***0,298981033357,瘦了点，其他也一般,2017-01-14 20:33:45,0,0
356060330,颜色分类:99A彩花2 PRINT2;尺码:160/80A/S,j***8,296966423263,<b></b>此<b></b>用<b></b>户<b></b>没<b></b>有<b></b>填<b></b>写<b></b>评<b></b>论<b></b>!<b></b>,2016-12-25 18:25:55,3,0
356060330,颜色分类:99A彩花2 PRINT2;尺码:170/88A/L,l***1,296316292875,很漂亮 显身材 一下高雅了起来,2016-12-20 16:36:07,3,0
356060330,颜色分类:99M彩花 Print;尺码:170/88A/L,街***0,299121109765,挺蓬的裙子，显得腰比较细,2017-01-15 15:34:42,0,0
356060330,颜色分类:99M彩花 Print;尺码:175/92A/XL,小***敏,294902572919,很好看的衣服，可惜穿不上，要减肥喽,2016-12-06 21:16:31,4,0
356060330,颜色分类:99A彩花2 PRINT2;尺码:155/76A/XS,完***7,291939761505,衣服很好 很合身 很满意,2016-11-16 09:18:39,3,1
356060330,颜色分类:99A彩花2 PRINT2;尺码:155/76A/XS,哈***哈,291309244607,料子很好，跟实体店一样，就是上衣太短，裙边都遮不住,2016-11-13 09:58:25,2,0
356060330,颜色分类:99A彩花2 PRINT2;尺码:165/84A/M,晓***3,291853928410,好看好看只是我穿的这个码裙子的腰很肥，小一号也能穿怕换了以后上衣会短就这样吧，很喜欢，家里人都夸好看！,2016-11-16 01:28:50,1,0
356060330,颜色分类:99M彩花 Print;尺码:165/84A/M,古***1,296012494805,裙子上的口袋是我的大爱,2016-12-18 11:19:46,3,0
356060330,颜色分类:99M彩花 Print;尺码:165/84A/M,o***人,292383462443,双十一买的 坐火箭就发过来了 质量挺赞的 裙子腰围稍紧点 其他都好,2016-11-17 18:23:01,3,0
356060330,颜色分类:99M彩花 Print;尺码:170/88A/L,f***l,297058669642,穿上还是美美的,2016-12-26 16:48:53,3,0
356060330,颜色分类:99M彩花 Print;尺码:165/84A/M,慕***曦,295093487056,换了两次都有这一条，无语了，要是本来就有的能不能告诉我一下，别让我折腾两次来换,2016-12-12 06:47:11,3,0
356060330,颜色分类:99A彩花2 PRINT2;尺码:170/88A/L,x***d,291885966142,很好看，是分体的，上衣显瘦，裙子很蓬，但上衣是真的很短啊,2016-11-15 17:50:43,2,0
356060330,颜色分类:99A彩花2 PRINT2;尺码:170/88A/L,雨***5,295858529386,上衣面料很一般，裙子很蓬,2016-12-16 14:45:59,4,0
356060330,颜色分类:99A彩花2 PRINT2;尺码:175/92A/XL,王***丫,298299536892,物流太慢，太慢，等的心疼，东西是正品,2017-01-06 19:15:16,2,0
356060330,颜色分类:99A彩花2 PRINT2;尺码:165/84A/M,x***e,297909734772,修身 质量很好,2017-01-02 11:42:44,2,0
356060330,颜色分类:99A彩花2 PRINT2;尺码:160/80A/S,抛***质,296644439500,衣服挺喜欢，售后服务太差了,2016-12-22 20:14:33,3,0
356060330,颜色分类:99A彩花2 PRINT2;尺码:165/84A/M,c***2,298770132628,帮姐姐买的，挺喜欢。发货和物流都超级快。,2017-01-11 21:54:16,4,0
356060330,颜色分类:99M彩花 Print;尺码:170/88A/L,l***6,292070376635,身高170.体重100斤，有点肥了，只好改一下，样子和图片相符 。,2016-11-17 19:17:54,3,0
356060330,颜色分类:99M彩花 Print;尺码:155/76A/XS,k***k,299261649638,宝贝很好，女朋友很喜欢哦！,2017-01-16 14:34:52,0,0
356060330,颜色分类:99A彩花2 PRINT2;尺码:160/80A/S,肖***6,293232929922,拉链不是很好用其他都不错,2016-11-25 17:11:56,3,0
356060330,颜色分类:99M彩花 Print;尺码:160/80A/S,l***0,293219951274,好看，就是裙子太蓬了,2016-11-26 11:16:17,3,0
356060330,颜色分类:99M彩花 Print;尺码:160/80A/S,q***9,293030925434,合适 很好 没有色差 服务很好,2016-11-22 16:41:31,4,0
356060330,颜色分类:99A彩花2 PRINT2;尺码:160/80A/S,肆***笑,297316295155,穿不了，糟糕的团购经历！,2016-12-28 16:16:58,3,0
356060330,颜色分类:99M彩花 Print;尺码:165/84A/M,回***子,292884151970,双十一速度超级快！和照片一样好看,2016-11-22 15:11:18,3,0
356060330,颜色分类:99M彩花 Print;尺码:175/92A/XL,柳***8,292995818687,很喜欢这件，双十一抢到的，很合身,2016-11-22 22:29:33,3,0
356060330,颜色分类:99M彩花 Print;尺码:165/84A/M,今***山,293264700527,兴粪拍错颜色了，,2016-11-26 19:30:17,0,0
356060330,颜色分类:99M彩花 Print;尺码:165/84A/M,花***皮,292366948116,<b></b>此<b></b>用<b></b>户<b></b>没<b></b>有<b></b>填<b></b>写<b></b>评<b></b>论<b></b>!<b></b>,2016-11-18 11:58:26,2,0
356060330,颜色分类:99A彩花2 PRINT2;尺码:175/92A/XL,l***e,296972296094,质量不错，但是不适合我,2016-12-27 08:41:31,4,0
356060330,颜色分类:99A彩花2 PRINT2;尺码:160/80A/S,卡***e,292665429731,上衣很小一件，裙子蓬蓬的，还是挺好看的,2016-11-21 16:07:12,0,0
356060330,颜色分类:99M彩花 Print;尺码:165/84A/M,1***t,299404254543,衣服短了些，但是裙子很漂亮，很喜欢,2017-01-17 10:52:31,4,0
356060330,颜色分类:99M彩花 Print;尺码:165/84A/M,y***6,296582153413,老婆很喜欢,2016-12-24 16:08:09,4,0
356060330,颜色分类:99A彩花2 PRINT2;尺码:170/88A/L,c***5,291819640394,发货速度很快，顺丰快递也很快，喜欢的衣服，比之前便宜一半的价钱，赶紧入手，跟专柜试的一样,2016-11-15 16:03:17,3,0
356060330,颜色分类:99M彩花 Print;尺码:165/84A/M,d***4,292719922837,喜欢质量不错,2016-11-22 18:53:20,3,0
356060330,颜色分类:99M彩花 Print;尺码:160/80A/S,n***l,297596890064,穿上非常合身又显瘦 很喜欢！！,2016-12-30 23:58:48,2,0
356060330,颜色分类:99M彩花 Print;尺码:160/80A/S,f***8,298153145399,码数偏小,2017-01-07 16:54:30,0,0
356060330,颜色分类:99M彩花 Print;尺码:160/80A/S,溺***q,292934816925,裙子不错，衣服有点小,2016-11-22 10:51:39,2,0
356060330,颜色分类:99M彩花 Print;尺码:175/92A/XL,菘***y,291954756248,裙子超级显身材，感觉裙子略长了一点，如果短一点应该非常漂亮，上衣的前圆后V超级喜欢,2016-11-15 21:27:47,4,0
356060330,颜色分类:99A彩花2 PRINT2;尺码:165/84A/M,w***g,291715168198,双十一比平时递得还快。很好看，就是有肚腩腰略紧。减肥啊减肥！,2016-11-13 09:57:53,4,0
356060330,颜色分类:99M彩花 Print;尺码:170/88A/L,荡***w,295260265303,双十一没买到，双十二终于买到了，大爱,2016-12-13 19:42:29,2,0
356060330,颜色分类:99A彩花2 PRINT2;尺码:155/76A/XS,亲***翠,293373854734,布料不错,2016-11-26 18:32:49,0,0
356060330,颜色分类:99M彩花 Print;尺码:165/84A/M,程***美,291964722692,非常喜欢。之前看别人说是v领，我想她肯定穿错了，因为后面才是v形，呵呵。,2016-11-17 11:25:23,2,0
356060330,颜色分类:99M彩花 Print;尺码:165/84A/M,y***6,298797955870,这款还没有穿过，有点露,2017-01-11 15:11:22,2,0
356060330,颜色分类:99M彩花 Print;尺码:170/88A/L,h***2,294730333079,裙子很蓬，好看,2016-12-05 13:50:05,0,0
356060330,颜色分类:99M彩花 Print;尺码:155/76A/XS,蕊***6,295670987615,喜欢，就是觉得裙子正好 衣服有点小,2016-12-15 18:59:18,2,0
356060330,颜色分类:99M彩花 Print;尺码:170/88A/L,m***g,292709996588,物流很快，就是上衣很短，个子高胸大的妹妹穿不了,2016-11-22 11:45:37,3,0
356060330,颜色分类:99A彩花2 PRINT2;尺码:160/80A/S,李***僖,293323149579,买小了，就是换货好漫长呀，咱以后能快点吗,2016-11-25 09:18:06,4,0
356060330,颜色分类:99M彩花 Print;尺码:170/88A/L,b***g,292051323415,还可以，就是裙子压的不知还能不能熨烫好,2016-11-17 11:15:56,4,0
356060330,颜色分类:99M彩花 Print;尺码:170/88A/L,x***2,294858284494,上衣不错，裙子太蓬了,2016-12-10 16:10:13,0,0
356060330,颜色分类:99A彩花2 PRINT2;尺码:175/92A/XL,田***l,297179240269,质量很好，很喜欢，最爱only,2016-12-28 22:56:48,2,0
356060330,颜色分类:99A彩花2 PRINT2;尺码:165/84A/M,x***1,294864330306,很漂亮！穿上超级棒,2016-12-07 11:03:21,4,0
356060330,颜色分类:99M彩花 Print;尺码:170/88A/L,雪***萱,292613054233,看错了，以为是连衣裙，原来是两件套！不过也很喜欢！,2016-11-20 13:27:21,3,0
356060330,颜色分类:99A彩花2 PRINT2;尺码:165/84A/M,t***2,297628109467,不是正品,2016-12-31 12:01:00,3,0
356060330,颜色分类:99A彩花2 PRINT2;尺码:170/88A/L,t***j,292839869326,穿着大小合适没色差，也很显瘦，真的越来越喜欢你家的衣服了,2016-11-21 09:30:10,2,0
356060330,颜色分类:99A彩花2 PRINT2;尺码:170/88A/L,雨***落,296920011886,裙子很漂亮,2016-12-27 11:01:24,3,0
356060330,颜色分类:99M彩花 Print;尺码:165/84A/M,3***杰,293304295609,衣服挺好看的，就是裙子太长了。,2016-11-25 17:50:52,4,0
356060330,颜色分类:99A彩花2 PRINT2;尺码:175/92A/XL,刘***8,298211263575,还可以，就是太炸了！,2017-01-07 22:42:07,0,0
356060330,颜色分类:99M彩花 Print;尺码:165/84A/M,h***0,297400436688,是正品，码数合适，很喜欢,2016-12-30 08:20:01,3,0
356060330,颜色分类:99M彩花 Print;尺码:160/80A/S,灿***猪,298302177609,上衣好好短,2017-01-08 12:23:26,3,0
356060330,颜色分类:99M彩花 Print;尺码:165/84A/M,张***8,292019730558,应该是正品，发货也快，就是衣服拿出来全是褶子，得自己熨烫,2016-11-17 10:23:01,3,0
356060330,颜色分类:99A彩花2 PRINT2;尺码:155/76A/XS,心***6,292204616474,裙摆太大了，腰围有点大，感觉裙子不好控制。其他不错！,2016-11-18 11:16:49,4,0
356060330,颜色分类:99M彩花 Print;尺码:160/80A/S,x***1,292184634867,宝贝不错，上衣穿着很显瘦，裙子也漂亮,2016-11-17 14:32:37,3,0
356060330,颜色分类:99A彩花2 PRINT2;尺码:165/84A/M,欣***5,296759357548,上衣太短。,2016-12-23 10:58:28,0,0
356060330,颜色分类:99M彩花 Print;尺码:165/84A/M,王***t,292949620707,不知道在他家买了多少衣服了,2016-11-23 00:29:49,4,0
356060330,颜色分类:99A彩花2 PRINT2;尺码:155/76A/XS,z***0,298198998861,衣服很好,2017-01-05 13:51:44,4,0
356060330,颜色分类:99M彩花 Print;尺码:155/76A/XS,1***a,291852366445,衣服还可以，中间出现点小问题也解决了，但是衣服掉色比较严重，这种牌子衣服怎么应该掉色呢？,2016-11-15 21:30:54,0,0
356060330,颜色分类:99M彩花 Print;尺码:165/84A/M,挣***饭,294576093737,物有所值 ，衣服质量挺好的,2016-12-05 01:41:46,4,0
356060330,颜色分类:99M彩花 Print;尺码:170/88A/L,a***1,293831555859,很棒很棒，已经迫不及待啦,2016-11-28 21:15:09,3,0
356060330,颜色分类:99A彩花2 PRINT2;尺码:155/76A/XS,l***士,291890445791,可能模特比较高吧。我穿裙子到膝盖以下了，没有这样的效果。衣服质量还可以，物流很快,2016-11-15 11:06:33,0,0
356060330,颜色分类:99A彩花2 PRINT2;尺码:165/84A/M,如***调,295653365742,质量好很好，漂亮,2016-12-15 19:30:32,2,0
356060330,颜色分类:99M彩花 Print;尺码:155/76A/XS,我***0,298967322154,第一次购买，非常满意！,2017-01-12 17:05:45,3,0
356060330,颜色分类:99M彩花 Print;尺码:165/84A/M,d***l,295483164320,看起来不错，月子中没试等追评,2016-12-14 18:23:09,3,0
356060330,颜色分类:99M彩花 Print;尺码:170/88A/L,小***哈,292378631812,上衣很紧，裙子很大，嗯，还可以。,2016-11-18 19:30:24,3,0
356060330,颜色分类:99A彩花2 PRINT2;尺码:160/80A/S,十***8,291536318822,还不错，就是实物与描述有点儿不一样，上衣后背是V型，有些小露背,2016-11-13 22:12:59,2,0
356060330,颜色分类:99M彩花 Print;尺码:160/80A/S,静***珈,292125657735,两件套 超赞的 一开始以为是V领的 才发现穿反了。。。上身很显瘦,2016-11-16 00:53:03,3,0
356060330,颜色分类:99M彩花 Print;尺码:160/80A/S,谷***头,290148090162,<b></b>此<b></b>用<b></b>户<b></b>没<b></b>有<b></b>填<b></b>写<b></b>评<b></b>论<b></b>!<b></b>,2016-10-31 13:09:09,2,0
356060330,颜色分类:99A彩花2 PRINT2;尺码:160/80A/S,t***6,292378863124,衣服挺好看的，就是衣服太小了,2016-11-19 17:57:24,0,0
356060330,颜色分类:99M彩花 Print;尺码:165/84A/M,l***7,292493593492,差点把圆领穿成尖领，哈哈，裙子腰围略大,2016-11-21 09:10:00,3,0
356060330,颜色分类:99M彩花 Print;尺码:165/84A/M,1***y,291827281373,上衣薄了点，领子稍大，其他还好，裙子感觉不错,2016-11-15 11:36:52,0,0
356060330,颜色分类:99M彩花 Print;尺码:165/84A/M,琉***丁,294448614538,没看好以为是连衣裙呢，是两件套纠结了好多天留下了裙子太蓬蓬了,2016-12-02 22:15:53,4,0
356060330,颜色分类:99M彩花 Print;尺码:165/84A/M,t***2,291801805989,衣服质量很好，快递速度超赞！适合瘦瘦高高个！加油减肥后穿 ?,2016-11-14 23:35:02,2,0
356060330,颜色分类:99M彩花 Print;尺码:155/76A/XS,i***1,293840428689,裙子很不赖，还以为是连着的，上衣和裙是分开的，小惊喜，喜欢。,2016-12-01 11:48:36,3,0
356060330,颜色分类:99M彩花 Print;尺码:165/84A/M,娟***8,291679090583,不错，美美哒,2016-11-15 00:51:26,3,1
356060330,颜色分类:99A彩花2 PRINT2;尺码:165/84A/M,w***薇,291962801496,裙子?本来就很蓬蓬吗？感觉蓬的太大了！可能自己没穿过这样款的吧！质量很好！,2016-11-16 08:47:09,2,0
356060330,颜色分类:99A彩花2 PRINT2;尺码:160/80A/S,冬***i,291723105595,太划算了，好看！喜欢裙子，太漂亮了！,2016-11-14 18:42:48,4,0
356060330,颜色分类:99A彩花2 PRINT2;尺码:155/76A/XS,阿***4,292764704761,适合春秋，裙子很蓬，上衣属于短款修身，裙子很厚实,2016-11-20 20:17:37,2,0
356060330,颜色分类:99M彩花 Print;尺码:170/88A/L,w***3,293195083102,以为是连衣裤，结果是衣服裙子分开的，还行,2016-11-25 06:17:31,3,0
356060330,颜色分类:99M彩花 Print;尺码:165/84A/M,l***n,291724722447,买小了，没想到这个裙子的腰围这么小，努力减肥,2016-11-15 15:52:49,3,0
356060330,颜色分类:99M彩花 Print;尺码:160/80A/S,街***3,293200447713,衣服款式很好看，穿着很显瘦，很喜欢这套！,2016-11-26 11:56:11,3,0
356060330,颜色分类:99A彩花2 PRINT2;尺码:160/80A/S,刘***喽,291761245340,宝贝还不错哦，但就是后背露太多了，冷冷地,2016-11-13 23:03:27,3,0
356060330,颜色分类:99M彩花 Print;尺码:160/80A/S,y***1,294206954201,很漂亮的套装，不过我肚子肉有点多，裙子稍微小了一点点,2016-12-01 16:44:32,3,0
356060330,颜色分类:99A彩花2 PRINT2;尺码:170/88A/L,南***子,291797219207,衣服质量很好，只是裙子太蓬了，总体来说，可以吧,2016-11-13 21:02:31,2,0
356060330,颜色分类:99M彩花 Print;尺码:165/84A/M,c***0,293456947025,"163cm 55KG,M码 这是眼看中的 买回来挺合身的 本来对他家的东东也熟 挺好的",2016-11-28 15:36:28,4,0
356060330,颜色分类:99M彩花 Print;尺码:165/84A/M,a***婷,292823962426,喜欢这个裙子很久了，赶上双十一果断拿下，裙子蓬蓬的，很好看！,2016-11-21 11:52:03,0,0
356060330,颜色分类:99M彩花 Print;尺码:165/84A/M,z***0,292313794313,非常喜欢的东东，裙子很漂亮，就是要配外套，不然觉得上衣太单调了，裙子超喜欢,2016-11-19 10:48:33,3,0
356060330,颜色分类:99A彩花2 PRINT2;尺码:165/84A/M,我***y,291668538412,衣服质量很好，中码穿起来很合身，也很好看，好评！,2016-11-13 15:52:08,2,0
356060330,颜色分类:99M彩花 Print;尺码:170/88A/L,t***7,292484714832,之后根本就不理人，非常愤怒,2016-11-19 14:06:15,0,0
356060330,颜色分类:99M彩花 Print;尺码:160/80A/S,w***7,296415199140,客服特别差，买的时候还积极的，物流出了问题，一天都不回复，问了四次都不回。,2016-12-22 00:18:11,3,0
356060330,颜色分类:99A彩花2 PRINT2;尺码:165/84A/M,荔***子,292865520020,超好看！有点小可爱和小性感！喜欢！就是要少吃点，因为肚子会很明显,2016-11-20 23:39:36,3,0
356060330,颜色分类:99A彩花2 PRINT2;尺码:170/88A/L,燕***0,299463186006,依如继往的支持,2017-01-18 09:24:02,0,0
356060330,颜色分类:99A彩花2 PRINT2;尺码:170/88A/L,v***贝,296111426854,好看，如图,2016-12-20 08:21:00,4,0
356060330,颜色分类:99M彩花 Print;尺码:160/80A/S,t***e,291445775596,"上衣太小,裙子不错.",2016-11-13 16:52:25,1,0
356060330,颜色分类:99A彩花2 PRINT2;尺码:165/84A/M,c***3,295386433590,东西特别好～喜欢,2016-12-13 18:13:42,3,0
356060330,颜色分类:99A彩花2 PRINT2;尺码:165/84A/M,s***g,292611395988,这个下身腰围有点紧，不过也能穿。大一码应该更合适,2016-11-19 18:45:01,3,0
356060330,颜色分类:99A彩花2 PRINT2;尺码:175/92A/XL,l***雨,294811025904,上衣又瘦又短穿不上,2016-12-08 11:07:54,2,0
356060330,颜色分类:99A彩花2 PRINT2;尺码:160/80A/S,青***4,292177193224,喜欢样式，不过双11的时候没有抢到另外那个花型的衣服。,2016-11-18 21:56:13,3,0
356060330,颜色分类:99A彩花2 PRINT2;尺码:170/88A/L,昭***e,295452028038,衣服非常棒  物流非常棒 物流小哥很贴心,2016-12-14 15:17:40,4,0
356060330,颜色分类:99A彩花2 PRINT2;尺码:170/88A/L,娜***0,294713623654,朋友很满意,2016-12-06 16:06:37,0,0
356060330,颜色分类:99M彩花 Print;尺码:170/88A/L,m***格,291299951614,裙子质量超级好，上衣太短。综合来说，衣服就算赠品吧。,2016-11-13 08:41:38,3,0
356060330,颜色分类:99M彩花 Print;尺码:155/76A/XS,s***7,292570602483,挺好，尺码合适，是正品，不过双十一送点赠品多好,2016-11-19 15:37:40,4,0
356060330,颜色分类:99M彩花 Print;尺码:160/80A/S,似***过,291991392526,上衣还不错，裙子太蓬太夸张了，总体来说还可以。,2016-11-15 15:32:01,3,0
356060330,颜色分类:99A彩花2 PRINT2;尺码:155/76A/XS,麦***6,291190636483,物流速度挺快，就是原先选那个彩花在双十一没有，今天一看又有了，好在白色点点的也还行,2016-11-12 10:11:13,0,0
356060330,颜色分类:99A彩花2 PRINT2;尺码:160/80A/S,d***3,293348140297,还不错，适合腰比较瘦的人穿,2016-11-27 14:22:47,2,0
356060330,颜色分类:99A彩花2 PRINT2;尺码:175/92A/XL,t***8,294806201466,宝贝很好很喜欢,2016-12-09 21:56:45,4,0
356060330,颜色分类:99M彩花 Print;尺码:160/80A/S,g***0,292055876428,上衣真的很短啊，裙子是比较厚的,2016-11-16 17:34:19,3,0
356060330,颜色分类:99A彩花2 PRINT2;尺码:155/76A/XS,t***5,291744867325,感觉衣服可以，就是裙子太大了，我还要去改腰围。,2016-11-13 13:46:55,0,0
356060330,颜色分类:99M彩花 Print;尺码:165/84A/M,w***0,291664130916,衣服质量不错，就是上衣看起来很小。还没试穿,2016-11-15 12:39:43,3,0
356060330,颜色分类:99M彩花 Print;尺码:155/76A/XS,a***c,292093229886,<b></b>一<b></b>般<b></b>,2016-11-16 19:30:19,2,0
356060330,颜色分类:99M彩花 Print;尺码:165/84A/M,某***l,291522788785,第一次双11买东西，物流相当快！衣服质量很好，就是裙子有点长，感觉好大,2016-11-13 11:35:41,4,0
356060330,颜色分类:99A彩花2 PRINT2;尺码:160/80A/S,s***4,294178566554,一句话，我是老顾客了，直接变粉丝。,2016-11-30 21:57:20,4,0
356060330,颜色分类:99A彩花2 PRINT2;尺码:170/88A/L,x***0,299237559471,好评，质量很哈,2017-01-15 15:49:22,0,0
356060330,颜色分类:99A彩花2 PRINT2;尺码:165/84A/M,百***茶,291724296968,很好、双十一优惠多多,2016-11-15 12:15:33,0,0
356060330,颜色分类:99A彩花2 PRINT2;尺码:155/76A/XS,t***h,291636584628,好看，上衣材料有点硬，但并不难受。,2016-11-14 23:03:56,3,0
356060330,颜色分类:99A彩花2 PRINT2;尺码:160/80A/S,t***e,291791563870,上衣质量超好，裙子也不错，总体看来很好看,2016-11-15 23:22:03,3,0
356060330,颜色分类:99A彩花2 PRINT2;尺码:160/80A/S,t***6,292378863124,衣服挺好看的，就是衣服太小了,2016-11-19 17:57:24,0,0
356060330,颜色分类:99M彩花 Print;尺码:165/84A/M,q***0,292940947558,裙子很漂亮,2016-11-21 15:17:04,3,0
356060330,颜色分类:99M彩花 Print;尺码:165/84A/M,杜***7,293106621791,衣服很喜欢,2016-11-23 16:41:00,2,0
356060330,颜色分类:99M彩花 Print;尺码:170/88A/L,你***2,293231742759,衣服很漂亮！,2016-11-25 17:02:58,2,0
356060330,颜色分类:99M彩花 Print;尺码:160/80A/S,f***果,297292116630,款式很漂亮，喜欢,2016-12-29 09:20:02,3,0
356060330,颜色分类:99M彩花 Print;尺码:165/84A/M,l***7,292493593492,差点把圆领穿成尖领，哈哈，裙子腰围略大,2016-11-21 09:10:00,3,0
356060330,颜色分类:99M彩花 Print;尺码:165/84A/M,1***y,291827281373,上衣薄了点，领子稍大，其他还好，裙子感觉不错,2016-11-15 11:36:52,0,0
356060330,颜色分类:99M彩花 Print;尺码:165/84A/M,娟***8,291679090583,不错，美美哒,2016-11-15 00:51:26,3,1
356060330,颜色分类:99A彩花2 PRINT2;尺码:165/84A/M,w***薇,291962801496,裙子?本来就很蓬蓬吗？感觉蓬的太大了！可能自己没穿过这样款的吧！质量很好！,2016-11-16 08:47:09,2,0
356060330,颜色分类:99A彩花2 PRINT2;尺码:160/80A/S,冬***i,291723105595,太划算了，好看！喜欢裙子，太漂亮了！,2016-11-14 18:42:48,4,0
356060330,颜色分类:99A彩花2 PRINT2;尺码:155/76A/XS,阿***4,292764704761,适合春秋，裙子很蓬，上衣属于短款修身，裙子很厚实,2016-11-20 20:17:37,2,0
356060330,颜色分类:99A彩花2 PRINT2;尺码:165/84A/M,杨***8,290039160982,质量很好，就是上衣太短，个子高的mm可能穿不了。物流赞一个，第一次这么快就收到宝贝。,2016-11-01 14:42:05,4,0
356060330,颜色分类:99M彩花 Print;尺码:165/84A/M,l***n,291724722447,买小了，没想到这个裙子的腰围这么小，努力减肥,2016-11-15 15:52:49,3,0
356060330,颜色分类:99A彩花2 PRINT2;尺码:160/80A/S,马***4,295802352445,速度飞快，衣服很显瘦,2016-12-15 12:07:35,2,0
356060330,颜色分类:99M彩花 Print;尺码:165/84A/M,蓝***6,293335265579,衣服很好,2016-11-26 10:45:43,2,0
356060330,颜色分类:99A彩花2 PRINT2;尺码:160/80A/S,刘***喽,291761245340,宝贝还不错哦，但就是后背露太多了，冷冷地,2016-11-13 23:03:27,3,0
356060330,颜色分类:99A彩花2 PRINT2;尺码:160/80A/S,1***依,295547316772,比双11降了100多，不开心,2016-12-14 13:05:39,3,0
356060330,颜色分类:99A彩花2 PRINT2;尺码:170/88A/L,蒙***样,293798944963,裙子很岔,2016-11-29 00:12:31,2,0
356060330,颜色分类:99A彩花2 PRINT2;尺码:170/88A/L,南***子,291797219207,衣服质量很好，只是裙子太蓬了，总体来说，可以吧,2016-11-13 21:02:31,2,0
356060330,颜色分类:99M彩花 Print;尺码:165/84A/M,z***0,292313794313,非常喜欢的东东，裙子很漂亮，就是要配外套，不然觉得上衣太单调了，裙子超喜欢,2016-11-19 10:48:33,3,0
356060330,颜色分类:99A彩花2 PRINT2;尺码:175/92A/XL,t***7,291558763670,大小合适，好看！质量也很好！满分必须的,2016-11-14 08:27:00,3,0
356060330,颜色分类:99M彩花 Print;尺码:155/76A/XS,3***宝,292396522873,很显瘦，满意，呵呵,2016-11-18 20:32:53,0,1
356060330,颜色分类:99A彩花2 PRINT2;尺码:170/88A/L,航***3,291873109168,样子不错，衣服跟裙子也太不成比例了，裙子明明刚好，衣服却又短又瘦。物流非常快。,2016-11-15 21:42:44,3,0
356060330,颜色分类:99M彩花 Print;尺码:175/92A/XL,我***臭,291539820383,发顺丰心情太美丽了 裙摆很大  以为是连衣裙呢结果是两件套 目测毛衣有点短,2016-11-14 11:54:06,4,0
356060330,颜色分类:99A彩花2 PRINT2;尺码:170/88A/L,o***n,293536106073,不错，上衣略短了些,2016-11-26 18:19:39,4,0
356060330,颜色分类:99M彩花 Print;尺码:155/76A/XS,c***6,293479635889,挺喜欢的，也很满意,2016-11-26 11:56:25,3,0
356060330,颜色分类:99A彩花2 PRINT2;尺码:165/84A/M,f***i,291923659501,一点都不好，蓬裙不好看，现在退款还麻烦,2016-11-16 10:39:07,4,0
356060330,颜色分类:99A彩花2 PRINT2;尺码:165/84A/M,阿***当,295221628773,一天就拿到了，很快,2016-12-13 22:43:02,0,0
356060330,颜色分类:99A彩花2 PRINT2;尺码:160/80A/S,游***余,292115277486,挺好的就是感觉上衣也太短了，感觉和图片看着不一样,2016-11-16 13:11:33,4,0
356060330,颜色分类:99A彩花2 PRINT2;尺码:160/80A/S,a***j,292950914827,不错的商家。很满意。还会继续关注。,2016-11-24 17:19:35,3,0
356060330,颜色分类:99A彩花2 PRINT2;尺码:155/76A/XS,l***g,292674493003,同事代签的还没看到衣服，不过相信这个牌子,2016-11-19 17:58:47,0,0
356060330,颜色分类:99M彩花 Print;尺码:170/88A/L,享***界,291560544893,衣服穿上很好看，特别喜欢，而且这次快递速度超赞！,2016-11-12 17:47:38,2,0
356060330,颜色分类:99M彩花 Print;尺码:165/84A/M,t***2,291614985194,物流超级快，双十一买第二天就到了。衣衣也很美，希望自己能再瘦一点啊！,2016-11-14 19:48:50,2,0
356060330,颜色分类:99M彩花 Print;尺码:165/84A/M,m***2,291398980754,双十一买的，今天早上就到了。好看，赞一个。,2016-11-12 11:04:59,3,0
356060330,颜色分类:99M彩花 Print;尺码:155/76A/XS,z***q,292675376372,衣服非常漂亮，很合身。,2016-11-19 17:51:21,4,0
356060330,颜色分类:99A彩花2 PRINT2;尺码:170/88A/L,t***2,292516978757,还可以裙子比照片上更蓬，,2016-11-20 19:05:30,3,0
356060330,颜色分类:99M彩花 Print;尺码:155/76A/XS,呦***贝,291605519489,衣服还可以，就是说好送的包包连毛都没看见。,2016-11-14 23:06:07,3,0
356060330,颜色分类:99M彩花 Print;尺码:170/88A/L,z***l,293244485130,好，很显瘦,2016-11-25 18:48:03,2,0
356060330,颜色分类:99A彩花2 PRINT2;尺码:160/80A/S,芥***片,292800748178,这个还好,2016-11-22 15:58:44,3,0
356060330,颜色分类:99A彩花2 PRINT2;尺码:155/76A/XS,x***1,294276428274,非常好看，是正品,2016-12-04 13:33:08,0,0
356060330,颜色分类:99M彩花 Print;尺码:165/84A/M,挚***武,294115033205,hhhhh积极急急急,2016-12-03 13:39:20,0,0
356060330,颜色分类:99M彩花 Print;尺码:170/88A/L,鸢***5,291844692207,显瘦、洋气，上身效果没得说,2016-11-15 09:51:06,4,0
356060330,颜色分类:99A彩花2 PRINT2;尺码:155/76A/XS,杨***3,291393573125,货不对，衣服图片上是圆领,2016-11-12 14:19:04,2,0
356060330,颜色分类:99M彩花 Print;尺码:160/80A/S,李***1,292872896670,挺好的，该减肥了,2016-11-21 14:16:53,2,0
356060330,颜色分类:99A彩花2 PRINT2;尺码:165/84A/M,g***8,291909585234,上衣的质地一般 裙子不错,2016-11-15 18:38:24,3,0
356060330,颜色分类:99M彩花 Print;尺码:165/84A/M,y***5,291689395195,上衣面料有点硬，裙子是蓬蓬裙很漂亮,2016-11-15 20:52:10,3,0
356060330,颜色分类:99M彩花 Print;尺码:170/88A/L,y***羊,291811659038,双十一买便宜好多。而且发货是从我们这边专柜发货。一级棒,2016-11-15 09:04:42,2,0
356060330,颜色分类:99A彩花2 PRINT2;尺码:165/84A/M,海***兰,292425924678,适合瘦的人穿，质量很好，款型也不错,2016-11-19 07:56:57,4,0
356060330,颜色分类:99A彩花2 PRINT2;尺码:165/84A/M,周***o,294817635572,还可以吧,2016-12-06 09:12:23,0,0
356060330,颜色分类:99M彩花 Print;尺码:160/80A/S,乐***宝,292515616408,好好好，双11没白等，超级合适。,2016-11-18 22:32:40,4,0
356060330,颜色分类:99A彩花2 PRINT2;尺码:160/80A/S,薛***5,291457935889,满意！尤其是裙子很漂亮。很有型！还可以搭配其他衣服穿,2016-11-14 11:48:17,3,0
356060330,颜色分类:99A彩花2 PRINT2;尺码:160/80A/S,x***8,292217396370,上衣针织有点硬，其他的也没啥,2016-11-17 17:42:30,3,0
356060330,颜色分类:99M彩花 Print;尺码:165/84A/M,t***2,291873603032,特别喜欢，质量没毛病，很好,2016-11-16 23:02:29,2,0
356060330,颜色分类:99A彩花2 PRINT2;尺码:175/92A/XL,m***6,291839936319,還沒有試穿，感覺合適。。,2016-11-14 10:14:17,4,0
356060330,颜色分类:99M彩花 Print;尺码:170/88A/L,z***9,292352827333,很修身，花色很喜欢，还不错,2016-11-18 20:42:23,4,0
356060330,颜色分类:99A彩花2 PRINT2;尺码:170/88A/L,秘***兵,292161585603,衣服不错，很显身材。,2016-11-17 20:49:52,3,0
356060330,颜色分类:99M彩花 Print;尺码:165/84A/M,w***p,291354274849,漂亮，裙子蓬蓬的，很满意，实体店发货，正品,2016-11-13 15:42:26,3,0
356060330,颜色分类:99A彩花2 PRINT2;尺码:165/84A/M,龙***1,291491846173,质量特别好、就是买小了,2016-11-14 10:19:50,2,0
356060330,颜色分类:99M彩花 Print;尺码:170/88A/L,哥***1,291571380062,漂亮的衣服！很喜欢！特别喜欢！,2016-11-12 19:24:44,3,0
356060330,颜色分类:99M彩花 Print;尺码:165/84A/M,s***1,292630106774,质量挺好,2016-11-20 14:24:23,0,0
356060330,颜色分类:99M彩花 Print;尺码:160/80A/S,z***q,292364844045,很不错，女朋友很喜欢，不过明年才能穿。,2016-11-19 18:03:47,4,0
356060330,颜色分类:99A彩花2 PRINT2;尺码:160/80A/S,h***淋,291831310851,同城发的货，超级快，东西也不错?,2016-11-15 21:32:27,3,0
356060330,颜色分类:99M彩花 Print;尺码:165/84A/M,l***7,291871496788,质量很好穿着也很好看，真的真的真的,2016-11-16 12:57:44,3,0
356060330,颜色分类:99M彩花 Print;尺码:160/80A/S,z***2,291252248622,早上拍的晚上收到，这速度双十一也是醉了！好看漂亮，和图片无异,2016-11-12 07:56:17,3,0
356060330,颜色分类:99M彩花 Print;尺码:165/84A/M,t***生,291792826835,挺好看，女朋友很喜欢,2016-11-14 22:33:36,2,0
356060330,颜色分类:99M彩花 Print;尺码:165/84A/M,3***杰,293304295609,衣服挺好看的，就是裙子太长了。,2016-11-25 17:50:52,4,0
356060330,颜色分类:99A彩花2 PRINT2;尺码:175/92A/XL,何***m,292103654745,这件穿出去大家都说我瘦了好几斤。,2016-11-15 22:17:40,3,0
356060330,颜色分类:99A彩花2 PRINT2;尺码:155/76A/XS,l***5,291812436735,我155很合身，裙子也很漂亮&hellip;&hellip;,2016-11-15 12:13:56,3,0
356060330,颜色分类:99A彩花2 PRINT2;尺码:175/92A/XL,强***萍,291640203703,质量不错，应该是正品,2016-11-14 13:20:46,2,0
356060330,颜色分类:99M彩花 Print;尺码:165/84A/M,j***5,292313085472,挺好看的，喜欢，大爱，看了好久才决定买的,2016-11-17 17:34:21,4,0
356060330,颜色分类:99M彩花 Print;尺码:165/84A/M,王***t,292949620707,不知道在他家买了多少衣服了,2016-11-23 00:29:49,4,0
356060330,颜色分类:99A彩花2 PRINT2;尺码:155/76A/XS,安***奇,291881374453,很好，露背很性感,2016-11-16 07:39:12,4,0
356060330,颜色分类:99M彩花 Print;尺码:165/84A/M,t***a,292513531148,双十一抢到的，上衣太短,2016-11-19 21:48:46,4,0
356060330,颜色分类:99A彩花2 PRINT2;尺码:165/84A/M,蝶***1,293561662597,物流快。YY版型好。,2016-11-27 22:58:04,4,0
356060330,颜色分类:99M彩花 Print;尺码:160/80A/S,海***旎,291977753470,分体的，还不错，督促减肥,2016-11-17 17:27:38,4,0
356060330,颜色分类:99M彩花 Print;尺码:160/80A/S,聂***子,291576567046,双十一收到的你一个快递，两个宝贝都很好,2016-11-12 16:29:08,3,0
356060330,颜色分类:99M彩花 Print;尺码:155/76A/XS,y***8,292106131291,版型漂亮，不错不错,2016-11-15 22:10:34,4,0
356060330,颜色分类:99M彩花 Print;尺码:160/80A/S,罗***9,291348681063,漂亮！显腰身！,2016-11-13 09:21:14,3,0
356060330,颜色分类:99M彩花 Print;尺码:160/80A/S,齐***a,292426745308,衣服有点小 但是喜欢 所以留下来,2016-11-20 12:32:25,4,0
356060330,颜色分类:99M彩花 Print;尺码:160/80A/S,j***w,291916909005,是上下装，不是连衣裙,2016-11-14 18:58:07,4,0
356060330,颜色分类:99M彩花 Print;尺码:170/88A/L,j***6,291539168467,物流好快，衣服超级显瘦，总体满意,2016-11-12 11:35:00,0,0
356060330,颜色分类:99M彩花 Print;尺码:155/76A/XS,e***7,292063547468,挺漂亮 双十一物流速度超快 给顺丰点个赞,2016-11-17 12:34:31,2,0
356060330,颜色分类:99A彩花2 PRINT2;尺码:155/76A/XS,1***a,291649897581,质量不错，我穿长了点，还是将就穿了,2016-11-15 16:45:47,0,0
356060330,颜色分类:99M彩花 Print;尺码:155/76A/XS,简***3,292566323180,很喜欢，特别满意,2016-11-21 17:46:04,2,0
356060330,颜色分类:99A彩花2 PRINT2;尺码:160/80A/S,8***6,292648059138,衣服很好看 就是蓬蓬裙太大太夸张,2016-11-20 20:51:47,3,0
356060330,颜色分类:99A彩花2 PRINT2;尺码:165/84A/M,任***子,291798036490,上衣挺好看，裙子很厚，就是太蓬了,2016-11-14 23:18:20,4,0
356060330,颜色分类:99A彩花2 PRINT2;尺码:175/92A/XL,刘***7,291426978692,超级喜欢，棒棒的，衣服在长点就好了。,2016-11-13 19:07:24,3,0
356060330,颜色分类:99M彩花 Print;尺码:165/84A/M,t***2,291873603032,特别喜欢，质量没毛病，很好,2016-11-16 23:02:29,2,0
356060330,颜色分类:99A彩花2 PRINT2;尺码:175/92A/XL,m***6,291839936319,還沒有試穿，感覺合適。。,2016-11-14 10:14:17,4,0
356060330,颜色分类:99M彩花 Print;尺码:170/88A/L,z***9,292352827333,很修身，花色很喜欢，还不错,2016-11-18 20:42:23,4,0
356060330,颜色分类:99A彩花2 PRINT2;尺码:170/88A/L,秘***兵,292161585603,衣服不错，很显身材。,2016-11-17 20:49:52,3,0
356060330,颜色分类:99A彩花2 PRINT2;尺码:165/84A/M,东***1,293655949040,特别漂亮，喜欢,2016-11-27 10:04:11,3,0
356060330,颜色分类:99M彩花 Print;尺码:175/92A/XL,信***儿,294679089970,很显身材，喜欢,2016-12-06 21:36:23,0,0
356060330,颜色分类:99M彩花 Print;尺码:165/84A/M,w***p,291354274849,漂亮，裙子蓬蓬的，很满意，实体店发货，正品,2016-11-13 15:42:26,3,0
356060330,颜色分类:99A彩花2 PRINT2;尺码:165/84A/M,龙***1,291491846173,质量特别好、就是买小了,2016-11-14 10:19:50,2,0
356060330,颜色分类:99M彩花 Print;尺码:170/88A/L,哥***1,291571380062,漂亮的衣服！很喜欢！特别喜欢！,2016-11-12 19:24:44,3,0
356060330,颜色分类:99M彩花 Print;尺码:165/84A/M,s***1,292630106774,质量挺好,2016-11-20 14:24:23,0,0
356060330,颜色分类:99M彩花 Print;尺码:160/80A/S,z***q,292364844045,很不错，女朋友很喜欢，不过明年才能穿。,2016-11-19 18:03:47,4,0
356060330,颜色分类:99A彩花2 PRINT2;尺码:160/80A/S,h***淋,291831310851,同城发的货，超级快，东西也不错?,2016-11-15 21:32:27,3,0
356060330,颜色分类:99M彩花 Print;尺码:160/80A/S,兰***8,293251344886,很漂亮，很喜欢,2016-11-24 17:19:20,2,0
356060330,颜色分类:99M彩花 Print;尺码:170/88A/L,舞***羽,295858369233,很好看，满意,2016-12-16 13:01:32,3,0
356060330,颜色分类:99M彩花 Print;尺码:165/84A/M,l***7,291871496788,质量很好穿着也很好看，真的真的真的,2016-11-16 12:57:44,3,0
356060330,颜色分类:99M彩花 Print;尺码:160/80A/S,z***2,291252248622,早上拍的晚上收到，这速度双十一也是醉了！好看漂亮，和图片无异,2016-11-12 07:56:17,3,0
356060330,颜色分类:99M彩花 Print;尺码:165/84A/M,t***生,291792826835,挺好看，女朋友很喜欢,2016-11-14 22:33:36,2,0
356060330,颜色分类:99A彩花2 PRINT2;尺码:175/92A/XL,何***m,292103654745,这件穿出去大家都说我瘦了好几斤。,2016-11-15 22:17:40,3,0
356060330,颜色分类:99A彩花2 PRINT2;尺码:155/76A/XS,l***5,291812436735,我155很合身，裙子也很漂亮&hellip;&hellip;,2016-11-15 12:13:56,3,0
356060330,颜色分类:99A彩花2 PRINT2;尺码:175/92A/XL,强***萍,291640203703,质量不错，应该是正品,2016-11-14 13:20:46,2,0
356060330,颜色分类:99M彩花 Print;尺码:165/84A/M,j***5,292313085472,挺好看的，喜欢，大爱，看了好久才决定买的,2016-11-17 17:34:21,4,0
356060330,颜色分类:99A彩花2 PRINT2;尺码:160/80A/S,5***鱼,291793867005,正品，修身效果非常好！,2016-11-15 00:04:42,3,0
356060330,颜色分类:99A彩花2 PRINT2;尺码:155/76A/XS,安***奇,291881374453,很好，露背很性感,2016-11-16 07:39:12,4,0
356060330,颜色分类:99M彩花 Print;尺码:165/84A/M,l***3,291678545103,好看合适！太换算啦！物流快,2016-11-14 09:59:09,2,0
356060330,颜色分类:99M彩花 Print;尺码:160/80A/S,c***y,292774260016,样子没的说，感觉有点小！,2016-11-20 23:03:20,4,0
356060330,颜色分类:99A彩花2 PRINT2;尺码:170/88A/L,龍***帽,292257925548,衣服比较短，裙子太泡了！哈哈,2016-11-18 20:46:37,3,0
356060330,颜色分类:99M彩花 Print;尺码:160/80A/S,嘟***咪,292468050297,双十一抢得，超划算,2016-11-20 14:02:10,0,0
356060330,颜色分类:99M彩花 Print;尺码:160/80A/S,1***n,291884443532,衣服挺漂亮的，裙子很蓬松,2016-11-15 23:04:57,2,0
356060330,颜色分类:99M彩花 Print;尺码:170/88A/L,曦***南,291459544432,比想象中更大更蓬，但配好了也挺好看的,2016-11-13 12:44:06,0,0
356060330,颜色分类:99M彩花 Print;尺码:160/80A/S,l***5,291422469005,有瑕疵，联系商家也没人理，不高兴烦了,2016-11-13 00:08:16,2,0
356060330,颜色分类:99M彩花 Print;尺码:165/84A/M,西***本,292717005636,很好看 就是上衣硬了点,2016-11-20 16:13:36,3,0
356060330,颜色分类:99M彩花 Print;尺码:165/84A/M,孙***8,293662134483,不错。物有所值,2016-11-27 10:17:20,0,0
356060330,颜色分类:99A彩花2 PRINT2;尺码:170/88A/L,t***9,292066308393,很淑女喜欢,2016-11-16 18:21:45,3,0
356060330,颜色分类:99A彩花2 PRINT2;尺码:155/76A/XS,自***7,291967666858,裙子有些太蓬 衣服太短,2016-11-17 16:12:30,3,0
356060330,颜色分类:99A彩花2 PRINT2;尺码:175/92A/XL,l***1,291928380195,东西不错非常满意，很好。非常好,2016-11-16 17:20:40,2,0
356060330,颜色分类:99M彩花 Print;尺码:165/84A/M,w***6,292250999383,透明度：衣服很好，质量不错。,2016-11-17 16:14:22,2,0
356060330,颜色分类:99A彩花2 PRINT2;尺码:165/84A/M,g***g,292269332972,物流特别快，一天就到了，就是上衣有点短,2016-11-18 11:52:42,0,0
356060330,颜色分类:99A彩花2 PRINT2;尺码:155/76A/XS,s***楠,291924317134,喜欢,2016-11-14 19:12:59,4,1
356060330,颜色分类:99M彩花 Print;尺码:155/76A/XS,心***冷,291457753403,物流超快 穿上后很漂亮 真的很值,2016-11-14 11:46:40,2,0
356060330,颜色分类:99M彩花 Print;尺码:160/80A/S,h***1,289362718734,收到了，穿起来很显瘦，上档次，满意,2016-10-25 21:46:05,0,0
356060330,颜色分类:99M彩花 Print;尺码:170/88A/L,e***儿,291772812942,质量没话说，不错，就是不适合个子矮的,2016-11-13 17:05:49,2,0
356060330,颜色分类:99M彩花 Print;尺码:160/80A/S,l***e,291984143099,很好看 码数不合适 也给换了 客服态度很好,2016-11-17 10:18:48,2,0
356060330,颜色分类:99A彩花2 PRINT2;尺码:165/84A/M,甜***琦,295153178434,不错，给好评,2016-12-10 16:17:29,1,0
356060330,颜色分类:99M彩花 Print;尺码:160/80A/S,s***6,293942177778,质量很好,2016-11-30 17:46:58,2,0
356060330,颜色分类:99M彩花 Print;尺码:165/84A/M,飞***铺,291691111578,实体店试过才来买，棒棒哒。,2016-11-14 11:21:57,3,0
356060330,颜色分类:99A彩花2 PRINT2;尺码:165/84A/M,小***q,292348211989,一般，不值,2016-11-17 23:13:16,4,0
356060330,颜色分类:99M彩花 Print;尺码:165/84A/M,只***获,291780395046,衣服很满意5星,2016-11-14 22:02:44,0,0
356060330,颜色分类:99A彩花2 PRINT2;尺码:175/92A/XL,平***5,292449155222,感觉上衣有些些短，,2016-11-18 09:05:22,0,0
356060330,颜色分类:99M彩花 Print;尺码:165/84A/M,d***7,292270499444,买家很好的，衣服是正品，很漂亮,2016-11-17 00:25:17,0,0
356060330,颜色分类:99M彩花 Print;尺码:160/80A/S,颖***世,291428233019,最棒的一次网购,2016-11-13 19:15:59,0,0
356060330,颜色分类:99M彩花 Print;尺码:160/80A/S,第***茄,291574489394,物流超赞，衣服也很漂亮哦！棒棒哒,2016-11-14 19:10:42,0,0
356060330,颜色分类:99M彩花 Print;尺码:165/84A/M,一***3,291670844119,衣服很好很漂亮,2016-11-14 22:59:45,3,0
356060330,颜色分类:99M彩花 Print;尺码:170/88A/L,美***攻,291854555354,尺码偏大,2016-11-15 17:36:07,0,0
356060330,颜色分类:99A彩花2 PRINT2;尺码:155/76A/XS,余***子,291474853153,超爱这套裙子。,2016-11-13 09:15:05,2,0
356060330,颜色分类:99A彩花2 PRINT2;尺码:165/84A/M,可***宝,291748549816,显得腰细!,2016-11-15 21:43:50,4,0
356060330,颜色分类:99A彩花2 PRINT2;尺码:165/84A/M,雨***1,292552788542,裙子比想象的蓬,2016-11-20 00:26:11,3,0
356060330,颜色分类:99A彩花2 PRINT2;尺码:165/84A/M,j***g,292474722408,衣服很好。很赞！,2016-11-20 14:37:07,3,0
356060330,颜色分类:99M彩花 Print;尺码:165/84A/M,y***1,291820742975,稍稍有点小，但是不想换了&hellip;&hellip;,2016-11-14 13:21:52,0,0
356060330,颜色分类:99M彩花 Print;尺码:165/84A/M,n***6,291425827041,宝贝超级赞，物流搜搜的，一百个赞,2016-11-14 07:18:43,0,0
356060330,颜色分类:99A彩花2 PRINT2;尺码:170/88A/L,h***0,292264832954,速度超快 裙子长了 拿去改改,2016-11-17 17:40:54,3,0
356060330,颜色分类:99M彩花 Print;尺码:165/84A/M,陈***1,291499807457,推荐的码有点小不给换,2016-11-14 11:38:41,2,0
356060330,颜色分类:99A彩花2 PRINT2;尺码:165/84A/M,听***子,291910305740,上衣好短,2016-11-16 00:03:22,4,0
356060330,颜色分类:99A彩花2 PRINT2;尺码:175/92A/XL,t***6,292498705360,衣服很好,2016-11-19 17:17:26,4,0
356060330,颜色分类:99M彩花 Print;尺码:160/80A/S,s***3,291663427029,上衣偏薄,2016-11-15 17:30:51,4,0
356060330,颜色分类:99M彩花 Print;尺码:170/88A/L,l***2,292252184993,在专柜试过，双11买超划算！赞,2016-11-18 18:23:32,3,0
356060330,颜色分类:99M彩花 Print;尺码:155/76A/XS,美***n,295393958193,发货很快，不错,2016-12-14 11:08:38,2,0
356060330,颜色分类:99M彩花 Print;尺码:155/76A/XS,袁***3,291740579298,买小了，但确实很好看啊！,2016-11-13 14:05:37,3,0
356060330,颜色分类:99M彩花 Print;尺码:165/84A/M,伍***5,292565161913,和实体店一样，很喜欢,2016-11-18 21:54:12,0,0
356060330,颜色分类:99A彩花2 PRINT2;尺码:160/80A/S,v***8,292022426803,很好，设计好，版型好,2016-11-16 14:05:19,4,0
356060330,颜色分类:99M彩花 Print;尺码:170/88A/L,l***5,291366489176,炒鸡炒鸡炒鸡显瘦。大爱！！！,2016-11-12 23:37:31,3,0
356060330,颜色分类:99M彩花 Print;尺码:160/80A/S,咴***罪,291844479054,送给我妈的 她很喜欢,2016-11-16 12:18:32,2,0
356060330,颜色分类:99M彩花 Print;尺码:160/80A/S,创***颖,291378098583,有一点点小，不过还好,2016-11-12 20:40:23,2,0
356060330,颜色分类:99A彩花2 PRINT2;尺码:165/84A/M,刘***荔,291718396521,大品牌信誉杠杠滴,2016-11-15 18:19:05,3,0
356060330,颜色分类:99A彩花2 PRINT2;尺码:175/92A/XL,c***5,291950320909,强烈推荐，真的好看！,2016-11-15 17:30:27,2,0
356060330,颜色分类:99M彩花 Print;尺码:170/88A/L,l***3,291250489009,物流速度很快，衣服很好,2016-11-12 12:07:05,3,0
356060330,颜色分类:99M彩花 Print;尺码:175/92A/XL,奥***球,291494339014,超级棒噢，太帅了,2016-11-14 15:37:14,3,0
356060330,颜色分类:99A彩花2 PRINT2;尺码:165/84A/M,上***5,292202610803,有范，味道十足,2016-11-19 07:55:40,3,0
356060330,颜色分类:99M彩花 Print;尺码:165/84A/M,p***b,291891819654,很漂亮！ 优质服务！,2016-11-16 11:28:28,1,0
356060330,颜色分类:99M彩花 Print;尺码:170/88A/L,刘***0,291412879245,超级好～大爱～,2016-11-13 13:42:13,3,0
356060330,颜色分类:99A彩花2 PRINT2;尺码:160/80A/S,z***5,291548201466,显瘦效果好,2016-11-14 21:28:38,3,0
356060330,颜色分类:99A彩花2 PRINT2;尺码:155/76A/XS,淘***1,293668270761,非常满意,2016-11-28 21:05:07,3,0
356060330,颜色分类:99A彩花2 PRINT2;尺码:165/84A/M,大***3,291512478223,超级显身材,2016-11-12 23:47:02,3,0
356060330,颜色分类:99M彩花 Print;尺码:170/88A/L,x***1,291632982075,一如既往的好,2016-11-15 13:57:39,3,0
356060330,颜色分类:99M彩花 Print;尺码:165/84A/M,t***9,291711156613,感觉还不错,2016-11-14 14:31:31,3,0
356060330,颜色分类:99A彩花2 PRINT2;尺码:155/76A/XS,x***g,291982373403,很漂亮，物流炒鸡给力，,2016-11-17 10:08:27,3,0
356060330,颜色分类:99A彩花2 PRINT2;尺码:160/80A/S,荣***5,291348716062,美美哒！顺丰隔天就到。,2016-11-12 21:43:20,2,0
356060330,颜色分类:99A彩花2 PRINT2;尺码:165/84A/M,b***9,291699623203,不太好看,2016-11-13 19:42:10,3,0
356060330,颜色分类:99A彩花2 PRINT2;尺码:165/84A/M,嘉***9,291844181873,比较显瘦,2016-11-16 15:17:15,4,0
356060330,颜色分类:99M彩花 Print;尺码:160/80A/S,1***x,291358561848,顺丰简直太给力！,2016-11-12 14:28:37,3,0
356060330,颜色分类:99M彩花 Print;尺码:165/84A/M,陌***3,291629236783,V领挺好看的，好评,2016-11-14 08:22:07,4,0
356060330,颜色分类:99M彩花 Print;尺码:175/92A/XL,m***丁,291249143805,刚刚买完直降300，,2016-11-11 04:18:33,0,0
356060330,颜色分类:99A彩花2 PRINT2;尺码:160/80A/S,水***t,291756575273,质量不错(^^),2016-11-15 19:13:59,1,0
356060330,颜色分类:99M彩花 Print;尺码:165/84A/M,x***1,291681172686,发货快，顺丰依然是最给力的！,2016-11-14 11:23:58,2,0
356060330,颜色分类:99A彩花2 PRINT2;尺码:165/84A/M,s***n,292365051510,很可爱，不错，物流也快！,2016-11-19 04:08:54,3,0
356060330,颜色分类:99A彩花2 PRINT2;尺码:155/76A/XS,董***海,291903450098,速度真快,2016-11-14 23:45:59,2,0
356060330,颜色分类:99A彩花2 PRINT2;尺码:170/88A/L,n***8,291399042443,做工：很好~ 真心不错哟。好评。,2016-11-13 12:00:48,3,0
356060330,颜色分类:99M彩花 Print;尺码:175/92A/XL,斌***里,292828787279,好评，一直在这儿买,2016-11-20 18:55:01,3,0
356060330,颜色分类:99M彩花 Print;尺码:165/84A/M,l***7,291704341592,性价比高，百搭,2016-11-15 11:46:27,2,0
356060330,颜色分类:99M彩花 Print;尺码:155/76A/XS,m***7,291347103262,非常满意，很漂亮,2016-11-12 21:29:21,3,0
356060330,颜色分类:99M彩花 Print;尺码:160/80A/S,闹***y,291836420657,很喜欢，是正品，物流特别的快,2016-11-15 11:45:57,2,0
356060330,颜色分类:99M彩花 Print;尺码:170/88A/L,q***5,291723427620,质量很好！很不错！很喜欢,2016-11-13 19:25:36,2,0
356060330,颜色分类:99M彩花 Print;尺码:165/84A/M,m***1,291947229234,挺好的，物流也挺快,2016-11-15 11:42:02,3,0
356060330,颜色分类:99A彩花2 PRINT2;尺码:170/88A/L,随***拉,291869837872,好评，超喜欢,2016-11-15 12:31:19,0,0
356060330,颜色分类:99M彩花 Print;尺码:155/76A/XS,向***霞,291718139358,很好看，很满意,2016-11-14 19:22:37,4,0
356060330,颜色分类:99A彩花2 PRINT2;尺码:160/80A/S,p***9,291394046326,好评，神速,2016-11-12 10:27:52,3,0
356060330,颜色分类:99M彩花 Print;尺码:170/88A/L,c***d,297234969040,好 好,2016-12-30 10:21:28,2,0
356060330,颜色分类:99A彩花2 PRINT2;尺码:175/92A/XL,d***1,298685707272,好,2017-01-11 21:54:54,4,0
356060330,颜色分类:99M彩花 Print;尺码:160/80A/S,韩***5,291526913184,买小了,2016-11-13 00:45:28,3,0
356060330,颜色分类:99M彩花 Print;尺码:165/84A/M,h***0,291849752054,不错,2016-11-15 21:13:39,2,0
356060330,颜色分类:99M彩花 Print;尺码:165/84A/M,鱼***a,292030324476,大爱,2016-11-16 14:54:58,0,0
356060330,颜色分类:99M彩花 Print;尺码:175/92A/XL,郭***1,288536532718,显瘦,2016-10-18 10:40:24,4,0
356060330,颜色分类:99A彩花2 PRINT2;尺码:165/84A/M,y***r,292728600744,喜欢,2016-11-22 08:52:40,2,0
356060330,颜色分类:99M彩花 Print;尺码:165/84A/M,5***n,294097342294,挺实惠的,2016-12-01 15:44:23,3,0
356060330,颜色分类:99A彩花2 PRINT2;尺码:170/88A/L,小***8,292264650966,很漂亮,2016-11-18 08:05:08,2,0
356060330,颜色分类:99A彩花2 PRINT2;尺码:175/92A/XL,淡***y,291566084696,挺好看的,2016-11-13 13:52:48,2,0
356060330,颜色分类:99A彩花2 PRINT2;尺码:155/76A/XS,h***i,294864854416,正好 无 无,2016-12-06 15:58:42,3,0
356060330,颜色分类:99M彩花 Print;尺码:160/80A/S,郝***1,298128518699,很喜欢,2017-01-04 11:41:41,3,0
356060330,颜色分类:99M彩花 Print;尺码:160/80A/S,卡***狗,296396546924,满意,2016-12-22 09:57:24,3,0
356060330,颜色分类:99M彩花 Print;尺码:165/84A/M,你***的,294219776916,还不错,2016-12-02 08:15:50,4,0
356060330,颜色分类:99A彩花2 PRINT2;尺码:165/84A/M,w***0,292350279188,很时尚,2016-11-17 23:33:09,0,0
356060330,颜色分类:99M彩花 Print;尺码:160/80A/S,t***5,299456177989,<b></b>此<b></b>用<b></b>户<b></b>没<b></b>有<b></b>填<b></b>写<b></b>评<b></b>论<b></b>!<b></b>,2017-01-15 15:46:55,0,0
356060330,颜色分类:99A彩花2 PRINT2;尺码:170/88A/L,a***l,293249145301,很显瘦,2016-11-26 17:39:49,4,0
356060330,颜色分类:99M彩花 Print;尺码:165/84A/M,l***q,296727835938,很好,2016-12-25 10:59:27,4,0
356060330,颜色分类:99A彩花2 PRINT2;尺码:165/84A/M,c***5,293128278435,不错,2016-11-22 21:26:23,3,0
356060330,颜色分类:99M彩花 Print;尺码:160/80A/S,强***0,297177326186,一般,2016-12-28 11:18:18,3,0
356060330,颜色分类:99A彩花2 PRINT2;尺码:165/84A/M,沐***歌,293277206726,很棒,2016-11-24 08:41:44,4,0
356060330,颜色分类:99A彩花2 PRINT2;尺码:170/88A/L,俞***歪,291615732545,不错的,2016-11-13 20:53:56,3,0
356060330,颜色分类:99M彩花 Print;尺码:160/80A/S,w***q,293390483262,漂亮,2016-11-25 07:14:30,0,0
356060330,颜色分类:99M彩花 Print;尺码:160/80A/S,易***0,292424205473,好,2016-11-18 12:58:47,0,0
356060330,颜色分类:99A彩花2 PRINT2;尺码:160/80A/S,b***g,292441246249,好看,2016-11-19 10:11:15,4,0
356060330,颜色分类:99M彩花 Print;尺码:155/76A/XS,紫***l,293192898006,很修身,2016-11-25 17:11:38,0,0
356060330,颜色分类:99M彩花 Print;尺码:165/84A/M,安***梅,291545082781,很漂亮,2016-11-13 09:44:37,3,0
356060330,颜色分类:99A彩花2 PRINT2;尺码:170/88A/L,石***同,298430103391,挺好看的,2017-01-08 14:04:49,3,0
356060330,颜色分类:99A彩花2 PRINT2;尺码:160/80A/S,l***y,292032119890,合适,2016-11-16 16:01:55,3,0
356060330,颜色分类:99M彩花 Print;尺码:160/80A/S,漂***5,291347570914,好评,2016-11-13 08:39:48,0,0
356060330,颜色分类:99A彩花2 PRINT2;尺码:175/92A/XL,王***0,298431517801,好看,2017-01-08 19:15:01,4,0
356060330,颜色分类:99M彩花 Print;尺码:170/88A/L,宝***费,292518797172,很好很蓬,2016-11-18 16:47:43,0,0
356060330,颜色分类:99A彩花2 PRINT2;尺码:160/80A/S,陆***6,292775133555,蛮好看的,2016-11-20 21:32:27,3,0
356060330,颜色分类:99M彩花 Print;尺码:175/92A/XL,艾***暄,298739925352,很好看,2017-01-12 08:52:14,0,0
356060330,颜色分类:99M彩花 Print;尺码:160/80A/S,s***1,293208194566,唉～,2016-11-25 22:22:46,2,0
356060330,颜色分类:99M彩花 Print;尺码:160/80A/S,s***o,292047433449,太美啦！,2016-11-18 08:04:13,2,0
356060330,颜色分类:99M彩花 Print;尺码:165/84A/M,v***k,295727348869,挺好的,2016-12-16 06:46:22,3,0
356060330,颜色分类:99M彩花 Print;尺码:170/88A/L,s***r,292956791239,很好看,2016-11-22 11:06:33,2,0
356060330,颜色分类:99M彩花 Print;尺码:160/80A/S,草***杉,298593598961,还可以,2017-01-10 23:33:22,2,0
356060330,颜色分类:99A彩花2 PRINT2;尺码:165/84A/M,你***的,294270461270,还不错,2016-12-02 08:15:30,4,0
356060330,颜色分类:99M彩花 Print;尺码:170/88A/L,唯***鱼,296954676898,特别好,2016-12-26 22:34:30,0,0
356060330,颜色分类:99M彩花 Print;尺码:160/80A/S,w***i,292227685251,好评,2016-11-18 13:39:44,3,0
356060330,颜色分类:99A彩花2 PRINT2;尺码:160/80A/S,g***5,293020707695,好看,2016-11-22 14:53:10,0,0
356060330,颜色分类:99A彩花2 PRINT2;尺码:175/92A/XL,t***4,295974227136,好看,2016-12-19 00:15:28,2,0
356060330,颜色分类:99A彩花2 PRINT2;尺码:155/76A/XS,c***2,291253430084,好看,2016-11-12 18:34:13,2,0
356060330,颜色分类:99M彩花 Print;尺码:155/76A/XS,黑***孔,292313829070,好看！,2016-11-18 22:38:25,3,0
356060330,颜色分类:99M彩花 Print;尺码:170/88A/L,s***云,296932995884,好,2016-12-25 03:19:08,4,0
356060330,颜色分类:99A彩花2 PRINT2;尺码:165/84A/M,p***e,298570389078,不错,2017-01-11 07:20:40,4,0
356060330,颜色分类:99A彩花2 PRINT2;尺码:165/84A/M,爱***军,296627321176,好好好哈,2016-12-24 10:24:39,3,0
356060330,颜色分类:99A彩花2 PRINT2;尺码:165/84A/M,时***4,295946479567,漂亮，,2016-12-18 08:15:41,0,0
356060330,颜色分类:99A彩花2 PRINT2;尺码:170/88A/L,曹***宇,291972570160,一般了,2016-11-15 13:30:23,0,0
356060330,颜色分类:99M彩花 Print;尺码:160/80A/S,李***7,298550026997,还好吧,2017-01-10 09:31:04,0,0
356060330,颜色分类:99A彩花2 PRINT2;尺码:170/88A/L,h***5,292306869596,不错哦,2016-11-19 09:59:06,3,0
356060330,颜色分类:99A彩花2 PRINT2;尺码:155/76A/XS,粉***格,292969425298,漂亮,2016-11-22 21:26:08,4,0
356060330,颜色分类:99M彩花 Print;尺码:160/80A/S,韵***姬,296256370743,好,2016-12-20 16:37:11,4,0
356060330,颜色分类:99A彩花2 PRINT2;尺码:165/84A/M,c***3,296513343841,好评,2016-12-23 20:35:48,3,0
356060330,颜色分类:99M彩花 Print;尺码:160/80A/S,长***萧,292956900189,挺好的，,2016-11-22 13:31:24,3,0
356060330,颜色分类:99A彩花2 PRINT2;尺码:175/92A/XL,t***5,293360956556,好评,2016-11-27 15:00:59,4,0
356060330,颜色分类:99A彩花2 PRINT2;尺码:160/80A/S,y***0,294798625996,好看,2016-12-08 08:54:24,2,0
356060330,颜色分类:99M彩花 Print;尺码:160/80A/S,怪***白,296609312259,好评,2016-12-21 10:54:18,4,0
356060330,颜色分类:99M彩花 Print;尺码:170/88A/L,孙***酷,293386347888,太肥了,2016-11-27 14:42:38,4,0
356060330,颜色分类:99A彩花2 PRINT2;尺码:155/76A/XS,一***i,291560280178,好漂亮,2016-11-13 17:43:56,0,0
356060330,颜色分类:99A彩花2 PRINT2;尺码:170/88A/L,s***云,291890929398,好,2016-11-15 18:20:27,4,0
356060330,颜色分类:99A彩花2 PRINT2;尺码:165/84A/M,飞***5,291840825391,太美了！,2016-11-16 14:42:56,2,0
356060330,颜色分类:99M彩花 Print;尺码:170/88A/L,m***5,296546368166,好看,2016-12-20 15:34:19,2,0
356060330,颜色分类:99M彩花 Print;尺码:165/84A/M,琴***思,296423951432,不错,2016-12-22 15:40:11,4,0
356060330,颜色分类:99M彩花 Print;尺码:170/88A/L,舞***j,298766322067,挺好的,2017-01-12 16:00:55,3,0
356060330,颜色分类:99M彩花 Print;尺码:165/84A/M,赵***0,294336385741,是正品,2016-12-03 17:56:24,2,0
356060330,颜色分类:99M彩花 Print;尺码:165/84A/M,无***1,291268792617,正品,2016-11-12 10:28:14,2,0
356060330,颜色分类:99M彩花 Print;尺码:155/76A/XS,t***7,293815524649,好评！,2016-11-29 14:32:59,4,0
356060330,颜色分类:99M彩花 Print;尺码:165/84A/M,s***j,292992030227,还可以,2016-11-23 08:59:44,3,0
356060330,颜色分类:99M彩花 Print;尺码:165/84A/M,t***0,292289847430,好看,2016-11-18 00:19:31,2,0
356060330,颜色分类:99M彩花 Print;尺码:165/84A/M,蓝***2,291738493777,很喜欢,2016-11-14 11:13:08,4,0
356060330,颜色分类:99A彩花2 PRINT2;尺码:165/84A/M,米***猫,298732786716,很好,2017-01-12 17:29:52,0,0
356060330,颜色分类:99M彩花 Print;尺码:170/88A/L,a***8,295737114663,<b></b>此<b></b>用<b></b>户<b></b>没<b></b>有<b></b>填<b></b>写<b></b>评<b></b>论<b></b>!<b></b>,2016-12-11 11:47:13,0,0
356060330,颜色分类:99A彩花2 PRINT2;尺码:160/80A/S,风***0,292400731232,超显瘦,2016-11-19 13:57:39,2,0
356060330,颜色分类:99M彩花 Print;尺码:155/76A/XS,z***e,295631866882,不错,2016-12-14 18:31:49,4,0
356060330,颜色分类:99M彩花 Print;尺码:165/84A/M,美***2,296208919967,挺好的,2016-12-19 12:23:06,2,0
356060330,颜色分类:99M彩花 Print;尺码:170/88A/L,冷***9,289331719171,好,2016-10-24 11:06:22,4,0
356060330,颜色分类:99A彩花2 PRINT2;尺码:155/76A/XS,q***0,291592522890,好评,2016-11-13 15:37:58,2,0
356060330,颜色分类:99A彩花2 PRINT2;尺码:175/92A/XL,郭***2,291766202433,还不错，,2016-11-14 11:27:35,3,0
356060330,颜色分类:99M彩花 Print;尺码:170/88A/L,盘***7,291806586920,漂亮,2016-11-15 09:26:05,0,0
356060330,颜色分类:99M彩花 Print;尺码:165/84A/M,一***界,296866647728,很漂亮,2016-12-25 14:22:44,0,0
356060330,颜色分类:99A彩花2 PRINT2;尺码:165/84A/M,c***5,296211575282,太蓬了,2016-12-18 16:25:08,2,0
356060330,颜色分类:99M彩花 Print;尺码:155/76A/XS,守***6,293148109636,很好，美美的,2016-11-23 19:16:47,2,0
356060330,颜色分类:99M彩花 Print;尺码:165/84A/M,d***3,294883110667,很合身,2016-12-06 20:06:56,3,0
356060330,颜色分类:99A彩花2 PRINT2;尺码:160/80A/S,飘***国,294012683308,好看,2016-12-01 10:08:57,2,0
356060330,颜色分类:99A彩花2 PRINT2;尺码:170/88A/L,n***8,294933569816,好看,2016-12-09 22:05:25,4,0
356060330,颜色分类:99M彩花 Print;尺码:175/92A/XL,g***爱,294332789865,好评,2016-12-04 21:31:19,2,0
356060330,颜色分类:99M彩花 Print;尺码:170/88A/L,海***e,293252146012,还可以,2016-11-26 09:23:01,3,0
356060330,颜色分类:99M彩花 Print;尺码:170/88A/L,h***4,298104755220,漂亮,2017-01-03 22:48:09,4,0
356060330,颜色分类:99A彩花2 PRINT2;尺码:155/76A/XS,月***娇,296014251518,很好,2016-12-17 23:50:11,4,0
356060330,颜色分类:99M彩花 Print;尺码:175/92A/XL,n***3,295940576373,很漂亮,2016-12-15 21:41:45,4,0
356060330,颜色分类:99A彩花2 PRINT2;尺码:175/92A/XL,s***a,293930103870,好,2016-11-30 12:00:05,4,0
356060330,颜色分类:99M彩花 Print;尺码:170/88A/L,b***0,296475606575,喜欢,2016-12-19 22:16:46,3,0
356060330,颜色分类:99A彩花2 PRINT2;尺码:165/84A/M,w***w,299319885759,不错,2017-01-15 23:50:16,2,0
356060330,颜色分类:99A彩花2 PRINT2;尺码:165/84A/M,聪***1,295183945246,很好,2016-12-13 16:47:07,2,0
356060330,颜色分类:99M彩花 Print;尺码:155/76A/XS,w***0,293805781990,好,2016-11-30 14:27:31,3,0
356060330,颜色分类:99A彩花2 PRINT2;尺码:170/88A/L,c***9,291532955850,好,2016-11-14 11:46:31,3,0
356060330,颜色分类:99A彩花2 PRINT2;尺码:155/76A/XS,丨***丨,293032240490,非常好,2016-11-22 16:19:03,2,0
356060330,颜色分类:99M彩花 Print;尺码:165/84A/M,文***8,297401791888,好评,2017-01-01 00:13:42,0,0
356060330,颜色分类:99A彩花2 PRINT2;尺码:170/88A/L,w***玉,293661109534,还行,2016-11-29 12:26:51,2,0
356060330,颜色分类:99A彩花2 PRINT2;尺码:165/84A/M,c***8,296505996178,还好吧！,2016-12-22 18:12:16,3,0
356060330,颜色分类:99M彩花 Print;尺码:175/92A/XL,金***芦,291332917842,很漂亮！,2016-11-13 00:54:56,2,0
356060330,颜色分类:99M彩花 Print;尺码:160/80A/S,m***8,294744661595,满意,2016-12-08 11:53:15,3,0
356060330,颜色分类:99M彩花 Print;尺码:170/88A/L,油***桃,294863405304,挺好的,2016-12-06 23:47:59,0,0
356060330,颜色分类:99M彩花 Print;尺码:165/84A/M,静***6,295648503737,好,2016-12-14 23:21:35,3,0
356060330,颜色分类:99M彩花 Print;尺码:165/84A/M,y***2,291441871146,<b></b>此<b></b>用<b></b>户<b></b>没<b></b>有<b></b>填<b></b>写<b></b>评<b></b>论<b></b>!<b></b>,2016-11-13 14:50:51,3,0
356060330,颜色分类:99M彩花 Print;尺码:165/84A/M,t***0,294740414914,满意满意！,2016-12-07 14:54:31,3,0
356060330,颜色分类:99M彩花 Print;尺码:155/76A/XS,y***6,297678252709,满意,2017-01-03 14:30:41,4,0
356060330,颜色分类:99A彩花2 PRINT2;尺码:165/84A/M,t***2,298381671748,此用户没有填写评论!,2017-01-08 14:20:06,4,3
356060330,颜色分类:99M彩花 Print;尺码:165/84A/M,聚***滩,299290356558,此用户没有填写评论!,2017-01-16 10:04:07,0,1
356060330,颜色分类:99M彩花 Print;尺码:165/84A/M,t***4,295620171360,此用户没有填写评论!,2016-12-14 22:59:41,4,1
356060330,颜色分类:99A彩花2 PRINT2;尺码:165/84A/M,t***9,298729917407,此用户没有填写评论!,2017-01-10 23:19:15,4,1
356060330,颜色分类:99M彩花 Print;尺码:165/84A/M,c***2,291718657513,此用户没有填写评论!,2016-11-14 18:12:54,3,1
356060330,颜色分类:99A彩花2 PRINT2;尺码:160/80A/S,f***9,291782099563,此用户没有填写评论!,2016-11-13 19:29:06,3,1
356060330,颜色分类:99M彩花 Print;尺码:160/80A/S,s***1,295893513414,此用户没有填写评论!,2016-12-18 11:59:42,4,4
356060330,颜色分类:99A彩花2 PRINT2;尺码:170/88A/L,1***b,296725006994,此用户没有填写评论!,2016-12-24 12:45:09,3,2
