356060330,颜色分类:彩条 2;尺码:165/84A/M,跃***敏,285263991368,话说这条裙子，在刚刚上市的时候我就看上了，但是没有折扣，觉得不值得，一直没买，等着等着也就没那么爱了，真的要相信是你的就是你的，等到比五折还低的清仓断码价了，机缘巧合被我看看，居然还有我要的颜色我要的码，虽然好像是别人退货的，但是无所谓吖，没有什么瑕疵，这种针织的切记不要挂着晾晒，其他没有什么了。,2016-09-16 09:42:01,0,0
356060330,颜色分类:黑/Black;尺码:160/80A/S,思***4,286696249976,正品，正品，正品，重要的事说三遍，很美腻，衣美，人更美，嘻嘻，???,2016-09-28 20:28:37,3,0
356060330,颜色分类:黑/Black;尺码:170/88A/L,p***n,288393014959,做工：洗了一次之后感觉很松呢。,2016-10-15 16:26:21,4,0
356060330,颜色分类:彩条 2;尺码:165/84A/M,安***燃,285980478355,官网正品，优惠价超划算，非常满意,2016-09-23 22:29:09,2,0
356060330,颜色分类:黑/Black;尺码:175/92A/XL,小***o,283729382252,大小正好，尺码很合适，黑色超级显瘦，款式好看，针织面料手感不错，下水很重不掉色～～～～～～～赞～～～～～,2016-09-03 20:49:18,3,0
356060330,颜色分类:黑/Black;尺码:165/84A/M,布***9,283514907679,"质量还可以，没出现评论里那种情况。168，95斤选了m,有点肥。本来想换s，懒得换了，因为只是有点肥，也没有特别不合适，就懒得折腾了。。跟客服说换号的时候，售后客服服务态度很好，没有嫌麻烦",2016-08-30 22:15:41,2,0
356060330,颜色分类:彩条 2;尺码:170/88A/L,j***4,280093908036,这个裙子真心好，收腰不显肚子，也不厚，穿着很舒服。洗过确实有些褪色，但是也还好，我用洗衣机绞的。因为是针织的，地心引力的关系所以绝对不能直接用一个衣架晾晒，可以用几个衣架拼着一起平着晒,2016-07-22 08:05:54,4,0
356060330,颜色分类:彩条 2;尺码:155/76A/XS,绿***兰,283521207391,衣服很美，非常显瘦，很遮肉肉，但洗的时候要非常小心，不然容易变形,2016-08-29 10:14:56,3,0
356060330,颜色分类:彩条 2;尺码:165/84A/M,六***书,282976955986,<b></b>洗<b></b>过<b></b>就<b></b>变<b></b>形<b></b>成<b></b>鬼<b></b>了<b></b>&<b></b>h<b></b>e<b></b>l<b></b>l<b></b>i<b></b>p<b></b>;<b></b>&<b></b>h<b></b>e<b></b>l<b></b>l<b></b>i<b></b>p<b></b>;<b></b>建<b></b>议<b></b>慎<b></b>重<b></b>购<b></b>买<b></b>,2016-08-25 15:51:11,2,0
356060330,颜色分类:黑/Black;尺码:155/76A/XS,t***5,287403143801,还是比较符合期望的，喜欢,2016-10-07 20:05:39,2,0
356060330,颜色分类:黑/Black;尺码:170/88A/L,花***y,288346412247,好喜欢~显瘦。,2016-10-18 01:49:53,4,0
356060330,颜色分类:黑/Black;尺码:165/84A/M,好***g,283548495416,料子比较厚，估计穿段时间会变形，适合腰细的美女，会显小肚子，整体效果还是不错的,2016-09-01 12:28:58,2,0
356060330,颜色分类:黑/Black;尺码:175/92A/XL,w***2,285536252350,<b></b>此<b></b>用<b></b>户<b></b>没<b></b>有<b></b>填<b></b>写<b></b>评<b></b>论<b></b>!<b></b>,2016-08-29 18:43:28,0,0
356060330,颜色分类:黑/Black;尺码:165/84A/M,素***1,288851468842,好看！很满意,2016-10-19 10:13:49,3,0
356060330,颜色分类:黑/Black;尺码:165/84A/M,陆***7,282670396755,超级显瘦！偏厚的，不过小肚子会有点突，这正好激发了我一直收腹挺胸。,2016-08-23 12:33:27,3,0
356060330,颜色分类:黑/Black;尺码:160/80A/S,t***8,276014349225,<b></b>好<b></b>,2016-06-09 20:43:54,4,0
356060330,颜色分类:彩条 2;尺码:170/88A/L,n***i,285890086117,快递很快，很漂亮?,2016-09-24 17:56:03,3,0
356060330,颜色分类:彩条 2;尺码:165/84A/M,盛***华,282660613996,衣服穿上都说漂亮！也是他家的忠实粉丝！现在这个季节穿，刚刚好啊！,2016-08-22 11:42:28,4,0
356060330,颜色分类:深蓝 Dark Blue;尺码:165/84A/M,酷***巴,285495115865,<b></b>此<b></b>用<b></b>户<b></b>没<b></b>有<b></b>填<b></b>写<b></b>评<b></b>论<b></b>!<b></b>,2016-08-11 14:21:58,0,0
356060330,颜色分类:深蓝 Dark Blue;尺码:155/76A/XS,黄***8,285406473394,还可以，质量不错！,2016-09-20 07:32:47,2,1
356060330,颜色分类:彩条 2;尺码:160/80A/S,丿***r,281456184854,现在穿有点厚，等到秋天就刚刚好了，很喜欢，跟实体店的一样！,2016-08-08 19:52:41,2,2
356060330,颜色分类:黑/Black;尺码:170/88A/L,y***2,280605394927,很显瘦，穿上很好看，就是料子厚一些，不妨碍，特别喜欢。适合我这腰细跨大的人，特别掩盖缺点。顺丰特别快，隔天就收到了，赞一个?,2016-07-31 06:18:09,2,0
356060330,颜色分类:黑/Black;尺码:165/84A/M,w***d,281412589219,应该容易变形，不过还是很喜欢,2016-08-04 23:18:20,0,1
356060330,颜色分类:彩条 2;尺码:155/76A/XS,绿***兰,283521207391,衣服很美，非常显瘦，很遮肉肉，但洗的时候要非常小心，不然容易变形,2016-08-29 10:14:56,3,0
356060330,颜色分类:彩条 2;尺码:160/80A/S,b***e,281004763139,终于等来了S号，实体店铺无此款，大小合适，很舒服,2016-08-02 11:04:11,3,1
356060330,颜色分类:黑/Black;尺码:175/92A/XL,t***8,282607786943,衣服太厚，腰那里脱线了，,2016-08-19 19:50:08,0,2
356060330,颜色分类:彩条 2;尺码:170/88A/L,y***t,281094136499,面料有点厚，款式挺漂亮，适合初秋吧，挺喜欢的，适合上身纤瘦的妹子，很显身材,2016-08-04 07:35:42,3,0
356060330,颜色分类:黑色/米色;尺码:165/84A/M,真***姑,281126388979,170，112客服建议L，自己果断的选择了M，刚刚好，非常合适！但是如果稍微胖一点就不好看了，所以要保持啊？质量也不错，垂坠感很强！值得购买！,2016-08-03 20:51:21,3,0
356060330,颜色分类:黑/Black;尺码:165/84A/M,好***g,283548495416,料子比较厚，估计穿段时间会变形，适合腰细的美女，会显小肚子，整体效果还是不错的,2016-09-01 12:28:58,2,0
356060330,颜色分类:彩条 2;尺码:155/76A/XS,h***3,281416570433,商场试穿过，但没有我的尺码，非行可惜。旗舰店找到真是开心，和另外一件一起买还有代金券减了40元，更加划算，非常满意，5分好评。,2016-08-05 13:47:03,4,0
356060330,颜色分类:黑/Black;尺码:175/92A/XL,石***6,281214134659,质量还行，有坏的地方就给更换了哈，特别显瘦，但是不知道会不会掉色，容易脱丝,2016-08-02 10:40:03,4,0
356060330,颜色分类:黑/Black;尺码:165/84A/M,陆***7,282670396755,超级显瘦！偏厚的，不过小肚子会有点突，这正好激发了我一直收腹挺胸。,2016-08-23 12:33:27,3,0
356060330,颜色分类:黑/Black;尺码:165/84A/M,立***4,275708331011,<b></b>裙<b></b>子<b></b>还<b></b>不<b></b>错<b></b>，<b></b>但<b></b>是<b></b>打<b></b>包<b></b>东<b></b>西<b></b>太<b></b>潦<b></b>草<b></b>了<b></b>！<b></b>卖<b></b>家<b></b>要<b></b>注<b></b>意<b></b>！<b></b>,2016-06-08 08:27:38,2,0
356060330,颜色分类:彩条 2;尺码:160/80A/S,s***0,280895356586,感觉有点缩水啊 针织的很厚 洗完晾晒也不太方便 款式倒是我喜欢的,2016-08-03 09:02:40,2,0
356060330,颜色分类:深蓝 Dark Blue;尺码:170/88A/L,米***7,281912515687,针织款有厚度，但是挺好看，会显肚子，要注意收腹,2016-08-10 14:49:04,4,0
356060330,颜色分类:彩条 2;尺码:165/84A/M,盛***华,282660613996,衣服穿上都说漂亮！也是他家的忠实粉丝！现在这个季节穿，刚刚好啊！,2016-08-22 11:42:28,4,0
356060330,颜色分类:黑/Black;尺码:175/92A/XL,我***的,282165156919,和实体店的一样，放心了，一开始购买还犹豫，质量可以，春秋穿，现在穿不了。,2016-08-15 12:53:01,0,0
356060330,颜色分类:彩条 2;尺码:170/88A/L,t***9,281184688124,喜欢，穿上特别轻松，还写针织的面料贴身也是比较舒适的。,2016-08-01 18:59:18,3,0
356060330,颜色分类:彩条 2;尺码:160/80A/S,纤***语,282915712109,<b></b>此<b></b>用<b></b>户<b></b>没<b></b>有<b></b>填<b></b>写<b></b>评<b></b>论<b></b>!<b></b>,2016-07-03 16:38:45,0,0
356060330,颜色分类:彩条 2;尺码:160/80A/S,非***猫,281242339185,这件衣服特别喜欢，是针织的，特别显身材，样式独特，这家的老顾客了，在这家买衣服，基本上不用退,2016-08-07 14:59:39,3,0
356060330,颜色分类:黑色/米色;尺码:160/80A/S,森***8,279836479701,看评价拍小一码正合适，很好看，喜欢，没有洗不知道会不会变形，打算干洗，很满意,2016-07-22 17:37:46,2,0
356060330,颜色分类:彩条 2;尺码:160/80A/S,t***2,283021712146,是真品的，收到有一点小质量问题，客服态度很好的处理了！还会光顾！,2016-08-22 09:55:30,3,0
356060330,颜色分类:彩条 2;尺码:170/88A/L,w***b,283597260094,好看！有些小问题客服很快帮忙解决了,2016-09-01 14:24:12,3,0
356060330,颜色分类:彩条 2;尺码:175/92A/XL,宋***3,275949453340,<b></b>此<b></b>用<b></b>户<b></b>没<b></b>有<b></b>填<b></b>写<b></b>评<b></b>论<b></b>!<b></b>,2016-06-08 23:16:19,2,0
356060330,颜色分类:彩条 2;尺码:155/76A/XS,k***6,282334560759,面料厚现在天太热穿不成，过几天稍微凉快了再穿，衣服估计是针织的缘故袖子后边那里有点翘，穿上还是很好看的,2016-08-15 14:53:42,4,0
356060330,颜色分类:黑/Black;尺码:170/88A/L,超***网,281583851810,衣服穿起来很好看。比我想的舒服多了。对于我这个胖子来说?????自我感觉不错,2016-08-10 05:53:15,4,2
356060330,颜色分类:黑/Black;尺码:165/84A/M,张***6,280374723215,穿着很显身材，有点儿厚，洗完发现裙子上有瑕疵，有点儿跳线了，有点儿小失望，提醒大家仔细检查之后再洗吧，品牌货也是会有问题的,2016-07-23 23:12:38,2,0
356060330,颜色分类:彩条 2;尺码:155/76A/XS,我***琴,280554327806,有点容易勾丝，也太厚了一点，但是在空调房还是能穿的。,2016-07-28 10:30:53,3,1
356060330,颜色分类:彩条 2;尺码:170/88A/L,米***6,282973076097,挺好看的，显瘦,2016-08-22 18:53:16,3,0
356060330,颜色分类:彩条 2;尺码:160/80A/S,丿***r,281456184854,现在穿有点厚，等到秋天就刚刚好了，很喜欢，跟实体店的一样！,2016-08-08 19:52:41,2,2
356060330,颜色分类:彩条 2;尺码:160/80A/S,宋***淘,280401472451,这件怎么感觉有点旧，颜色，穿着还行，厚，料子摸起来不是很顺滑。。。,2016-07-25 08:22:06,2,0
356060330,颜色分类:黑/Black;尺码:175/92A/XL,李***4,281751237829,<b></b>此<b></b>用<b></b>户<b></b>没<b></b>有<b></b>填<b></b>写<b></b>评<b></b>论<b></b>!<b></b>,2016-08-12 12:57:48,0,0
356060330,颜色分类:黑/Black;尺码:175/92A/XL,小***坊,280221128831,做工：有些线头，自己处理一下用针钩进去不明显了。很显瘦，同时买的另一款我的收着肚子才行，这款不收肚子也不明显。就是有点厚，夏天空调房可以穿。。,2016-07-26 14:35:17,3,0
356060330,颜色分类:黑/Black;尺码:165/84A/M,w***d,281412589219,应该容易变形，不过还是很喜欢,2016-08-04 23:18:20,0,1
356060330,颜色分类:彩条 2;尺码:160/80A/S,b***e,281004763139,终于等来了S号，实体店铺无此款，大小合适，很舒服,2016-08-02 11:04:11,3,1
356060330,颜色分类:黑色/米色;尺码:155/76A/XS,京***7,282961105228,穿着挺好看的，不错。,2016-08-23 14:29:42,0,0
356060330,颜色分类:黑/Black;尺码:175/92A/XL,t***8,282607786943,衣服太厚，腰那里脱线了，,2016-08-19 19:50:08,0,2
356060330,颜色分类:黑/Black;尺码:160/80A/S,约***y,283059622564,挺好的，穿着很好看,2016-08-22 15:52:38,3,0
356060330,颜色分类:黑/Black;尺码:165/84A/M,h***9,280639873018,做工还可以，很厚的针织衫。 尺码偏大，，有松紧的 无 不透明 还好，就是物流简直太慢了。第一次拍的时候很快，第二天到货，因为换货，客户让重拍一次，但是第二次物流太慢了。因为出差差点收不到货。,2016-07-28 17:25:50,3,0
356060330,颜色分类:彩条 2;尺码:165/84A/M,i***l,284321946161,不错 喜欢！,2016-09-05 21:10:05,3,0
356060330,颜色分类:黑/Black;尺码:165/84A/M,小***宝,280371687006,真的很漂亮，姐姐买了一件，我试了很喜欢，就买了，大爱噢,2016-07-24 22:10:56,0,1
356060330,颜色分类:黑/Black;尺码:175/92A/XL,石***6,281214134659,质量还行，有坏的地方就给更换了哈，特别显瘦，但是不知道会不会掉色，容易脱丝,2016-08-02 10:40:03,4,0
356060330,颜色分类:黑/Black;尺码:175/92A/XL,w***5,283575800824,是正品，发货也很快，满意,2016-09-01 11:10:31,3,0
356060330,颜色分类:黑/Black;尺码:165/84A/M,立***4,275708331011,<b></b>裙<b></b>子<b></b>还<b></b>不<b></b>错<b></b>，<b></b>但<b></b>是<b></b>打<b></b>包<b></b>东<b></b>西<b></b>太<b></b>潦<b></b>草<b></b>了<b></b>！<b></b>卖<b></b>家<b></b>要<b></b>注<b></b>意<b></b>！<b></b>,2016-06-08 08:27:38,2,0
356060330,颜色分类:黑/Black;尺码:175/92A/XL,w***3,280641869895,大一码，后买的亲们买偏小一码正合适。衣服厚，下雨天能穿。,2016-07-28 17:45:34,2,0
356060330,颜色分类:彩条 2;尺码:160/80A/S,s***0,280895356586,感觉有点缩水啊 针织的很厚 洗完晾晒也不太方便 款式倒是我喜欢的,2016-08-03 09:02:40,2,0
356060330,颜色分类:深蓝 Dark Blue;尺码:170/88A/L,米***7,281912515687,针织款有厚度，但是挺好看，会显肚子，要注意收腹,2016-08-10 14:49:04,4,0
356060330,颜色分类:黑/Black;尺码:155/76A/XS,黑***3,283978542249,物超所值,2016-09-03 19:08:06,2,0
356060330,颜色分类:彩条 2;尺码:160/80A/S,t***1,275674870267,<b></b>此<b></b>用<b></b>户<b></b>没<b></b>有<b></b>填<b></b>写<b></b>评<b></b>论<b></b>!<b></b>,2016-06-10 18:15:59,3,0
356060330,颜色分类:黑/Black;尺码:175/92A/XL,我***的,282165156919,和实体店的一样，放心了，一开始购买还犹豫，质量可以，春秋穿，现在穿不了。,2016-08-15 12:53:01,0,0
356060330,颜色分类:彩条 2;尺码:170/88A/L,t***9,281184688124,喜欢，穿上特别轻松，还写针织的面料贴身也是比较舒适的。,2016-08-01 18:59:18,3,0
356060330,颜色分类:彩条 2;尺码:160/80A/S,纤***语,282915712109,<b></b>此<b></b>用<b></b>户<b></b>没<b></b>有<b></b>填<b></b>写<b></b>评<b></b>论<b></b>!<b></b>,2016-07-03 16:38:45,0,0
356060330,颜色分类:彩条 2;尺码:160/80A/S,非***猫,281242339185,这件衣服特别喜欢，是针织的，特别显身材，样式独特，这家的老顾客了，在这家买衣服，基本上不用退,2016-08-07 14:59:39,3,0
356060330,颜色分类:深蓝 Dark Blue;尺码:165/84A/M,宫***6,280252012461,怎么说，好看是好看，都是说看，可是穿两次怎么有点起球了啊,2016-07-27 17:18:22,2,0
356060330,颜色分类:黑/Black;尺码:160/80A/S,a***1,281403355928,质量不错，很显腰细，本人160的个子，这款要配高跟的鞋穿，没有模特的大长腿。,2016-08-08 07:43:08,2,0
356060330,颜色分类:黑/Black;尺码:165/84A/M,番***饭,281006841747,正好 现在怀孕5个月了 穿起来还是很合适,2016-07-30 20:17:13,4,0
356060330,颜色分类:彩条 2;尺码:165/84A/M,t***1,280264419177,非常好，中间有插曲，都积极解决了，很减龄，青春洋溢的,2016-07-27 21:30:40,3,0
356060330,颜色分类:黑/Black;尺码:165/84A/M,t***9,281643124186,质量真的很好，穿着的效果也很好哦,2016-08-08 10:59:38,3,0
356060330,颜色分类:黑/Black;尺码:165/84A/M,l***1,281581865333,衣服黑色显瘦 很好看,2016-08-10 16:59:17,3,0
356060330,颜色分类:彩条 2;尺码:165/84A/M,尊***我,281958062006,"身高165,体重55公斤，穿M号很合身，而且很显腰身。",2016-08-12 11:14:30,0,0
356060330,颜色分类:黑/Black;尺码:175/92A/XL,林***1,280059298800,快递超级快。衣服是不错的。 除了我买大了。 还有有点厚,2016-07-24 20:37:29,2,0
356060330,颜色分类:黑/Black;尺码:160/80A/S,似***喜,282312358857,很显瘦 但是面料好厚 天气凉快一点穿,2016-08-15 07:00:37,3,0
356060330,颜色分类:彩条 2;尺码:160/80A/S,t***2,281423991011,一直想买，终于买到了，还五折，挺好的,2016-08-05 09:59:32,2,0
356060330,颜色分类:彩条 2;尺码:170/88A/L,f***0,281828215283,质量很好，就是太热，不知道什么时候穿合适，,2016-08-09 23:10:36,2,0
356060330,颜色分类:黑/Black;尺码:165/84A/M,a***妞,282351880765,快递很快 穿上很美也百搭，身高172体重120斤穿165合适,2016-08-18 16:27:49,3,0
356060330,颜色分类:黑/Black;尺码:155/76A/XS,米***夏,280828297782,衣服特别修身，就是有点厚。,2016-07-28 20:40:18,2,0
356060330,颜色分类:彩条 2;尺码:170/88A/L,夏***酱,280697246563,很喜欢，正合身！很垂的料子，就是厚了,2016-07-30 10:53:53,2,0
356060330,颜色分类:彩条 2;尺码:165/84A/M,l***o,282556146223,样子很喜欢啦，但是有处钩坏了，嫌麻烦就不退了。,2016-08-20 22:53:10,4,0
356060330,颜色分类:彩条 2;尺码:160/80A/S,于***3,281149042579,穿着没想象好看 还行吧,2016-08-05 00:12:44,0,0
356060330,颜色分类:彩条 2;尺码:155/76A/XS,芮***4,282003334643,<b></b>此<b></b>用<b></b>户<b></b>没<b></b>有<b></b>填<b></b>写<b></b>评<b></b>论<b></b>!<b></b>,2016-07-31 14:15:52,0,0
356060330,颜色分类:黑/Black;尺码:165/84A/M,t***o,281678555145,很不错，好看，就是有点厚了。,2016-08-09 16:16:19,3,0
356060330,颜色分类:黑/Black;尺码:160/80A/S,满***格,280202680037,质量很好没有别人说的线头多的问题,2016-07-25 12:30:52,4,0
356060330,颜色分类:彩条 2;尺码:165/84A/M,紫***风,281854410382,衣服很漂亮，太喜欢啦！下次会继续光临本店的。,2016-08-10 08:49:23,2,0
356060330,颜色分类:彩条 2;尺码:160/80A/S,c***6,280705475168,特别显身材，配色也漂亮，很不错！,2016-08-01 17:26:28,3,0
356060330,颜色分类:彩条 2;尺码:170/88A/L,c***6,280349186253,休闲又运动，很好穿，显瘦，好评,2016-07-27 16:20:02,3,0
356060330,颜色分类:彩条 2;尺码:165/84A/M,啊***9,282664520750,很有特色的连衣裙，好看~,2016-08-22 09:50:42,4,0
356060330,颜色分类:彩条 2;尺码:165/84A/M,s***3,281317968837,质量不错～款式好看,2016-08-04 12:41:04,4,0
356060330,颜色分类:彩条 2;尺码:165/84A/M,攀***h,282741693285,裙子还可以 显身材 挺喜欢,2016-08-19 19:04:46,0,0
356060330,颜色分类:黑/Black;尺码:175/92A/XL,w***英,280266410569,不错，穿上很合适呢！不错的一家店呢！,2016-07-24 11:58:13,0,0
356060330,颜色分类:黑/Black;尺码:170/88A/L,陈***6,280527861847,显瘦，非常漂亮,2016-07-30 08:03:58,2,0
356060330,颜色分类:彩条 2;尺码:165/84A/M,雪***2,280410538762,显瘦，显肤色很白，喜欢~~~~,2016-07-26 13:13:52,4,0
356060330,颜色分类:彩条 2;尺码:170/88A/L,w***4,280608622613,看着还行吧，还没洗，穿过之后再评论,2016-07-29 19:00:24,2,0
356060330,颜色分类:彩条 2;尺码:160/80A/S,孙***少,282164692752,很好，质量跟专卖店饿一样 无色差,2016-08-15 08:37:51,3,0
356060330,颜色分类:黑色/米色;尺码:170/88A/L,谢***1,280496151061,穿上很显身材，也很漂亮,2016-07-26 10:41:29,0,0
356060330,颜色分类:黑/Black;尺码:155/76A/XS,柳***i,276783877273,<b></b>本<b></b>来<b></b>想<b></b>退<b></b>的<b></b> <b></b>因<b></b>为<b></b>穿<b></b>着<b></b>太<b></b>紧<b></b>身<b></b>。<b></b>但<b></b>是<b></b>室<b></b>友<b></b>都<b></b>说<b></b>很<b></b>好<b></b>看<b></b> <b></b>就<b></b>留<b></b>下<b></b>了<b></b>～<b></b>发<b></b>的<b></b>顺<b></b>丰<b></b>快<b></b>递<b></b>呢<b></b>,2016-06-20 08:22:52,0,0
356060330,颜色分类:黑/Black;尺码:160/80A/S,夜***i,281710222544,<b></b>很<b></b>显<b></b>瘦<b></b>,2016-08-10 10:39:32,3,0
356060330,颜色分类:彩条 2;尺码:155/76A/XS,s***e,281454346647,还不错哈，上身效果很好！,2016-08-06 14:50:27,2,0
356060330,颜色分类:黑/Black;尺码:160/80A/S,d***培,280288182115,等着春秋穿。夏天不能穿。挺好看的,2016-07-27 16:08:24,2,0
356060330,颜色分类:黑/Black;尺码:170/88A/L,w***2,281929812402,很显瘦，夏天穿也不是太热,2016-08-11 22:44:47,3,0
356060330,颜色分类:深蓝 Dark Blue;尺码:160/80A/S,沛***3,280816072292,蓝色的真的非常好看,2016-08-01 08:50:57,3,0
356060330,颜色分类:彩条 2;尺码:165/84A/M,一***1,280470533141,炒鸡棒 好看,2016-07-27 22:57:29,2,0
356060330,颜色分类:黑/Black;尺码:165/84A/M,q***7,282223080205,好看，超显瘦～,2016-08-16 14:59:27,3,0
356060330,颜色分类:彩条 2;尺码:165/84A/M,蜡***象,281785648561,一次愉快的购物体验,2016-08-08 23:13:43,2,0
356060330,颜色分类:彩条 2;尺码:170/88A/L,小***4,282183684957,超级超级显瘦，大爱！！！,2016-08-15 15:55:26,4,0
356060330,颜色分类:黑/Black;尺码:175/92A/XL,m***1,281152127348,很不错，感觉大了，但是太喜欢，急着穿，就没有换货了,2016-08-05 02:48:11,3,0
356060330,颜色分类:彩条 2;尺码:160/80A/S,y***2,281587817287,同事都说好看，喜欢！,2016-08-11 10:04:06,2,0
356060330,颜色分类:深蓝 Dark Blue;尺码:160/80A/S,z***儿,279811397836,<b></b>此<b></b>用<b></b>户<b></b>没<b></b>有<b></b>填<b></b>写<b></b>评<b></b>论<b></b>!<b></b>,2016-07-22 12:26:51,2,0
356060330,颜色分类:黑/Black;尺码:170/88A/L,x***3,282332416564,还没有穿，囤货中，习惯好评,2016-08-15 09:45:17,3,0
356060330,颜色分类:彩条 2;尺码:160/80A/S,欧***3,282436950586,下次麻烦不要在发邮政咯,2016-08-15 16:12:41,3,0
356060330,颜色分类:彩条 2;尺码:165/84A/M,徐***军,281449906344,非常合身，158，102斤，m号,2016-08-08 15:42:05,4,0
356060330,颜色分类:黑/Black;尺码:160/80A/S,雨***蔡,281563137926,看起来很瘦,2016-08-08 20:51:31,3,0
356060330,颜色分类:彩条 2;尺码:165/84A/M,梦***硕,281278052791,不错，挺美的,2016-08-05 10:04:12,2,0
356060330,颜色分类:黑/Black;尺码:175/92A/XL,a***5,282461344516,超级显瘦，推荐,2016-08-16 15:46:22,4,0
356060330,颜色分类:黑/Black;尺码:160/80A/S,娄***琪,282111190981,超级喜欢 显瘦,2016-08-12 16:10:18,3,0
356060330,颜色分类:彩条 2;尺码:175/92A/XL,谢***非,282112084660,超显瘦！大爱,2016-08-14 11:30:22,3,0
356060330,颜色分类:黑/Black;尺码:175/92A/XL,b***9,282578152171,很漂亮，很好，会一直支持呢,2016-08-19 22:25:16,3,0
356060330,颜色分类:黑色/米色;尺码:160/80A/S,t***2,281242769211,型很不错,2016-08-04 12:40:06,4,0
356060330,颜色分类:彩条 2;尺码:170/88A/L,小***9,281079394029,后悔买了,2016-08-03 21:57:15,0,0
356060330,颜色分类:黑/Black;尺码:175/92A/XL,f***t,282335378544,质量很好。,2016-08-18 09:55:23,3,0
356060330,颜色分类:彩条 2;尺码:170/88A/L,遗***e,280609750795,还是得到实体店 ～,2016-07-26 16:50:02,2,0
356060330,颜色分类:深蓝 Dark Blue;尺码:170/88A/L,小***福,280204795773,挺好的，显瘦,2016-07-25 11:07:13,2,0
356060330,颜色分类:黑/Black;尺码:165/84A/M,i***i,282113531205,好评！物流神速！隔天到货！,2016-08-15 11:33:38,3,0
356060330,颜色分类:彩条 2;尺码:165/84A/M,张***4,281575919694,好评，－服务好。,2016-08-11 06:37:51,3,0
356060330,颜色分类:彩条 2;尺码:170/88A/L,包***都,281323930939,快递太慢了。,2016-08-05 14:31:59,3,0
356060330,颜色分类:黑/Black;尺码:165/84A/M,1***e,280563024356,非常显瘦，很喜欢,2016-07-26 09:28:05,2,0
356060330,颜色分类:黑/Black;尺码:165/84A/M,夏***6,281122283496,还可以，不错,2016-08-04 11:35:43,0,0
356060330,颜色分类:黑/Black;尺码:170/88A/L,小***乖,281449695949,很不错，很漂亮,2016-08-09 18:25:52,0,0
356060330,颜色分类:彩条 2;尺码:155/76A/XS,桑***3,281752018950,好评，非常满意,2016-08-12 15:20:34,2,0
356060330,颜色分类:彩条 2;尺码:170/88A/L,囡***n,279886002272,感觉这个天穿太厚了，稍微凉快一点再穿，不过原来没有尺码，后来又有了，感觉买大了，懒得换,2016-07-22 16:14:11,4,0
356060330,颜色分类:黑/Black;尺码:165/84A/M,t***6,279910571428,<b></b>此<b></b>用<b></b>户<b></b>没<b></b>有<b></b>填<b></b>写<b></b>评<b></b>论<b></b>!<b></b>,2016-07-15 11:27:55,2,0
356060330,颜色分类:黑/Black;尺码:160/80A/S,d***6,279946174975,很厚呢，确实要凉快点穿，不过超显身材。,2016-07-22 13:08:20,3,0
356060330,颜色分类:彩条 2;尺码:170/88A/L,歇***青,280007313474,<b></b>此<b></b>用<b></b>户<b></b>没<b></b>有<b></b>填<b></b>写<b></b>评<b></b>论<b></b>!<b></b>,2016-07-18 11:40:08,0,0
356060330,颜色分类:黑/Black;尺码:170/88A/L,x***n,279917845595,很漂亮，喜欢！,2016-07-22 22:47:27,4,0
356060330,颜色分类:黑/Black;尺码:165/84A/M,w***0,280841208563,好评 好评 好评 好评,2016-08-01 09:38:24,3,0
356060330,颜色分类:彩条 2;尺码:160/80A/S,t***1,280656340229,好,2016-07-28 20:48:22,3,0
356060330,颜色分类:彩条 2;尺码:165/84A/M,j***9,283659328951,很显瘦,2016-08-30 16:57:07,0,0
356060330,颜色分类:黑/Black;尺码:170/88A/L,蟹***瑞,282883884906,棒呆,2016-08-20 16:05:27,3,0
356060330,颜色分类:黑/Black;尺码:165/84A/M,z***h,284359764976,不错,2016-09-08 07:48:03,0,0
356060330,颜色分类:黑/Black;尺码:165/84A/M,p***y,282797564842,显瘦,2016-08-19 16:31:26,3,0
356060330,颜色分类:彩条 2;尺码:165/84A/M,t***5,291037205534,很喜欢,2016-11-10 12:28:07,3,0
356060330,颜色分类:黑/Black;尺码:155/76A/XS,a***4,280290367881,好,2016-07-28 10:32:47,3,0
356060330,颜色分类:黑/Black;尺码:165/84A/M,大***长,291654925582,<b></b>此<b></b>用<b></b>户<b></b>没<b></b>有<b></b>填<b></b>写<b></b>评<b></b>论<b></b>!<b></b>,2016-09-20 09:14:37,0,0
356060330,颜色分类:黑/Black;尺码:170/88A/L,石***6,281214134660,质量还行，有坏的地方就给更换了哈，特别显瘦，但是不知道会不会掉色，容易脱丝,2016-08-02 10:40:03,4,0
356060330,颜色分类:黑/Black;尺码:160/80A/S,谁***夜,282342953794,还可以,2016-08-14 15:33:09,3,0
356060330,颜色分类:深蓝 Dark Blue;尺码:160/80A/S,t***8,281610515857,好评,2016-08-07 11:40:49,0,0
356060330,颜色分类:黑色/米色;尺码:165/84A/M,w***8,281705932494,好评,2016-08-12 14:37:13,4,0
356060330,颜色分类:黑/Black;尺码:175/96A/XXL,墨***风,280665311236,做工：很显瘦。,2016-07-31 11:23:52,4,0
356060330,颜色分类:黑/Black;尺码:170/88A/L,p***a,282515205931,凑合,2016-08-20 16:51:19,3,0
356060330,颜色分类:黑/Black;尺码:160/80A/S,小***棒,280893204158,显瘦,2016-07-31 08:32:47,4,0
356060330,颜色分类:黑/Black;尺码:165/84A/M,s***n,281517603583,很喜欢,2016-08-05 13:46:53,3,0
356060330,颜色分类:黑/Black;尺码:155/76A/XS,小***上,283308790434,很漂亮,2016-08-25 12:37:01,2,0
356060330,颜色分类:深蓝 Dark Blue;尺码:155/76A/XS,y***3,288106747051,好,2016-10-14 11:02:49,0,0
356060330,颜色分类:黑/Black;尺码:160/80A/S,蓝***姐,280829978301,还不错,2016-07-29 22:56:19,3,0
356060330,颜色分类:黑/Black;尺码:160/80A/S,3***j,280895042019,挺好,2016-08-01 23:15:57,3,0
356060330,颜色分类:彩条 2;尺码:155/76A/XS,c***3,279877575032,此用户没有填写评论!,2016-07-19 14:22:20,3,0
356060330,颜色分类:彩条 2;尺码:175/92A/XL,m***2,276654461863,没有图片上颜色好看，不过上身效果不错,2016-06-17 10:27:59,4,0
356060330,颜色分类:黑色/米色;尺码:170/88A/L,曹***9,277683413185,此用户没有填写评论!,2016-06-28 16:48:03,0,0
356060330,颜色分类:彩条 2;尺码:165/84A/M,6***5,275517615975,发顺丰就是不一样，快！裙子也好看，比想象中略厚，但现在这种天气还是可以穿的，160高102斤M码正合适，就是不知道针织面料会不会越洗越大？,2016-06-08 23:04:50,3,0
356060330,颜色分类:黑/Black;尺码:175/92A/XL,心***7,281081885157,此用户没有填写评论!,2016-07-31 20:09:18,2,0
356060330,颜色分类:黑/Black;尺码:160/80A/S,c***宝,276644596820,<b></b>看<b></b>下<b></b>面<b></b>那<b></b>图<b></b>，<b></b>我<b></b>就<b></b>是<b></b>在<b></b>那<b></b>里<b></b>面<b></b>去<b></b>买<b></b>的<b></b>，<b></b>比<b></b>直<b></b>接<b></b>买<b></b>便<b></b>宜<b></b>好<b></b>多<b></b>，<b></b>我<b></b>总<b></b>的<b></b>算<b></b>下<b></b>来<b></b>才<b></b>2<b></b>0<b></b>不<b></b>到<b></b>就<b></b>到<b></b>手<b></b>了<b></b>，<b></b>刚<b></b>看<b></b>到<b></b>还<b></b>有<b></b>进<b></b>行<b></b>活<b></b>动<b></b>，<b></b>刚<b></b>叫<b></b>朋<b></b>友<b></b>也<b></b>去<b></b>买<b></b>了<b></b>，<b></b>真<b></b>心<b></b>是<b></b>感<b></b>觉<b></b>不<b></b>贵<b></b>，<b></b>非<b></b>常<b></b>的<b></b>实<b></b>惠<b></b>，<b></b>里<b></b>面<b></b>什<b></b>么<b></b>都<b></b>有<b></b>，<b></b>O<b></b>N<b></b>L<b></b>Y<b></b>夏<b></b>装<b></b>新<b></b>品<b></b>露<b></b>肩<b></b>修<b></b>身<b></b>针<b></b>织<b></b>连<b></b>衣<b></b>裙<b></b>女<b></b>|<b></b> <b></b>1<b></b>1<b></b>6<b></b>2<b></b>4<b></b>6<b></b>0<b></b>0<b></b>1<b></b>1<b></b>6<b></b>春<b></b>装<b></b>新<b></b>品<b></b> <b></b>，<b></b>露<b></b>肩<b></b>设<b></b>计<b></b>，<b></b> <b></b>条<b></b>纹<b></b>图<b></b>案<b></b> <b></b>，<b></b>很<b></b>满<b></b>意<b></b>的<b></b>一<b></b>次<b></b>网<b></b>购<b></b>，<b></b>衣<b></b>服<b></b>很<b></b>显<b></b>瘦<b></b>，<b></b>我<b></b>1<b></b>6<b></b>0<b></b>，<b></b>刚<b></b>好<b></b>到<b></b>膝<b></b>盖<b></b>上<b></b>面<b></b>，<b></b>喜<b></b>欢<b></b>这<b></b>个<b></b>长<b></b>度<b></b>，<b></b>垂<b></b>感<b></b>很<b></b>好<b></b>，<b></b>颜<b></b>色<b></b>也<b></b>很<b></b>漂<b></b>亮<b></b>，<b></b>就<b></b>是<b></b>感<b></b>觉<b></b>有<b></b>点<b></b>厚<b></b>，<b></b>不<b></b>知<b></b>道<b></b>穿<b></b>起<b></b>来<b></b>会<b></b>不<b></b>会<b></b>热<b></b>,2016-06-18 14:10:27,0,5
356060330,颜色分类:黑/Black;尺码:175/92A/XL,赵***7,275429327059,物流很快啊 当天就收到了,2016-06-06 21:36:24,4,0
356060330,颜色分类:彩条 2;尺码:160/80A/S,c***a,278333529606,<b></b>很<b></b>显<b></b>瘦<b></b>，<b></b>就<b></b>是<b></b>洗<b></b>了<b></b>以<b></b>后<b></b>衣<b></b>服<b></b>都<b></b>扯<b></b>长<b></b>了<b></b>，<b></b>唉<b></b>。<b></b>,2016-07-02 11:57:55,0,0
356060330,颜色分类:黑/Black;尺码:165/84A/M,f***c,269889566802,此用户没有填写评论!,2016-04-12 14:29:08,2,0
356060330,颜色分类:彩条 2;尺码:155/76A/XS,女***屋,277597898351,此用户没有填写评论!,2016-06-25 23:12:06,4,0
356060330,颜色分类:黑/Black;尺码:155/76A/XS,爱***嗳,281884772711,此用户没有填写评论!,2016-08-11 21:44:05,2,0
356060330,颜色分类:彩条 2;尺码:165/84A/M,z***2,276362074051,此用户没有填写评论!,2016-06-13 12:32:05,3,0
356060330,颜色分类:彩条 2;尺码:165/84A/M,x***6,271596042536,此用户没有填写评论!,2016-04-27 21:44:05,4,0
356060330,颜色分类:彩条 2;尺码:160/80A/S,小***贝,281573199717,此用户没有填写评论!,2016-08-10 15:31:24,4,0
356060330,颜色分类:黑/Black;尺码:165/84A/M,一***秋,276489664152,洗完后，即使是平铺晾干的，也会变的超长！！！反正是没法穿了！！！,2016-06-13 20:01:22,2,0
356060330,颜色分类:黑/Black;尺码:155/76A/XS,v***e,275750183433,等了3个月，终于等到降价了，试了试果然没失望,2016-06-08 03:59:02,2,0
356060330,颜色分类:彩条 2;尺码:155/76A/XS,t***5,276856834420,此用户没有填写评论!,2016-06-21 14:22:39,2,0
356060330,颜色分类:黑/Black;尺码:155/76A/XS,不***i,276719598793,此用户没有填写评论!,2016-06-18 23:31:36,3,0
356060330,颜色分类:彩条 2;尺码:170/88A/L,我***啊,277716531196,显瘦显腰细！！！！但是也显胸大(?_?)材质有点厚~不过总体很不错哒，好看,2016-07-01 08:02:38,0,0
356060330,颜色分类:彩条 2;尺码:170/88A/L,曼***a,277207255222,此用户没有填写评论!,2016-06-22 09:42:43,4,0
356060330,颜色分类:彩条 2;尺码:155/76A/XS,w***7,275625266971,裙裙很美  稍有点厚  但是款式真的太美了  好喜欢后背的设计....暂时还没有拍照  等有照片了再来评价....,2016-06-09 16:40:24,2,1
356060330,颜色分类:黑/Black;尺码:170/88A/L,紫***烟,275825729051,此用户没有填写评论!,2016-06-08 20:28:23,4,0
356060330,颜色分类:彩条 2;尺码:165/84A/M,d***7,276692185116,henhao 不错,2016-06-19 22:57:12,3,0
356060330,颜色分类:彩条 2;尺码:165/84A/M,c***3,276298367756,此用户没有填写评论!,2016-06-16 12:44:14,0,0
356060330,颜色分类:彩条 2;尺码:165/84A/M,g***a,277462916802,好评好评,2016-06-26 17:42:44,4,0
356060330,颜色分类:彩条 2;尺码:160/80A/S,霏***3,277775824840,特别满意的裙子，就是夏天穿针织的会有点热，款式很棒，穿着不会很显肚子，又很显胳膊瘦，确实有个大家都反应的问题存在，越洗越长，这可怎么办，多洗几次会不会变长裙了，不过那不是赚到了,2016-06-27 21:39:11,4,0
356060330,颜色分类:彩条 2;尺码:165/84A/M,t***2,277309663460,挺好看,2016-06-26 12:54:49,3,0
356060330,颜色分类:黑/Black;尺码:165/84A/M,水***吉,276324185503,此用户没有填写评论!,2016-06-17 09:04:03,4,0
356060330,颜色分类:黑/Black;尺码:165/84A/M,兰***4,278886068329,喜欢,2016-07-10 09:14:18,4,0
356060330,颜色分类:黑/Black;尺码:175/92A/XL,1***拾,275718539626,此用户没有填写评论!,2016-06-09 12:06:00,0,0
356060330,颜色分类:彩条 2;尺码:165/84A/M,徐***1,275760417031,此用户没有填写评论!,2016-06-08 09:20:43,3,0
356060330,颜色分类:黑/Black;尺码:175/92A/XL,z***6,276524234113,<b></b>好<b></b>看<b></b> <b></b>显<b></b>瘦<b></b>,2016-06-14 20:30:52,0,0
356060330,颜色分类:彩条 2;尺码:170/88A/L,c***e,278158030308,显瘦，就有点热,2016-07-02 22:02:15,0,0
356060330,颜色分类:黑/Black;尺码:170/88A/L,f***范,276499322998,此用户没有填写评论!,2016-06-16 09:05:10,2,0
356060330,颜色分类:深蓝 Dark Blue;尺码:175/92A/XL,王***7,272023974847,特好,2016-05-01 17:35:16,4,0
356060330,颜色分类:黑/Black;尺码:160/80A/S,张***1,276040810924,做活动买的，很划算，瘦身效果好，物流也非常快，大爱。,2016-06-11 16:37:59,3,0
356060330,颜色分类:黑色/米色;尺码:165/84A/M,y***8,276690125144,非常漂亮，同事问都说好看，非常显瘦，很舒服，面料也好，,2016-06-16 00:38:04,0,0
356060330,颜色分类:彩条 2;尺码:160/80A/S,布***a,275897729817,很好看，料子很有彈性,2016-06-11 07:58:24,2,0
356060330,颜色分类:彩条 2;尺码:175/92A/XL,陈***宝,276986885373,此用户没有填写评论!,2016-06-21 19:32:07,4,0
356060330,颜色分类:黑/Black;尺码:155/76A/XS,4***w,276097453104,大爱＼(^o^)／168，98斤，xs长短，大小正好,2016-06-10 08:46:33,4,0
356060330,颜色分类:黑色/米色;尺码:160/80A/S,帆***宝,282790434151,此用户没有填写评论!,2016-08-22 16:31:43,4,0
356060330,颜色分类:黑/Black;尺码:155/76A/XS,d***2,275271320927,才买的 就降价还是一半的价格,2016-06-05 11:49:20,0,0
356060330,颜色分类:彩条 2;尺码:165/84A/M,g***g,276792915819,正品,2016-06-17 18:06:41,3,0
356060330,颜色分类:彩条 2;尺码:160/80A/S,纤***0,276077584114,好,2016-06-09 17:10:01,4,0
356060330,颜色分类:黑/Black;尺码:165/84A/M,p***1,276244287503,此用户没有填写评论!,2016-06-15 13:50:06,4,0
356060330,颜色分类:黑/Black;尺码:155/76A/XS,h***2,274170554223,好评！,2016-05-22 23:09:10,3,0
356060330,颜色分类:彩条 2;尺码:175/92A/XL,杜***泉,276948114532,此用户没有填写评论!,2016-06-22 00:02:08,0,0
356060330,颜色分类:黑/Black;尺码:170/88A/L,r***i,279637380571,质量特别好，大赞,2016-07-18 11:59:28,2,0
356060330,颜色分类:黑/Black;尺码:160/80A/S,0***笑,280672630572,此用户没有填写评论!,2016-07-27 09:26:36,4,0
356060330,颜色分类:黑/Black;尺码:170/88A/L,辰***1,275736670348,<b></b>很<b></b>不<b></b>错<b></b>哦<b></b>！<b></b>发<b></b>货<b></b>也<b></b>快<b></b>！<b></b>试<b></b>了<b></b>下<b></b>正<b></b>好<b></b>，<b></b>6<b></b>6<b></b>特<b></b>价<b></b>买<b></b>的<b></b>，<b></b>比<b></b>实<b></b>体<b></b>店<b></b>便<b></b>宜<b></b>一<b></b>半<b></b>。<b></b>上<b></b>身<b></b>后<b></b>再<b></b>拍<b></b>照<b></b>上<b></b>图<b></b>,2016-06-08 14:59:37,0,0
356060330,颜色分类:彩条 2;尺码:165/84A/M,s***q,277963514009,此用户没有填写评论!,2016-06-29 13:17:04,3,0
356060330,颜色分类:彩条 2;尺码:175/92A/XL,g***3,278260513667,此用户没有填写评论!,2016-07-04 19:39:56,4,0
356060330,颜色分类:黑/Black;尺码:175/92A/XL,a***微,277559815085,此用户没有填写评论!,2016-06-25 12:43:02,2,0
356060330,颜色分类:彩条 2;尺码:155/76A/XS,x***e,275689894307,买之前一直犹豫 担心彩花色太花了 拿到手果然很花 这个色有点显手臂粗。面料厚实 手感柔软 拿起很有份量，担心洗了会下垂变形 。光线暗了 将就看吧,2016-06-10 20:07:17,2,1
356060330,颜色分类:黑/Black;尺码:175/96A/XXL,c***n,268109582703,此用户没有填写评论!,2016-03-24 08:08:07,4,0
356060330,颜色分类:黑/Black;尺码:160/80A/S,t***9,277462847908,此用户没有填写评论!,2016-06-28 14:34:39,2,0
